Tiempo_min,Voltaje_V,Corriente_A,mAh_Consumidos


0.54,8.37,0.99,0.00


0.56,7.70,1.20,0.34


0.57,7.73,1.12,0.66


0.59,7.74,1.20,0.99


0.61,7.79,1.12,1.31


0.62,7.74,1.07,1.61


0.64,7.76,1.20,1.95


0.66,7.77,1.15,2.28


0.68,7.77,1.15,2.60


0.69,7.79,1.07,2.90


0.71,7.79,1.12,3.22


0.73,7.80,1.02,3.51


0.74,7.80,1.02,3.79


0.76,7.79,1.15,4.12


0.78,7.77,0.91,4.38


0.79,7.78,1.02,4.66


0.81,7.80,1.12,4.98


0.83,7.76,1.20,5.32


0.84,7.82,1.07,5.62


0.86,7.80,0.96,5.89


0.88,7.81,0.86,6.14


0.90,7.82,1.07,6.44


0.91,7.78,1.10,6.75


0.93,7.80,0.94,7.01


0.95,7.82,1.02,7.30


0.96,7.80,0.99,7.58


0.98,7.81,1.07,7.88


1.00,7.82,1.02,8.17


1.01,7.83,0.91,8.43


1.03,7.81,1.04,8.72


1.05,7.80,0.99,9.00


1.06,7.84,0.86,9.24


1.08,7.81,0.89,9.49


1.10,7.82,1.04,9.79


1.12,7.81,1.04,10.08


1.13,7.84,0.86,10.32


1.15,7.82,0.91,10.58


1.17,7.83,0.99,10.86


1.18,7.80,0.81,11.09


1.20,7.80,0.86,11.33


1.22,7.82,0.99,11.61


1.23,7.84,0.94,11.87


1.25,7.84,0.99,12.15


1.27,7.82,1.04,12.45


1.28,7.81,0.94,12.71


1.30,7.83,0.94,12.98


1.32,7.84,0.94,13.24


1.34,7.83,1.12,13.56


1.35,7.81,0.94,13.82


1.37,7.84,0.81,14.05


1.39,7.82,1.07,14.35


1.40,7.82,1.10,14.66


1.42,7.84,0.96,14.94


1.44,7.81,0.83,15.17


1.45,7.82,0.91,15.43


1.47,7.81,0.89,15.68


1.49,7.82,1.02,15.96


1.50,7.81,1.12,16.28


1.52,7.82,1.02,16.57


1.54,7.82,0.75,16.78


1.56,7.84,0.91,17.04


1.57,7.82,0.96,17.31


1.59,7.82,0.99,17.59


1.61,7.83,0.99,17.87


1.62,7.80,0.94,18.13


1.64,7.84,1.07,18.44


1.66,7.77,0.91,18.69


1.67,7.80,0.96,18.96


1.69,7.80,0.94,19.23


1.71,7.80,0.86,19.47


1.72,7.79,0.96,19.74


1.74,7.79,0.86,19.99


1.76,7.82,0.91,20.24


1.78,7.80,1.02,20.53


1.79,7.76,0.91,20.79


1.81,7.78,0.94,21.05


1.83,7.80,1.07,21.35


1.84,7.80,0.73,21.56


1.86,7.78,0.94,21.82


1.88,7.79,0.83,22.06


1.89,7.80,0.91,22.32


1.91,7.83,0.83,22.55


1.93,7.80,1.10,22.86


1.94,7.81,0.94,23.13


1.96,7.78,0.83,23.36


1.98,7.80,0.89,23.61


2.00,7.82,1.04,23.90


2.01,7.82,0.83,24.14


2.03,7.82,1.04,24.43


2.05,7.82,0.94,24.70


2.06,7.79,0.83,24.93


2.08,7.80,0.94,25.20


2.10,7.80,0.99,25.48


2.11,7.81,0.89,25.73


2.13,7.81,0.81,25.96


2.15,7.83,0.75,26.17


2.16,7.80,1.04,26.46


2.18,7.82,0.86,26.70


2.20,7.82,0.96,26.98


2.22,7.82,0.94,27.24


2.23,7.82,0.96,27.51


2.25,7.82,0.91,27.77


2.27,7.83,0.91,28.03


2.28,7.80,1.02,28.32


2.30,7.82,0.94,28.58


2.32,7.84,0.89,28.83


2.33,7.82,0.73,29.04


2.35,7.81,1.04,29.33


2.37,7.83,0.81,29.56


2.38,7.79,0.73,29.76


2.40,7.81,0.91,30.02


2.42,7.80,0.94,30.28


2.44,7.82,0.78,30.50


2.45,7.79,0.99,30.78


2.47,7.82,0.94,31.05


2.49,7.80,0.89,31.30


2.50,7.81,0.81,31.53


2.52,7.83,0.78,31.75


2.54,7.80,0.81,31.97


2.55,7.81,0.96,32.25


2.57,7.81,0.86,32.49


2.59,7.80,1.02,32.77


2.60,7.82,0.89,33.02


2.62,7.82,0.91,33.28


2.64,7.81,0.94,33.55


2.66,7.81,0.83,33.78


2.67,7.82,0.89,34.03


2.69,7.80,0.75,34.24


2.71,7.80,0.86,34.49


2.72,7.80,0.86,34.73


2.74,7.80,0.86,34.97


2.76,7.82,0.89,35.22


2.77,7.82,0.99,35.50


2.79,7.78,0.94,35.77


2.81,7.79,0.89,36.02


2.82,7.81,0.99,36.29


2.84,7.80,0.99,36.57


2.86,7.84,0.91,36.83


2.88,7.78,0.91,37.09


2.89,7.81,0.83,37.32


2.91,7.82,0.75,37.54


2.93,7.83,0.89,37.79


2.94,7.78,0.94,38.05


2.96,7.81,0.89,38.30


2.98,7.82,0.94,38.57


2.99,7.82,0.91,38.82


3.01,7.84,0.81,39.05


3.03,7.81,0.78,39.27


3.04,7.83,0.89,39.52


3.06,7.81,0.81,39.75


3.08,7.81,0.83,39.98


3.10,7.82,0.91,40.24


3.11,7.81,0.83,40.47


3.13,7.82,0.83,40.71


3.15,7.80,0.99,40.99


3.16,7.80,0.89,41.24


3.18,7.81,0.81,41.47


3.20,7.79,0.83,41.70


3.21,7.81,0.96,41.97


3.23,7.80,0.81,42.20


3.25,7.78,0.83,42.44


3.26,7.80,0.86,42.68


3.28,7.82,0.78,42.90


3.30,7.82,0.81,43.13


3.32,7.82,0.78,43.35


3.33,7.82,0.81,43.57


3.35,7.79,0.99,43.85


3.37,7.80,0.75,44.06


3.38,7.78,0.83,44.30


3.40,7.79,0.96,44.57


3.42,7.86,1.04,44.87


3.43,7.81,0.91,45.12


3.45,7.83,0.91,45.38


3.47,7.80,0.89,45.63


3.48,7.80,0.70,45.83


3.50,7.82,0.94,46.09


3.52,7.80,0.86,46.34


3.54,7.82,0.86,46.58


3.55,7.82,0.96,46.85


3.57,7.83,0.86,47.09


3.59,7.82,0.94,47.36


3.60,7.80,0.94,47.62


3.62,7.79,0.73,47.83


3.64,7.80,0.78,48.05


3.65,7.80,0.86,48.29


3.67,7.81,0.99,48.57


3.69,7.80,0.89,48.82


3.70,7.81,0.89,49.07


3.72,7.82,0.89,49.32


3.74,7.79,0.83,49.55


3.76,7.80,0.94,49.82


3.77,7.80,0.94,50.08


3.79,7.82,0.78,50.30


3.81,7.84,0.91,50.56


3.82,7.82,0.86,50.80


3.84,7.82,0.81,51.03


3.86,7.82,0.78,51.25


3.87,7.85,0.99,51.53


3.89,7.81,0.94,51.79


3.91,7.84,0.78,52.01


3.92,7.82,0.91,52.27


3.94,7.80,0.91,52.53


3.96,7.84,0.89,52.78


3.98,7.82,0.78,53.00


3.99,7.82,1.04,53.29


4.01,7.80,0.73,53.50


4.03,7.80,0.73,53.70


4.04,7.82,0.83,53.94


4.06,7.84,0.91,54.20


4.08,7.78,0.73,54.40


4.09,7.82,0.75,54.61


4.11,7.82,0.65,54.80


4.13,7.80,0.86,55.04


4.14,7.82,0.91,55.30


4.16,7.80,0.96,55.57


4.18,7.82,0.91,55.83


4.20,7.84,0.81,56.05


4.21,7.82,0.81,56.28


4.23,7.82,0.78,56.50


4.25,7.80,0.83,56.74


4.26,7.79,0.89,56.99


4.28,7.83,0.91,57.24


4.30,7.81,0.94,57.51


4.31,7.81,0.94,57.77


4.33,7.81,0.91,58.03


4.35,7.82,0.94,58.29


4.36,7.80,0.89,58.54


4.38,7.81,0.89,58.79


4.40,7.80,0.89,59.04


4.42,7.83,0.83,59.28


4.43,7.82,0.83,59.51


4.45,7.82,0.89,59.76


4.47,7.81,0.81,59.99


4.48,7.81,0.78,60.21


4.50,7.82,0.75,60.42


4.52,7.78,0.89,60.67


4.53,7.81,0.86,60.92


4.55,7.81,0.91,61.17


4.57,7.82,0.73,61.38


4.58,7.80,0.89,61.63


4.60,7.80,0.70,61.83


4.62,7.82,0.83,62.06


4.64,7.83,0.81,62.29


4.65,7.80,0.70,62.49


4.67,7.82,0.75,62.70


4.69,7.81,0.89,62.95


4.70,7.83,0.86,63.19


4.72,7.79,0.83,63.43


4.74,7.81,0.99,63.70


4.75,7.81,0.91,63.96


4.77,7.80,0.73,64.17


4.79,7.78,0.91,64.42


4.80,7.79,0.78,64.64


4.82,7.81,0.81,64.87


4.84,7.79,0.91,65.13


4.86,7.80,0.75,65.34


4.87,7.81,0.91,65.60


4.89,7.80,0.78,65.82


4.91,7.80,0.75,66.03


4.92,7.80,0.99,66.31


4.94,7.82,0.81,66.54


4.96,7.82,0.89,66.79


4.97,7.82,0.89,67.04


4.99,7.80,0.91,67.30


5.01,7.81,0.86,67.54


5.02,7.79,0.81,67.76


5.04,7.82,0.83,68.00


5.06,7.78,0.86,68.24


5.08,7.81,0.62,68.42


5.09,7.80,0.81,68.64


5.11,7.81,0.67,68.84


5.13,7.80,0.70,69.03


5.14,7.80,0.78,69.25


5.16,7.82,0.89,69.50


5.18,7.81,0.75,69.72


5.19,7.80,0.70,69.91


5.21,7.80,0.94,70.18


5.23,7.83,0.91,70.43


5.24,7.82,0.99,70.71


5.26,7.81,0.83,70.95


5.28,7.80,0.75,71.16


5.30,7.78,0.91,71.42


5.31,7.83,0.89,71.67


5.33,7.78,1.02,71.96


5.35,7.80,0.89,72.21


5.36,7.80,0.78,72.43


5.38,7.77,0.70,72.62


5.40,7.81,0.86,72.87


5.41,7.80,0.73,73.07


5.43,7.82,0.91,73.33


5.45,7.80,0.78,73.55


5.46,7.80,0.83,73.78


5.48,7.81,0.81,74.01


5.50,7.80,0.94,74.28


5.52,7.79,0.81,74.50


5.53,7.82,0.75,74.72


5.55,7.81,0.86,74.96


5.57,7.79,0.83,75.19


5.58,7.80,0.86,75.43


5.60,7.80,0.78,75.66


5.62,7.80,0.91,75.91


5.63,7.78,0.81,76.14


5.65,7.80,0.75,76.35


5.67,7.81,0.78,76.57


5.68,7.82,0.91,76.83


5.70,7.82,0.86,77.07


5.72,7.79,0.81,77.30


5.74,7.80,0.70,77.50


5.75,7.82,0.83,77.73


5.77,7.81,0.89,77.98


5.79,7.81,0.75,78.19


5.80,7.80,0.89,78.44


5.82,7.82,0.78,78.66


5.84,7.79,0.73,78.87


5.85,7.80,0.78,79.09


5.87,7.81,0.83,79.32


5.89,7.79,0.86,79.57


5.90,7.80,0.86,79.81


5.92,7.82,0.83,80.04


5.94,7.79,0.81,80.27


5.96,7.78,0.89,80.52


5.97,7.81,0.81,80.75


5.99,7.80,0.78,80.97


6.01,7.79,0.86,81.21


6.02,7.79,0.94,81.48


6.04,7.78,0.83,81.71


6.06,7.78,0.75,81.92


6.07,7.78,0.83,82.16


6.09,7.80,0.83,82.39


6.11,7.78,0.86,82.64


6.12,7.78,0.78,82.86


6.14,7.82,0.94,83.12


6.16,7.79,0.94,83.38


6.18,7.80,0.91,83.64


6.19,7.80,0.75,83.85


6.21,7.78,0.75,84.07


6.23,7.79,0.75,84.28


6.24,7.79,0.78,84.50


6.26,7.79,0.89,84.75


6.28,7.79,0.67,84.94


6.29,7.80,0.73,85.14


6.31,7.80,0.78,85.36


6.33,7.79,0.89,85.61


6.34,7.81,0.96,85.89


6.36,7.82,0.94,86.15


6.38,7.80,0.78,86.37


6.40,7.78,0.62,86.55


6.41,7.81,0.78,86.77


6.43,7.78,0.83,87.00


6.45,7.80,0.86,87.24


6.46,7.80,0.89,87.49


6.48,7.80,0.81,87.72


6.50,7.81,0.75,87.93


6.51,7.80,0.73,88.14


6.53,7.78,0.73,88.34


6.55,7.78,0.75,88.56


6.56,7.78,0.73,88.76


6.58,7.80,0.86,89.00


6.60,7.81,0.65,89.19


6.62,7.80,0.78,89.41


6.63,7.79,0.89,89.66


6.65,7.80,0.89,89.91


6.67,7.81,0.73,90.11


6.68,7.82,0.65,90.29


6.70,7.77,0.67,90.49


6.72,7.82,0.83,90.72


6.73,7.80,0.73,90.93


6.75,7.79,0.89,91.18


6.77,7.78,0.73,91.38


6.78,7.79,0.83,91.62


6.80,7.80,0.78,91.84


6.82,7.80,0.91,92.09


6.84,7.76,0.78,92.31


6.85,7.78,0.70,92.51


6.87,7.81,0.91,92.77


6.89,7.81,0.65,92.95


6.90,7.80,0.83,93.18


6.92,7.82,0.70,93.38


6.94,7.78,0.83,93.62


6.95,7.78,0.75,93.83


6.97,7.78,0.78,94.05


6.99,7.78,0.99,94.33


7.00,7.80,0.81,94.56


7.02,7.79,0.78,94.78


7.04,7.77,0.65,94.96


7.06,7.79,0.91,95.22


7.07,7.78,0.96,95.49


7.09,7.77,0.91,95.75


7.11,7.78,0.78,95.97


7.12,7.79,0.86,96.21


7.14,7.82,0.91,96.47


7.16,7.82,0.75,96.68


7.17,7.78,0.86,96.92


7.19,7.80,0.75,97.13


7.21,7.81,0.91,97.39


7.22,7.79,0.89,97.64


7.24,7.79,0.91,97.90


7.26,7.80,0.89,98.15


7.28,7.79,0.70,98.35


7.29,7.78,0.73,98.55


7.31,7.79,0.78,98.77


7.33,7.76,0.78,98.99


7.34,7.79,0.67,99.18


7.36,7.81,0.86,99.42


7.38,7.76,0.91,99.68


7.39,7.78,1.04,99.97


7.41,7.78,0.91,100.23


7.43,7.79,0.99,100.51


7.44,7.77,0.91,100.77


7.46,7.78,0.83,101.00


7.48,7.78,0.91,101.26


7.50,7.78,0.86,101.50


7.51,7.79,0.75,101.72


7.53,7.80,0.62,101.89


7.55,7.80,0.81,102.12


7.56,7.78,0.75,102.33


7.58,7.79,0.70,102.53


7.60,7.78,0.91,102.79


7.61,7.79,0.91,103.04


7.63,7.79,0.83,103.28


7.65,7.78,0.70,103.48


7.66,7.80,0.75,103.69


7.68,7.76,0.86,103.93


7.70,7.80,0.91,104.19


7.72,7.78,0.96,104.46


7.73,7.78,0.83,104.70


7.75,7.79,0.83,104.93


7.77,7.79,0.81,105.16


7.78,7.77,0.86,105.40


7.80,7.78,0.96,105.67


7.82,7.78,0.94,105.94


7.83,7.78,0.75,106.15


7.85,7.79,0.99,106.43


7.87,7.80,0.78,106.65


7.88,7.80,0.94,106.91


7.90,7.80,0.78,107.13


7.92,7.78,0.83,107.37


7.94,7.80,0.73,107.57


7.95,7.79,0.83,107.81


7.97,7.81,0.89,108.06


7.99,7.77,0.75,108.27


8.00,7.78,0.73,108.48


8.02,7.78,0.91,108.73


8.04,7.78,0.96,109.01


8.05,7.80,0.83,109.24


8.07,7.78,0.89,109.49


8.09,7.77,0.83,109.73


8.10,7.80,0.81,109.95


8.12,7.81,0.89,110.20


8.14,7.78,0.89,110.45


8.16,7.78,0.86,110.70


8.17,7.76,0.75,110.91


8.19,7.80,0.81,111.14


8.21,7.79,0.81,111.36


8.22,7.79,0.81,111.59


8.24,7.76,0.78,111.81


8.26,7.77,0.78,112.03


8.27,7.80,0.78,112.25


8.29,7.76,0.86,112.49


8.31,7.78,0.67,112.68


8.32,7.76,0.91,112.94


8.34,7.80,0.91,113.20


8.36,7.78,0.73,113.40


8.38,7.78,0.67,113.59


8.39,7.78,0.83,113.83


8.41,7.80,0.89,114.08


8.43,7.77,0.73,114.28


8.44,7.76,0.86,114.52


8.46,7.78,0.83,114.76


8.48,7.80,0.78,114.98


8.49,7.78,0.99,115.26


8.51,7.80,0.94,115.52


8.53,7.78,0.73,115.73


8.54,7.76,0.83,115.96


8.56,7.79,0.78,116.18


8.58,7.81,0.65,116.37


8.60,7.76,0.73,116.57


8.61,7.79,0.83,116.81


8.63,7.78,0.83,117.04


8.65,7.78,0.91,117.30


8.66,7.80,0.78,117.52


8.68,7.79,0.96,117.79


8.70,7.80,0.91,118.05


8.71,7.79,0.89,118.30


8.73,7.76,0.94,118.56


8.75,7.75,0.94,118.83


8.76,7.76,0.86,119.07


8.78,7.78,0.83,119.31


8.80,7.78,0.81,119.53


8.82,7.78,0.78,119.75


8.83,7.78,0.70,119.95


8.85,7.80,0.91,120.21


8.87,7.80,0.78,120.43


8.88,7.79,0.91,120.68


8.90,7.76,0.78,120.90


8.92,7.81,0.73,121.11


8.93,7.76,0.75,121.32


8.95,7.78,0.67,121.51


8.97,7.79,0.86,121.75


8.98,7.77,0.91,122.01


9.00,7.78,0.99,122.29


9.02,7.78,0.78,122.51


9.04,7.77,0.99,122.79


9.05,7.79,0.89,123.04


9.07,7.80,0.78,123.26


9.09,7.80,0.78,123.48


9.10,7.80,0.67,123.67


9.12,7.79,0.78,123.89


9.14,7.77,0.73,124.10


9.15,7.79,0.96,124.37


9.17,7.78,0.94,124.63


9.19,7.78,0.94,124.90


9.20,7.77,0.78,125.12


9.22,7.77,0.89,125.37


9.24,7.78,0.81,125.60


9.26,7.78,0.81,125.82


9.27,7.79,0.78,126.04


9.29,7.78,0.91,126.30


9.31,7.78,0.81,126.53


9.32,7.77,0.91,126.79


9.34,7.76,0.89,127.04


9.36,7.75,0.86,127.28


9.37,7.76,1.07,127.58


9.39,7.76,0.65,127.76


9.41,7.77,0.91,128.02


9.42,7.78,0.86,128.26


9.44,7.79,0.73,128.47


9.46,7.78,0.86,128.71


9.48,7.77,0.78,128.93


9.49,7.77,0.83,129.16


9.51,7.76,0.91,129.42


9.53,7.79,0.78,129.64


9.54,7.79,0.86,129.88


9.56,7.77,0.73,130.09


9.58,7.75,0.73,130.29


9.59,7.77,0.91,130.55


9.61,7.77,0.91,130.81


9.63,7.77,0.94,131.07


9.64,7.78,0.62,131.25


9.66,7.75,0.83,131.48


9.68,7.79,0.94,131.75


9.70,7.77,0.83,131.98


9.71,7.78,1.02,132.27


9.73,7.78,0.86,132.51


9.75,7.78,0.86,132.76


9.76,7.76,0.75,132.97


9.78,7.75,0.86,133.21


9.80,7.77,0.78,133.43


9.81,7.76,0.89,133.68


9.83,7.74,0.83,133.92


9.85,7.76,0.86,134.16


9.86,7.77,0.75,134.37


9.88,7.76,0.94,134.63


9.90,7.75,0.91,134.89


9.92,7.75,0.70,135.09


9.93,7.75,0.91,135.35


9.95,7.78,0.81,135.57


9.97,7.76,0.73,135.78


9.98,7.75,0.91,136.04


10.00,7.75,0.65,136.22


10.02,7.76,0.81,136.45


10.03,7.75,0.96,136.72


10.05,7.76,0.81,136.95


10.07,7.79,0.96,137.22


10.08,7.73,0.86,137.46


10.10,7.74,0.75,137.68


10.12,7.79,0.75,137.89


10.14,7.76,0.78,138.11


10.15,7.73,0.83,138.34


10.17,7.74,0.62,138.52


10.19,7.76,0.75,138.73


10.20,7.76,0.91,138.99


10.22,7.78,0.78,139.21


10.24,7.75,0.86,139.45


10.25,7.76,0.91,139.71


10.27,7.75,0.89,139.96


10.29,7.75,0.99,140.24


10.30,7.73,0.86,140.48


10.32,7.77,0.81,140.71


10.34,7.76,0.75,140.92


10.36,7.74,0.70,141.12


10.37,7.78,0.86,141.36


10.39,7.76,0.83,141.59


10.41,7.74,0.83,141.83


10.42,7.77,0.86,142.07


10.44,7.74,0.91,142.33


10.46,7.75,0.57,142.49


10.47,7.76,0.91,142.75


10.49,7.75,0.67,142.94


10.51,7.74,0.73,143.14


10.52,7.75,0.83,143.38


10.54,7.76,0.83,143.61


10.56,7.77,0.75,143.82


10.58,7.76,0.75,144.04


10.59,7.76,0.83,144.27


10.61,7.76,0.75,144.48


10.63,7.75,0.75,144.70


10.64,7.77,0.86,144.94


10.66,7.77,0.73,145.14


10.68,7.77,0.73,145.35


10.69,7.74,0.78,145.57


10.71,7.75,0.81,145.80


10.73,7.74,0.91,146.05


10.74,7.76,0.83,146.29


10.76,7.74,0.83,146.52


10.78,7.75,0.96,146.80


10.80,7.74,0.70,146.99


10.81,7.76,0.86,147.24


10.83,7.75,0.83,147.47


10.85,7.74,0.96,147.74


10.86,7.75,0.75,147.96


10.88,7.74,0.86,148.20


10.90,7.76,0.70,148.40


10.91,7.76,0.96,148.67


10.93,7.74,1.02,148.96


10.95,7.75,0.75,149.17


10.96,7.75,0.96,149.44


10.98,7.75,0.89,149.69


11.00,7.76,0.75,149.90


11.02,7.77,0.65,150.09


11.03,7.79,0.75,150.30


11.05,7.77,0.83,150.53


11.07,7.75,0.86,150.78


11.08,7.79,0.94,151.04


11.10,7.75,0.83,151.28


11.12,7.74,0.75,151.49


11.13,7.74,0.81,151.72


11.15,7.78,0.89,151.97


11.17,7.77,0.78,152.19


11.18,7.74,0.73,152.39


11.20,7.76,0.73,152.60


11.22,7.74,0.73,152.80


11.24,7.75,0.91,153.06


11.25,7.74,0.83,153.29


11.27,7.74,0.91,153.55


11.29,7.76,0.96,153.82


11.30,7.74,0.70,154.02


11.32,7.73,0.78,154.24


11.34,7.76,0.89,154.49


11.35,7.76,0.75,154.70


11.37,7.74,0.81,154.93


11.39,7.76,0.75,155.14


11.40,7.76,0.86,155.38


11.42,7.73,0.83,155.62


11.44,7.74,0.94,155.88


11.46,7.77,0.73,156.09


11.47,7.75,0.73,156.29


11.49,7.75,0.73,156.50


11.51,7.75,0.83,156.73


11.52,7.74,0.94,157.00


11.54,7.76,0.94,157.26


11.56,7.76,0.86,157.51


11.57,7.74,0.70,157.70


11.59,7.73,0.91,157.96


11.61,7.74,0.70,158.16


11.62,7.76,0.86,158.40


11.64,7.75,0.75,158.61


11.66,7.74,0.81,158.84


11.68,7.74,0.78,159.06


11.69,7.75,0.96,159.33


11.71,7.76,0.83,159.57


11.73,7.76,0.75,159.78


11.74,7.74,0.78,160.00


11.76,7.75,0.94,160.27


11.78,7.74,0.89,160.52


11.79,7.75,0.86,160.76


11.81,7.74,0.73,160.96


11.83,7.74,0.96,161.23


11.84,7.76,0.75,161.45


11.86,7.76,0.75,161.66


11.88,7.76,0.86,161.90


11.90,7.75,0.86,162.14


11.91,7.75,0.94,162.41


11.93,7.74,0.78,162.63


11.95,7.74,0.81,162.86


11.96,7.75,0.75,163.07


11.98,7.76,0.91,163.33


12.00,7.76,0.96,163.60


12.01,7.74,0.91,163.86


12.03,7.76,0.81,164.08


12.05,7.73,0.86,164.33


12.06,7.75,0.75,164.54


12.08,7.73,0.75,164.75


12.10,7.75,0.60,164.92


12.12,7.75,0.78,165.14


12.13,7.73,0.94,165.40


12.15,7.75,1.07,165.71


12.17,7.76,0.78,165.93


12.18,7.77,0.91,166.18


12.20,7.75,0.94,166.45


12.22,7.74,0.73,166.65


12.23,7.75,0.96,166.92


12.25,7.77,0.89,167.17


12.27,7.74,0.91,167.43


12.28,7.73,0.81,167.66


12.30,7.73,0.78,167.88


12.32,7.76,0.67,168.07


12.34,7.74,0.99,168.35


12.35,7.77,0.75,168.56


12.37,7.74,0.89,168.81


12.39,7.75,0.94,169.08


12.40,7.73,0.67,169.27


12.42,7.77,0.65,169.45


12.44,7.74,0.81,169.68


12.45,7.76,0.81,169.90


12.47,7.76,0.65,170.09


12.49,7.74,0.65,170.27


12.50,7.76,0.81,170.50


12.52,7.76,0.99,170.78


12.54,7.74,0.65,170.96


12.56,7.77,0.78,171.18


12.57,7.77,0.81,171.41


12.59,7.76,0.83,171.64


12.61,7.76,0.75,171.85


12.62,7.74,0.78,172.07


12.64,7.75,0.81,172.30


12.66,7.76,0.81,172.53


12.67,7.78,0.81,172.76


12.69,7.73,0.81,172.98


12.71,7.74,0.75,173.20


12.72,7.75,0.83,173.43


12.74,7.75,0.78,173.65


12.76,7.74,0.86,173.89


12.78,7.75,0.81,174.12


12.79,7.76,0.86,174.36


12.81,7.76,0.89,174.61


12.83,7.74,0.83,174.85


12.84,7.76,0.75,175.06


12.86,7.76,0.99,175.34


12.88,7.75,0.75,175.55


12.89,7.74,0.86,175.80


12.91,7.75,0.75,176.01


12.93,7.74,0.83,176.24


12.94,7.73,0.75,176.46


12.96,7.75,0.78,176.68


12.98,7.75,0.73,176.88


13.00,7.77,0.78,177.10


13.01,7.75,0.81,177.33


13.03,7.75,0.91,177.59


13.05,7.75,0.70,177.78


13.06,7.73,0.73,177.99


13.08,7.76,0.81,178.22


13.10,7.75,0.75,178.43


13.11,7.74,0.73,178.64


13.13,7.74,0.81,178.86


13.15,7.74,0.81,179.09


13.16,7.74,0.67,179.28


13.18,7.76,0.81,179.51


13.20,7.76,0.78,179.73


13.22,7.74,0.83,179.96


13.23,7.75,0.86,180.21


13.25,7.75,0.89,180.45


13.27,7.78,0.75,180.67


13.28,7.76,0.86,180.91


13.30,7.74,0.65,181.09


13.32,7.75,0.78,181.31


13.33,7.75,0.86,181.55


13.35,7.76,0.70,181.75


13.37,7.75,0.73,181.96


13.38,7.75,0.81,182.19


13.40,7.76,0.78,182.41


13.42,7.74,0.96,182.68


13.44,7.73,0.94,182.94


13.45,7.73,1.04,183.24


13.47,7.72,0.73,183.44


13.49,7.76,0.75,183.65


13.50,7.76,0.81,183.88


13.52,7.75,0.81,184.11


13.54,7.76,0.70,184.31


13.55,7.76,0.83,184.54


13.57,7.76,0.81,184.77


13.59,7.75,0.78,184.99


13.60,7.73,0.78,185.21


13.62,7.76,0.73,185.41


13.64,7.74,0.89,185.66


13.66,7.74,0.86,185.91


13.67,7.76,0.73,186.11


13.69,7.76,0.70,186.31


13.71,7.74,0.83,186.54


13.72,7.75,0.75,186.76


13.74,7.73,0.78,186.98


13.76,7.74,0.91,187.23


13.77,7.71,0.86,187.48


13.79,7.72,0.75,187.69


13.81,7.76,0.83,187.92


13.82,7.73,0.86,188.17


13.84,7.74,0.86,188.41


13.86,7.72,0.73,188.61


13.88,7.73,0.81,188.84


13.89,7.72,0.78,189.06


13.91,7.75,0.70,189.26


13.93,7.73,0.86,189.50


13.94,7.73,0.83,189.74


13.96,7.75,0.81,189.96


13.98,7.74,0.81,190.19


13.99,7.76,0.83,190.43


14.01,7.75,0.81,190.65


14.03,7.72,0.81,190.88


14.04,7.72,0.78,191.10


14.06,7.76,0.89,191.35


14.08,7.74,0.81,191.58


14.10,7.75,0.75,191.79


14.11,7.72,0.78,192.01


14.13,7.74,0.78,192.23


14.15,7.74,0.73,192.44


14.16,7.75,0.83,192.67


14.18,7.77,0.78,192.89


14.20,7.75,0.83,193.13


14.21,7.75,0.81,193.35


14.23,7.74,0.75,193.57


14.25,7.75,0.89,193.82


14.26,7.74,0.83,194.05


14.28,7.75,0.70,194.25


14.30,7.75,0.62,194.42


14.32,7.72,0.78,194.64


14.33,7.75,0.83,194.88


14.35,7.75,0.86,195.12


14.37,7.74,0.70,195.32


14.38,7.72,0.78,195.54


14.40,7.72,0.78,195.76


14.42,7.74,0.67,195.95


14.43,7.74,0.86,196.19


14.45,7.73,0.83,196.43


14.47,7.75,0.86,196.67


14.48,7.76,0.81,196.90


14.50,7.74,0.60,197.06


14.52,7.74,0.86,197.31


14.54,7.74,0.83,197.54


14.55,7.72,0.73,197.75


14.57,7.76,0.75,197.96


14.59,7.76,0.73,198.16


14.60,7.72,0.75,198.38


14.62,7.74,0.65,198.56


14.64,7.73,0.65,198.74


14.65,7.71,0.75,198.95


14.67,7.73,0.75,199.17


14.69,7.74,0.83,199.40


14.70,7.75,0.70,199.60


14.72,7.74,1.02,199.89


14.74,7.76,0.89,200.14


14.76,7.74,0.81,200.37


14.77,7.73,0.91,200.62


14.79,7.74,0.73,200.83


14.81,7.74,0.67,201.02


14.82,7.74,0.83,201.25


14.84,7.74,0.73,201.46


14.86,7.74,0.91,201.72


14.87,7.76,0.89,201.97


14.89,7.76,0.81,202.19


14.91,7.73,0.67,202.38


14.92,7.72,0.86,202.63


14.94,7.73,0.99,202.90


14.96,7.73,0.78,203.12


14.98,7.72,0.83,203.36


14.99,7.75,0.83,203.59


15.01,7.75,0.78,203.81


15.03,7.74,0.83,204.05


15.04,7.75,0.81,204.28


15.06,7.75,0.81,204.50


15.08,7.73,0.67,204.69


15.09,7.74,0.91,204.95


15.11,7.76,0.78,205.17


15.13,7.72,0.75,205.38


15.14,7.73,0.83,205.62


15.16,7.72,0.83,205.85


15.18,7.72,0.91,206.11


15.20,7.76,0.91,206.37


15.21,7.74,0.91,206.63


15.23,7.74,0.75,206.84


15.25,7.73,0.83,207.07


15.26,7.73,0.70,207.27


15.28,7.74,0.83,207.51


15.30,7.74,0.81,207.73


15.31,7.71,0.81,207.96


15.33,7.75,0.86,208.20


15.35,7.74,0.67,208.39


15.36,7.76,0.83,208.63


15.38,7.74,0.78,208.85


15.40,7.72,0.75,209.06


15.42,7.75,0.70,209.26


15.43,7.74,0.94,209.52


15.45,7.74,0.86,209.77


15.47,7.73,0.91,210.02


15.48,7.71,0.67,210.21


15.50,7.75,0.83,210.45


15.52,7.74,0.86,210.69


15.53,7.75,0.89,210.94


15.55,7.75,0.73,211.15


15.57,7.74,0.78,211.37


15.58,7.72,0.91,211.62


15.60,7.74,0.70,211.82


15.62,7.74,0.78,212.04


15.64,7.74,0.73,212.25


15.65,7.73,0.96,212.52


15.67,7.73,0.81,212.74


15.69,7.72,0.70,212.94


15.70,7.74,0.86,213.18


15.72,7.75,0.83,213.42


15.74,7.74,0.75,213.63


15.75,7.74,0.78,213.85


15.77,7.74,0.78,214.07


15.79,7.72,0.89,214.32


15.80,7.73,0.73,214.53


15.82,7.73,0.70,214.73


15.84,7.74,0.99,215.00


15.86,7.75,0.81,215.23


15.87,7.74,0.81,215.46


15.89,7.76,0.67,215.65


15.91,7.72,0.81,215.88


15.92,7.74,0.96,216.15


15.94,7.73,0.89,216.40


15.96,7.75,0.75,216.61


15.97,7.72,0.89,216.86


15.99,7.72,0.70,217.06


16.01,7.74,0.78,217.28


16.02,7.73,0.67,217.47


16.04,7.72,0.86,217.71


16.06,7.73,0.91,217.97


16.08,7.73,0.78,218.19


16.09,7.73,0.81,218.42


16.11,7.75,0.81,218.64


16.13,7.72,0.65,218.83


16.14,7.74,0.65,219.01


16.16,7.74,0.86,219.25


16.18,7.71,0.89,219.50


16.19,7.74,0.70,219.70


16.21,7.72,0.81,219.93


16.23,7.72,0.70,220.12


16.24,7.73,0.83,220.36


16.26,7.76,0.91,220.62


16.28,7.72,0.60,220.78


16.30,7.74,0.65,220.97


16.31,7.74,0.89,221.22


16.33,7.76,0.83,221.45


16.35,7.72,0.65,221.63


16.36,7.74,0.91,221.89


16.38,7.74,0.83,222.13


16.40,7.74,0.75,222.34


16.41,7.73,0.67,222.53


16.43,7.74,0.81,222.76


16.45,7.73,0.91,223.01


16.46,7.73,0.83,223.25


16.48,7.71,0.73,223.45


16.50,7.75,0.73,223.66


16.52,7.71,0.65,223.84


16.53,7.75,0.83,224.08


16.55,7.73,0.83,224.31


16.57,7.72,0.86,224.55


16.58,7.73,0.81,224.78


16.60,7.74,0.65,224.96


16.62,7.73,0.83,225.20


16.63,7.72,0.65,225.38


16.65,7.75,0.78,225.60


16.67,7.74,0.78,225.82


16.68,7.74,0.86,226.06


16.70,7.72,0.83,226.30


16.72,7.74,0.83,226.53


16.74,7.74,0.89,226.78


16.75,7.72,0.65,226.97


16.77,7.74,0.78,227.19


16.79,7.74,0.94,227.45


16.80,7.73,0.94,227.72


16.82,7.70,0.86,227.96


16.84,7.72,0.65,228.14


16.85,7.74,0.86,228.38


16.87,7.73,0.75,228.60


16.89,7.72,0.73,228.80


16.90,7.73,0.67,228.99


16.92,7.73,0.54,229.14


16.94,7.74,0.78,229.36


16.96,7.70,0.75,229.58


16.97,7.74,0.73,229.78


16.99,7.72,0.78,230.00


17.01,7.74,0.75,230.21


17.02,7.73,0.94,230.48


17.04,7.73,0.75,230.69


17.06,7.74,0.94,230.96


17.07,7.73,0.86,231.20


17.09,7.72,0.89,231.45


17.11,7.72,0.81,231.68


17.12,7.72,0.57,231.84


17.14,7.72,0.73,232.04


17.16,7.72,0.83,232.28


17.18,7.73,0.83,232.51


17.19,7.72,0.78,232.73


17.21,7.73,0.75,232.94


17.23,7.72,0.78,233.16


17.24,7.76,0.83,233.40


17.26,7.74,0.91,233.66


17.28,7.72,0.86,233.90


17.29,7.72,0.89,234.15


17.31,7.72,0.91,234.41


17.33,7.74,0.65,234.59


17.34,7.70,0.83,234.82


17.36,7.73,0.73,235.03


17.38,7.72,0.81,235.26


17.40,7.71,0.86,235.50


17.41,7.74,0.89,235.75


17.43,7.74,0.75,235.96


17.45,7.73,0.81,236.19


17.46,7.72,0.81,236.42


17.48,7.74,0.83,236.65


17.50,7.70,0.75,236.86


17.51,7.72,0.78,237.08


17.53,7.72,0.94,237.35


17.55,7.70,0.89,237.60


17.56,7.71,0.70,237.80


17.58,7.73,0.83,238.03


17.60,7.72,0.86,238.27


17.62,7.71,0.81,238.50


17.63,7.72,0.75,238.71


17.65,7.72,0.83,238.95


17.67,7.71,0.86,239.19


17.68,7.73,0.78,239.41


17.70,7.74,0.73,239.62


17.72,7.71,0.75,239.83


17.73,7.70,0.86,240.07


17.75,7.74,0.83,240.31


17.77,7.70,0.60,240.47


17.78,7.72,0.73,240.68


17.80,7.76,0.83,240.91


17.82,7.73,0.91,241.17


17.84,7.73,0.91,241.43


17.85,7.73,0.70,241.63


17.87,7.70,1.02,241.91


17.89,7.72,0.67,242.10


17.90,7.73,0.70,242.30


17.92,7.71,0.91,242.56


17.94,7.71,0.86,242.80


17.95,7.72,0.83,243.04


17.97,7.72,0.78,243.26


17.99,7.70,0.81,243.48


18.00,7.72,0.78,243.70


18.02,7.70,0.86,243.95


18.04,7.69,0.75,244.16


18.06,7.68,0.70,244.36


18.07,7.71,0.73,244.56


18.09,7.70,0.83,244.80


18.11,7.72,0.78,245.02


18.12,7.72,1.07,245.32


18.14,7.70,0.96,245.59


18.16,7.70,0.81,245.82


18.17,7.72,0.81,246.05


18.19,7.71,0.75,246.26


18.21,7.70,0.86,246.50


18.22,7.68,0.83,246.74


18.24,7.72,0.83,246.97


18.26,7.73,0.83,247.21


18.28,7.72,0.86,247.45


18.29,7.71,0.89,247.70


18.31,7.71,0.86,247.94


18.33,7.72,0.75,248.15


18.34,7.72,0.78,248.37


18.36,7.69,0.91,248.63


18.38,7.70,0.67,248.82


18.39,7.72,0.83,249.06


18.41,7.70,0.89,249.31


18.43,7.74,0.91,249.56


18.44,7.71,0.83,249.80


18.46,7.72,0.86,250.04


18.48,7.72,0.83,250.28


18.50,7.72,0.78,250.50


18.51,7.70,0.62,250.67


18.53,7.74,0.81,250.90


18.55,7.72,0.81,251.13


18.56,7.74,0.83,251.36


18.58,7.71,0.78,251.58


18.60,7.72,0.89,251.83


18.61,7.73,0.70,252.03


18.63,7.73,0.81,252.26


18.65,7.74,0.83,252.49


18.66,7.71,0.78,252.71


18.68,7.71,0.78,252.93


18.70,7.72,0.81,253.16


18.72,7.74,0.75,253.37


18.73,7.71,0.86,253.61


18.75,7.70,0.83,253.85


18.77,7.74,0.65,254.03


18.78,7.74,0.89,254.28


18.80,7.74,0.83,254.52


18.82,7.70,0.67,254.71


18.83,7.72,0.81,254.93


18.85,7.73,0.91,255.19


18.87,7.69,0.73,255.40


18.88,7.70,0.67,255.59


18.90,7.73,0.75,255.80


18.92,7.72,0.83,256.03


18.94,7.74,0.78,256.25


18.95,7.73,0.89,256.50


18.97,7.72,0.83,256.74


18.99,7.71,0.62,256.91


19.00,7.71,0.83,257.15


19.02,7.72,0.83,257.38


19.04,7.72,0.67,257.57


19.05,7.75,0.67,257.76


19.07,7.73,0.81,257.99


19.09,7.70,0.78,258.21


19.10,7.72,0.73,258.42


19.12,7.71,0.75,258.63


19.14,7.72,0.83,258.86


19.16,7.71,0.70,259.06


19.17,7.71,0.86,259.30


19.19,7.72,0.94,259.57


19.21,7.70,0.86,259.81


19.22,7.69,0.83,260.05


19.24,7.70,0.91,260.30


19.26,7.73,0.86,260.55


19.27,7.70,0.70,260.74


19.29,7.72,0.75,260.96


19.31,7.71,0.89,261.21


19.32,7.71,0.81,261.43


19.34,7.71,0.75,261.65


19.36,7.73,0.86,261.89


19.38,7.72,0.89,262.14


19.39,7.73,0.91,262.39


19.41,7.72,0.81,262.62


19.43,7.69,0.86,262.86


19.44,7.69,0.73,263.07


19.46,7.71,0.75,263.28


19.48,7.70,0.78,263.50


19.49,7.72,0.86,263.74


19.51,7.73,0.83,263.98


19.53,7.72,0.70,264.18


19.54,7.71,0.78,264.40


19.56,7.72,0.83,264.63


19.58,7.71,0.81,264.86


19.60,7.70,0.89,265.11


19.61,7.73,0.73,265.31


19.63,7.71,0.75,265.53


19.65,7.72,0.89,265.78


19.66,7.71,0.83,266.01


19.68,7.72,0.75,266.22


19.70,7.72,0.54,266.38


19.71,7.70,0.83,266.61


19.73,7.72,0.83,266.85


19.75,7.70,0.62,267.02


19.76,7.70,0.54,267.18


19.78,7.70,0.78,267.40


19.80,7.72,0.83,267.63


19.82,7.73,0.86,267.87


19.83,7.72,0.78,268.09


19.85,7.72,0.67,268.28


19.87,7.70,0.75,268.50


19.88,7.70,0.83,268.73


19.90,7.71,0.75,268.94


19.92,7.69,0.57,269.10


19.93,7.72,0.83,269.34


19.95,7.71,0.78,269.56


19.97,7.71,0.81,269.79


19.98,7.72,0.75,270.00


20.00,7.71,0.73,270.20


20.02,7.72,0.89,270.45


20.04,7.71,0.70,270.65


20.05,7.72,0.81,270.88


20.07,7.72,0.65,271.06


20.09,7.71,0.89,271.31


20.10,7.71,0.75,271.52


20.12,7.70,0.86,271.77


20.14,7.71,0.65,271.95


20.15,7.72,0.89,272.20


20.17,7.73,0.73,272.40


20.19,7.72,0.78,272.62


20.20,7.72,0.70,272.82


20.22,7.69,0.78,273.04


20.24,7.72,0.83,273.28


20.26,7.69,0.96,273.55


20.27,7.72,0.91,273.81


20.29,7.71,0.75,274.02


20.31,7.70,0.78,274.24


20.32,7.71,0.70,274.44


20.34,7.72,0.81,274.66


20.36,7.72,0.91,274.92


20.37,7.71,0.81,275.15


20.39,7.70,0.60,275.32


20.41,7.71,0.81,275.54


20.42,7.68,0.75,275.76


20.44,7.70,0.81,275.98


20.46,7.69,0.78,276.20


20.48,7.70,0.91,276.46


20.49,7.72,0.78,276.68


20.51,7.72,0.78,276.90


20.53,7.72,0.67,277.09


20.54,7.69,0.75,277.30


20.56,7.73,0.75,277.52


20.58,7.72,0.75,277.73


20.59,7.70,0.89,277.98


20.61,7.70,0.86,278.22


20.63,7.70,0.65,278.40


20.64,7.71,0.73,278.61


20.66,7.71,0.75,278.82


20.68,7.69,0.81,279.05


20.70,7.70,0.86,279.29


20.71,7.70,0.75,279.50


20.73,7.70,0.83,279.74


20.75,7.69,0.89,279.99


20.76,7.70,0.89,280.24


20.78,7.71,0.83,280.47


20.80,7.71,0.83,280.71


20.81,7.71,0.86,280.95


20.83,7.70,0.89,281.20


20.85,7.69,0.75,281.41


20.86,7.71,0.83,281.65


20.88,7.72,0.75,281.86


20.90,7.71,0.67,282.05


20.92,7.70,0.60,282.22


20.93,7.72,0.78,282.44


20.95,7.70,0.70,282.64


20.97,7.69,0.78,282.86


20.98,7.70,0.67,283.05


21.00,7.70,0.78,283.27


21.02,7.70,0.89,283.52


21.03,7.70,0.83,283.75


21.05,7.72,0.73,283.96


21.07,7.70,0.78,284.18


21.08,7.70,0.89,284.43


21.10,7.69,0.81,284.65


21.12,7.70,0.83,284.89


21.14,7.71,0.86,285.13


21.15,7.72,0.67,285.32


21.17,7.70,0.94,285.59


21.19,7.70,0.65,285.77


21.20,7.69,0.83,286.00


21.22,7.70,0.70,286.20


21.24,7.71,0.75,286.41


21.25,7.69,0.83,286.65


21.27,7.69,0.78,286.87


21.29,7.70,0.75,287.08


21.30,7.71,0.67,287.27


21.32,7.69,0.78,287.49


21.34,7.68,0.73,287.70


21.36,7.70,0.83,287.93


21.37,7.71,0.94,288.20


21.39,7.72,0.70,288.39


21.41,7.68,0.65,288.58


21.42,7.70,0.86,288.82


21.44,7.71,0.78,289.04


21.46,7.72,0.78,289.26


21.47,7.70,0.83,289.49


21.49,7.69,0.70,289.69


21.51,7.70,0.86,289.93


21.52,7.69,1.02,290.22


21.54,7.71,0.78,290.44


21.56,7.70,0.83,290.68


21.58,7.68,0.78,290.90


21.59,7.70,0.89,291.15


21.61,7.69,0.86,291.39


21.63,7.70,0.78,291.61


21.64,7.70,0.73,291.81


21.66,7.68,0.67,292.00


21.68,7.70,0.89,292.25


21.69,7.69,0.62,292.43


21.71,7.68,0.70,292.63


21.73,7.70,0.86,292.87


21.74,7.69,0.70,293.07


21.76,7.69,0.78,293.29


21.78,7.69,0.81,293.52


21.80,7.70,0.75,293.73


21.81,7.70,0.94,293.99


21.83,7.70,0.70,294.19


21.85,7.71,0.70,294.39


21.86,7.69,0.67,294.58


21.88,7.68,0.89,294.83


21.90,7.72,0.75,295.04


21.91,7.70,0.83,295.28


21.93,7.70,0.75,295.49


21.95,7.70,0.75,295.70


21.96,7.69,0.86,295.94


21.98,7.69,0.78,296.16


22.00,7.72,0.94,296.43


22.02,7.70,0.86,296.67


22.03,7.70,0.75,296.88


22.05,7.69,0.75,297.10


22.07,7.70,0.83,297.33


22.08,7.69,0.81,297.56


22.10,7.68,0.75,297.77


22.12,7.68,0.86,298.01


22.13,7.69,0.86,298.25


22.15,7.69,0.83,298.49


22.17,7.69,0.73,298.69


22.18,7.70,0.81,298.92


22.20,7.68,0.83,299.16


22.22,7.69,0.83,299.39


22.24,7.69,0.75,299.60


22.25,7.70,0.70,299.80


22.27,7.68,0.89,300.05


22.29,7.69,0.78,300.27


22.30,7.70,0.65,300.46


22.32,7.70,0.81,300.68


22.34,7.69,0.73,300.89


22.35,7.70,0.96,301.16


22.37,7.68,0.70,301.36


22.39,7.71,0.89,301.61


22.40,7.67,0.73,301.81


22.42,7.69,0.75,302.03


22.44,7.69,0.89,302.28


22.46,7.71,0.94,302.54


22.47,7.70,0.78,302.76


22.49,7.69,0.91,303.02


22.51,7.71,0.65,303.20


22.52,7.69,0.78,303.42


22.54,7.68,0.65,303.60


22.56,7.69,0.94,303.87


22.57,7.69,0.89,304.12


22.59,7.70,0.89,304.37


22.61,7.69,0.78,304.59


22.62,7.70,0.73,304.79


22.64,7.71,0.86,305.04


22.66,7.68,0.86,305.28


22.68,7.70,0.62,305.45


22.69,7.69,0.78,305.67


22.71,7.67,0.78,305.89


22.73,7.70,0.75,306.11


22.74,7.70,0.83,306.34


22.76,7.68,0.81,306.57


22.78,7.70,0.81,306.80


22.79,7.69,0.81,307.02


22.81,7.67,0.73,307.23


22.83,7.68,0.81,307.46


22.84,7.71,0.86,307.70


22.86,7.68,0.73,307.90


22.88,7.68,0.70,308.10


22.90,7.67,0.67,308.29


22.91,7.68,0.75,308.51


22.93,7.68,0.83,308.74


22.95,7.70,0.96,309.01


22.96,7.67,0.83,309.25


22.98,7.68,0.65,309.43


23.00,7.69,0.81,309.66


23.01,7.68,0.81,309.88


23.03,7.68,0.54,310.04


23.05,7.68,0.99,310.32


23.06,7.70,0.89,310.57


23.08,7.70,0.78,310.79


23.10,7.66,0.78,311.01


23.12,7.68,0.73,311.21


23.13,7.68,0.78,311.43


23.15,7.67,0.94,311.70


23.17,7.71,0.99,311.98


23.18,7.66,0.89,312.23


23.20,7.70,0.70,312.42


23.22,7.68,0.73,312.63


23.23,7.69,0.83,312.86


23.25,7.68,0.73,313.07


23.27,7.68,0.67,313.26


23.28,7.67,0.94,313.52


23.30,7.71,0.75,313.74


23.32,7.70,0.75,313.95


23.34,7.67,0.83,314.18


23.35,7.67,0.65,314.37


23.37,7.67,0.73,314.57


23.39,7.68,0.73,314.78


23.40,7.69,0.67,314.97


23.42,7.69,0.96,315.24


23.44,7.69,0.83,315.47


23.45,7.69,0.89,315.72


23.47,7.68,0.78,315.94


23.49,7.68,0.86,316.19


23.50,7.69,0.83,316.42


23.52,7.68,0.75,316.63


23.54,7.68,0.67,316.82


23.56,7.68,0.83,317.06


23.57,7.69,0.78,317.28


23.59,7.68,0.81,317.51


23.61,7.69,0.91,317.76


23.62,7.67,0.78,317.98


23.64,7.70,0.70,318.18


23.66,7.70,0.75,318.39


23.67,7.66,0.81,318.62


23.69,7.69,0.70,318.82


23.71,7.68,0.62,318.99


23.72,7.67,0.91,319.25


23.74,7.68,0.81,319.48


23.76,7.68,0.70,319.68


23.78,7.67,0.86,319.92


23.79,7.66,0.73,320.12


23.81,7.70,0.94,320.39


23.83,7.68,0.70,320.59


23.84,7.69,0.86,320.83


23.86,7.68,0.70,321.03


23.88,7.69,0.86,321.27


23.89,7.68,0.86,321.51


23.91,7.67,0.73,321.72


23.93,7.68,0.70,321.91


23.94,7.66,0.70,322.11


23.96,7.67,0.83,322.35


23.98,7.67,0.70,322.54


24.00,7.71,0.81,322.77


24.01,7.69,0.70,322.97


24.03,7.70,0.75,323.18


24.05,7.68,0.81,323.41


24.06,7.68,0.67,323.60


24.08,7.66,0.75,323.81


24.10,7.68,0.81,324.04


24.11,7.68,0.86,324.28


24.13,7.65,0.78,324.50


24.15,7.69,0.81,324.73


24.16,7.67,0.78,324.95


24.18,7.67,0.60,325.12


24.20,7.66,0.75,325.33


24.22,7.69,0.62,325.51


24.23,7.67,0.86,325.75


24.25,7.66,0.78,325.97


24.27,7.69,0.67,326.16


24.28,7.68,0.86,326.40


24.30,7.68,0.73,326.61


24.32,7.68,0.83,326.84


24.33,7.69,0.75,327.05


24.35,7.71,0.65,327.24


24.37,7.68,0.75,327.45


24.38,7.66,0.83,327.68


24.40,7.66,0.75,327.90


24.42,7.68,0.70,328.09


24.44,7.68,0.67,328.28


24.45,7.67,0.67,328.47


24.47,7.68,0.91,328.73


24.49,7.68,0.78,328.95


24.50,7.65,0.78,329.17


24.52,7.68,0.67,329.36


24.54,7.68,0.81,329.59


24.55,7.68,0.83,329.82


24.57,7.68,0.70,330.02


24.59,7.68,0.86,330.26


24.60,7.69,0.94,330.53


24.62,7.66,0.86,330.77


24.64,7.66,0.89,331.02


24.66,7.68,0.81,331.25


24.67,7.66,0.75,331.46


24.69,7.65,0.75,331.67


24.71,7.66,0.86,331.92


24.72,7.68,0.86,332.16


24.74,7.67,0.78,332.38


24.76,7.66,0.78,332.60


24.77,7.70,0.75,332.81


24.79,7.66,0.81,333.04


24.81,7.67,0.67,333.23


24.82,7.67,0.94,333.49


24.84,7.68,0.67,333.68


24.86,7.68,0.70,333.88


24.88,7.68,0.81,334.11


24.89,7.68,0.75,334.32


24.91,7.66,0.70,334.52


24.93,7.70,0.86,334.76


24.94,7.66,0.83,335.00


24.96,7.66,0.86,335.24


24.98,7.67,0.60,335.41


24.99,7.66,0.60,335.57


25.01,7.68,0.70,335.77


25.03,7.68,0.89,336.02


25.04,7.65,0.65,336.20


25.06,7.67,0.75,336.42


25.08,7.67,0.94,336.68


25.10,7.67,0.70,336.88


25.11,7.66,0.91,337.14


25.13,7.68,0.70,337.33


25.15,7.67,0.73,337.54


25.16,7.66,0.75,337.75


25.18,7.67,0.91,338.01


25.20,7.67,0.83,338.24


25.21,7.66,0.91,338.50


25.23,7.66,0.75,338.71


25.25,7.67,0.86,338.96


25.26,7.66,0.73,339.16


25.28,7.68,0.67,339.35


25.30,7.66,0.67,339.54


25.32,7.66,0.86,339.78


25.33,7.68,0.91,340.04


25.35,7.67,0.83,340.28


25.37,7.68,0.73,340.48


25.38,7.64,0.62,340.66


25.40,7.68,0.65,340.84


25.42,7.66,0.89,341.09


25.43,7.65,0.73,341.29


25.45,7.68,0.81,341.52


25.47,7.67,0.78,341.74


25.48,7.65,0.81,341.97


25.50,7.68,0.78,342.19


25.52,7.68,0.81,342.42


25.54,7.68,0.65,342.60


25.55,7.67,0.83,342.83


25.57,7.69,0.75,343.05


25.59,7.66,0.73,343.25


25.60,7.67,0.75,343.46


25.62,7.67,0.78,343.68


25.64,7.68,0.78,343.90


25.65,7.65,0.86,344.15


25.67,7.68,0.70,344.35


25.69,7.67,0.91,344.60


25.70,7.68,0.70,344.80


25.72,7.66,0.62,344.98


25.74,7.68,0.81,345.20


25.76,7.66,0.67,345.39


25.77,7.66,0.60,345.56


25.79,7.68,0.75,345.77


25.81,7.67,0.81,346.00


25.82,7.66,0.81,346.23


25.84,7.66,0.60,346.40


25.86,7.68,0.89,346.65


25.87,7.67,0.70,346.84


25.89,7.67,0.83,347.08


25.91,7.67,0.78,347.30


25.93,7.67,0.78,347.52


25.94,7.65,0.67,347.71


25.96,7.66,0.73,347.92


25.98,7.67,0.67,348.11


25.99,7.66,0.73,348.31


26.01,7.65,0.67,348.50


26.03,7.68,0.81,348.73


26.04,7.69,0.83,348.96


26.06,7.66,0.67,349.15


26.08,7.67,0.86,349.40


26.09,7.67,0.65,349.58


26.11,7.65,0.73,349.78


26.13,7.66,0.86,350.03


26.14,7.66,0.75,350.24


26.16,7.66,0.78,350.46


26.18,7.68,0.70,350.66


26.20,7.65,0.81,350.88


26.21,7.66,0.75,351.10


26.23,7.64,0.67,351.29


26.25,7.66,0.73,351.49


26.26,7.67,0.67,351.68


26.28,7.65,0.78,351.90


26.30,7.67,0.75,352.11


26.31,7.66,0.86,352.36


26.33,7.66,0.57,352.52


26.35,7.68,0.86,352.76


26.36,7.65,0.86,353.00


26.38,7.65,0.65,353.18


26.40,7.66,0.83,353.42


26.42,7.67,0.49,353.56


26.43,7.68,0.81,353.79


26.45,7.65,0.81,354.01


26.47,7.66,0.86,354.25


26.48,7.68,0.73,354.46


26.50,7.67,0.73,354.67


26.52,7.65,0.91,354.92


26.53,7.66,0.70,355.12


26.55,7.68,0.78,355.34


26.57,7.67,0.81,355.57


26.58,7.66,0.75,355.78


26.60,7.64,0.65,355.96


26.62,7.65,0.83,356.20


26.64,7.66,0.78,356.42


26.65,7.65,0.70,356.62


26.67,7.68,0.94,356.88


26.69,7.66,0.73,357.09


26.70,7.66,0.65,357.27


26.72,7.66,0.57,357.43


26.74,7.67,0.99,357.71


26.75,7.66,0.81,357.94


26.77,7.67,0.86,358.18


26.79,7.68,0.67,358.37


26.80,7.67,0.86,358.61


26.82,7.68,0.67,358.80


26.84,7.66,0.81,359.03


26.86,7.67,0.62,359.20


26.87,7.64,0.73,359.41


26.89,7.65,0.75,359.62


26.91,7.65,0.70,359.82


26.92,7.66,0.75,360.03


26.94,7.66,0.75,360.25


26.96,7.65,0.78,360.47


26.97,7.66,0.67,360.66


26.99,7.66,0.81,360.88


27.01,7.67,0.78,361.10


27.03,7.66,0.83,361.34


27.04,7.65,0.70,361.54


27.06,7.66,0.75,361.75


27.08,7.66,0.83,361.98


27.09,7.66,0.83,362.22


27.11,7.68,0.78,362.44


27.13,7.67,0.70,362.64


27.14,7.64,0.83,362.87


27.16,7.68,0.75,363.08


27.18,7.67,0.83,363.32


27.19,7.65,0.67,363.51


27.21,7.66,0.81,363.74


27.23,7.65,0.75,363.95


27.25,7.66,0.83,364.18


27.26,7.66,0.81,364.41


27.28,7.66,0.57,364.57


27.30,7.65,0.89,364.82


27.31,7.65,0.75,365.03


27.33,7.66,0.67,365.22


27.35,7.66,0.67,365.41


27.36,7.66,0.86,365.66


27.38,7.67,0.81,365.88


27.40,7.64,0.86,366.13


27.41,7.64,0.73,366.33


27.43,7.66,0.73,366.54


27.45,7.66,0.62,366.71


27.47,7.67,0.83,366.95


27.48,7.66,0.75,367.16


27.50,7.66,0.86,367.40


27.52,7.68,0.81,367.63


27.53,7.66,0.70,367.83


27.55,7.64,0.81,368.05


27.57,7.67,0.65,368.24


27.58,7.66,0.52,368.38


27.60,7.64,0.65,368.56


27.62,7.67,0.73,368.77


27.63,7.66,0.83,369.00


27.65,7.66,0.86,369.25


27.67,7.64,0.86,369.49


27.69,7.64,0.75,369.70


27.70,7.64,0.73,369.91


27.72,7.64,0.73,370.11


27.74,7.64,0.62,370.29


27.75,7.65,0.75,370.50


27.77,7.65,0.83,370.74


27.79,7.64,0.73,370.94


27.80,7.64,0.67,371.13


27.82,7.65,0.60,371.30


27.84,7.64,0.86,371.54


27.85,7.66,0.75,371.75


27.87,7.64,0.94,372.02


27.89,7.66,0.75,372.23


27.91,7.65,0.78,372.45


27.92,7.64,0.75,372.66


27.94,7.67,0.62,372.84


27.96,7.66,0.73,373.04


27.97,7.65,0.67,373.23


27.99,7.65,0.91,373.49


28.01,7.64,0.73,373.70


28.02,7.63,0.67,373.89


28.04,7.65,0.75,374.10


28.06,7.66,0.67,374.29


28.07,7.64,0.78,374.51


28.09,7.66,0.78,374.73


28.11,7.67,0.78,374.95


28.13,7.65,0.70,375.15


28.14,7.66,0.75,375.36


28.16,7.64,0.83,375.59


28.18,7.64,0.62,375.77


28.19,7.66,0.75,375.98


28.21,7.64,0.67,376.17


28.23,7.65,0.78,376.39


28.24,7.64,0.70,376.59


28.26,7.66,0.81,376.82


28.28,7.64,0.75,377.03


28.29,7.64,0.78,377.25


28.31,7.64,0.75,377.46


28.33,7.64,0.81,377.69


28.35,7.64,0.94,377.95


28.36,7.64,0.73,378.16


28.38,7.65,0.86,378.40


28.40,7.64,0.78,378.62


28.41,7.65,0.54,378.78


28.43,7.64,0.81,379.00


28.45,7.62,0.73,379.21


28.46,7.64,0.65,379.39


28.48,7.65,0.70,379.59


28.50,7.63,0.65,379.77


28.51,7.64,0.73,379.98


28.53,7.65,0.73,380.18


28.55,7.65,0.65,380.36


28.57,7.64,0.81,380.59


28.58,7.64,0.89,380.84


28.60,7.63,0.67,381.03


28.62,7.65,0.75,381.24


28.63,7.66,0.81,381.47


28.65,7.64,0.75,381.68


28.67,7.64,0.67,381.87


28.68,7.63,0.75,382.09


28.70,7.64,0.81,382.31


28.72,7.64,0.81,382.54


28.73,7.65,0.67,382.73


28.75,7.64,0.81,382.96


28.77,7.65,0.67,383.15


28.79,7.63,0.73,383.36


28.80,7.62,0.70,383.55


28.82,7.64,0.70,383.75


28.84,7.63,0.81,383.98


28.85,7.63,0.60,384.15


28.87,7.64,0.67,384.34


28.89,7.64,0.83,384.57


28.90,7.65,0.70,384.77


28.92,7.64,0.75,384.98


28.94,7.65,0.83,385.22


28.95,7.63,0.78,385.44


28.97,7.63,0.73,385.64


28.99,7.63,0.78,385.86


29.01,7.67,0.91,386.12


29.02,7.64,0.78,386.34


29.04,7.66,0.78,386.56


29.06,7.63,0.62,386.73


29.07,7.64,0.73,386.94


29.09,7.64,0.78,387.16


29.11,7.63,0.67,387.35


29.12,7.66,0.83,387.58


29.14,7.65,0.70,387.78


29.16,7.65,0.62,387.96


29.17,7.65,0.81,388.18


29.19,7.64,0.89,388.43


29.21,7.64,0.67,388.62


29.23,7.64,0.89,388.87


29.24,7.65,0.54,389.03


29.26,7.65,0.73,389.23


29.28,7.64,0.78,389.45


29.29,7.64,0.70,389.65


29.31,7.63,0.67,389.84


29.33,7.64,0.83,390.08


29.34,7.62,0.62,390.25


29.36,7.61,0.65,390.43


29.38,7.64,0.73,390.64


29.39,7.62,0.60,390.81


29.41,7.66,0.81,391.03


29.43,7.64,0.81,391.26


29.45,7.62,0.83,391.50


29.46,7.62,0.89,391.75


29.48,7.65,0.78,391.97


29.50,7.64,0.73,392.17


29.51,7.66,0.67,392.36


29.53,7.65,0.73,392.57


29.55,7.62,0.75,392.78


29.56,7.62,0.75,392.99


29.58,7.62,0.73,393.20


29.60,7.64,0.75,393.41


29.61,7.63,0.78,393.63


29.63,7.63,0.89,393.88


29.65,7.64,0.70,394.08


29.67,7.63,0.91,394.33


29.68,7.64,0.94,394.60


29.70,7.63,0.78,394.82


29.72,7.64,0.60,394.99


29.73,7.65,0.73,395.19


29.75,7.64,0.78,395.41


29.77,7.64,0.75,395.62


29.78,7.65,0.78,395.84


29.80,7.63,0.83,396.08


29.82,7.65,0.60,396.25


29.83,7.64,0.83,396.48


29.85,7.61,0.75,396.69


29.87,7.62,0.62,396.87


29.89,7.63,0.78,397.09


29.90,7.64,0.75,397.30


29.92,7.63,0.70,397.50


29.94,7.62,0.86,397.74


29.95,7.65,0.86,397.99


29.97,7.64,0.70,398.18


29.99,7.64,0.70,398.38


30.00,7.62,0.70,398.58


30.02,7.64,0.89,398.83


30.04,7.64,0.60,399.00


30.05,7.64,0.67,399.19


30.07,7.63,0.67,399.38


30.09,7.63,0.81,399.60


30.11,7.64,0.81,399.83


30.12,7.66,0.62,400.01


30.14,7.65,0.81,400.24


30.16,7.63,0.73,400.44


30.17,7.62,0.96,400.71


30.19,7.64,0.73,400.92


30.21,7.62,0.70,401.11


30.22,7.62,0.91,401.37


30.24,7.62,0.75,401.58


30.26,7.62,0.83,401.82


30.27,7.63,0.81,402.05


30.29,7.63,0.65,402.23


30.31,7.62,0.62,402.41


30.33,7.65,0.75,402.62


30.34,7.63,0.89,402.87


30.36,7.63,0.86,403.11


30.38,7.64,0.73,403.32


30.39,7.63,0.73,403.52


30.41,7.63,0.73,403.73


30.43,7.65,0.81,403.95


30.44,7.64,0.78,404.17


30.46,7.64,0.78,404.39


30.48,7.63,0.75,404.61


30.49,7.62,0.89,404.86


30.51,7.63,0.81,405.08


30.53,7.62,0.86,405.33


30.55,7.63,0.73,405.53


30.56,7.64,0.91,405.79


30.58,7.63,0.81,406.02


30.60,7.64,0.62,406.19


30.61,7.64,0.67,406.38


30.63,7.62,0.73,406.59


30.65,7.61,0.65,406.77


30.66,7.61,0.57,406.93


30.68,7.64,0.81,407.16


30.70,7.63,0.83,407.39


30.71,7.63,0.75,407.60


30.73,7.63,0.81,407.83


30.75,7.61,0.78,408.05


30.77,7.64,0.73,408.26


30.78,7.62,0.62,408.43


30.80,7.64,0.91,408.69


30.82,7.62,0.70,408.89


30.83,7.62,0.75,409.10


30.85,7.63,0.73,409.30


30.87,7.63,0.86,409.55


30.88,7.62,0.73,409.75


30.90,7.62,0.75,409.96


30.92,7.63,0.86,410.21


30.93,7.63,0.86,410.45


30.95,7.63,0.67,410.64


30.97,7.63,0.83,410.87


30.99,7.64,0.86,411.12


31.00,7.63,0.70,411.31


31.02,7.62,0.75,411.53


31.04,7.63,0.75,411.74


31.05,7.62,0.70,411.94


31.07,7.62,0.81,412.16


31.09,7.62,0.94,412.43


31.10,7.64,0.81,412.66


31.12,7.64,0.67,412.85


31.14,7.62,0.81,413.07


31.15,7.61,0.91,413.33


31.17,7.64,0.75,413.54


31.19,7.63,0.70,413.74


31.21,7.62,0.73,413.95


31.22,7.64,0.57,414.11


31.24,7.63,0.81,414.33


31.26,7.62,0.89,414.58


31.27,7.65,0.86,414.83


31.29,7.63,0.89,415.08


31.31,7.63,0.78,415.30


31.32,7.61,0.78,415.52


31.34,7.64,0.67,415.71


31.36,7.60,0.65,415.89


31.37,7.63,0.81,416.12


31.39,7.64,0.81,416.34


31.41,7.64,0.83,416.58


31.43,7.64,0.70,416.78


31.44,7.62,0.73,416.98


31.46,7.63,0.73,417.19


31.48,7.64,0.81,417.42


31.49,7.62,0.73,417.62


31.51,7.62,0.78,417.84


31.53,7.62,0.75,418.05


31.54,7.62,0.83,418.29


31.56,7.64,0.78,418.51


31.58,7.63,0.70,418.71


31.59,7.62,0.78,418.93


31.61,7.62,0.78,419.15


31.63,7.60,0.62,419.32


31.65,7.63,0.83,419.56


31.66,7.63,0.91,419.81


31.68,7.60,0.89,420.06


31.70,7.61,0.75,420.28


31.71,7.63,0.81,420.50


31.73,7.63,0.75,420.72


31.75,7.60,0.81,420.94


31.76,7.63,0.83,421.18


31.78,7.61,0.65,421.36


31.80,7.62,0.75,421.57


31.81,7.62,0.81,421.80


31.83,7.61,0.83,422.03


31.85,7.64,0.70,422.23


31.87,7.63,0.62,422.41


31.88,7.62,0.65,422.59


31.90,7.62,0.70,422.79


31.92,7.62,0.67,422.98


31.93,7.64,0.75,423.19


31.95,7.61,0.73,423.40


31.97,7.62,0.73,423.60


31.98,7.62,0.86,423.84


32.00,7.62,0.67,424.03


32.02,7.63,0.70,424.23


32.03,7.60,0.73,424.44


32.05,7.64,0.73,424.64


32.07,7.60,0.91,424.90


32.09,7.62,0.83,425.13


32.10,7.61,0.75,425.35


32.12,7.63,0.67,425.54


32.14,7.60,0.86,425.78


32.15,7.62,0.78,426.00


32.17,7.62,0.75,426.21


32.19,7.62,0.73,426.42


32.20,7.62,0.70,426.61


32.22,7.62,0.70,426.81


32.24,7.63,0.78,427.03


32.25,7.62,0.89,427.28


32.27,7.61,0.89,427.53


32.29,7.62,0.73,427.74


32.31,7.62,0.70,427.94


32.32,7.62,0.89,428.18


32.34,7.59,0.83,428.42


32.36,7.62,0.78,428.64


32.37,7.62,0.70,428.84


32.39,7.62,0.75,429.05


32.41,7.61,0.67,429.24


32.42,7.62,0.78,429.46


32.44,7.63,0.81,429.69


32.46,7.61,0.78,429.91


32.47,7.62,0.62,430.08


32.49,7.60,0.73,430.29


32.51,7.62,0.67,430.48


32.53,7.62,0.86,430.72


32.54,7.63,0.86,430.96


32.56,7.62,0.75,431.18


32.58,7.60,0.73,431.38


32.59,7.61,0.83,431.62


32.61,7.58,0.73,431.82


32.63,7.61,0.73,432.03


32.64,7.61,0.78,432.25


32.66,7.63,0.86,432.49


32.68,7.60,0.83,432.72


32.69,7.61,0.65,432.91


32.71,7.62,0.78,433.13


32.73,7.61,0.70,433.32


32.75,7.61,0.89,433.57


32.76,7.62,0.86,433.82


32.78,7.61,0.94,434.08


32.80,7.60,0.81,434.31


32.81,7.61,0.75,434.52


32.83,7.61,0.67,434.71


32.85,7.61,0.73,434.92


32.86,7.61,0.67,435.11


32.88,7.62,0.62,435.28


32.90,7.62,0.75,435.49


32.91,7.62,0.83,435.73


32.93,7.62,0.73,435.93


32.95,7.64,0.60,436.10


32.97,7.62,0.67,436.29


32.98,7.61,0.78,436.51


33.00,7.60,0.75,436.73


33.02,7.61,0.73,436.93


33.03,7.62,0.67,437.12


33.05,7.59,0.86,437.36


33.07,7.62,0.75,437.58


33.08,7.62,0.60,437.74


33.10,7.58,0.83,437.98


33.12,7.62,0.81,438.21


33.13,7.61,0.83,438.44


33.15,7.61,0.91,438.70


33.17,7.63,0.67,438.89


33.19,7.61,0.67,439.08


33.20,7.61,0.67,439.27


33.22,7.60,0.75,439.48


33.24,7.63,0.73,439.69


33.25,7.62,0.75,439.90


33.27,7.60,0.73,440.10


33.29,7.62,0.46,440.24


33.30,7.61,0.73,440.44


33.32,7.61,0.73,440.65


33.34,7.60,0.78,440.87


33.35,7.63,0.86,441.11


33.37,7.61,0.75,441.32


33.39,7.60,0.54,441.47


33.41,7.61,0.78,441.69


33.42,7.58,0.73,441.90


33.44,7.62,0.78,442.12


33.46,7.61,0.60,442.29


33.47,7.60,0.81,442.51


33.49,7.60,0.86,442.76


33.51,7.60,0.65,442.94


33.52,7.61,0.81,443.17


33.54,7.61,0.78,443.39


33.56,7.62,0.75,443.60


33.57,7.60,0.65,443.78


33.59,7.61,0.83,444.02


33.61,7.59,0.81,444.24


33.63,7.62,0.70,444.44


33.64,7.60,0.78,444.66


33.66,7.63,0.83,444.90


33.68,7.60,0.81,445.12


33.69,7.60,0.75,445.34


33.71,7.62,0.81,445.56


33.73,7.59,0.96,445.84


33.74,7.61,0.75,446.05


33.76,7.62,0.89,446.30


33.78,7.62,0.81,446.53


33.79,7.62,0.83,446.76


33.81,7.61,0.83,447.00


33.83,7.63,0.91,447.25


33.85,7.60,0.78,447.47


33.86,7.60,0.65,447.66


33.88,7.63,0.65,447.84


33.90,7.61,0.67,448.03


33.91,7.61,0.83,448.26


33.93,7.60,0.75,448.48


33.95,7.60,0.81,448.70


33.96,7.60,0.75,448.92


33.98,7.62,0.81,449.14


34.00,7.61,0.83,449.38


34.01,7.61,0.73,449.58


34.03,7.61,0.65,449.77


34.05,7.60,0.78,449.99


34.07,7.61,0.65,450.17


34.08,7.60,0.73,450.38


34.10,7.61,0.78,450.59


34.12,7.60,0.75,450.81


34.13,7.62,0.83,451.04


34.15,7.60,0.70,451.24


34.17,7.61,0.86,451.48


34.18,7.60,0.70,451.68


34.20,7.60,0.73,451.89


34.22,7.60,0.78,452.11


34.23,7.60,0.89,452.36


34.25,7.61,0.65,452.54


34.27,7.60,0.89,452.79


34.29,7.62,0.73,452.99


34.30,7.61,0.73,453.20


34.32,7.60,0.73,453.40


34.34,7.60,0.81,453.63


34.35,7.60,0.70,453.83


34.37,7.61,0.83,454.06


34.39,7.62,0.86,454.31


34.40,7.60,0.62,454.48


34.42,7.61,0.70,454.68


34.44,7.61,0.70,454.88


34.45,7.60,0.73,455.08


34.47,7.59,0.78,455.30


34.49,7.61,0.83,455.54


34.51,7.61,0.89,455.79


34.52,7.61,0.75,456.00


34.54,7.60,0.86,456.24


34.56,7.61,0.70,456.44


34.57,7.60,0.65,456.62


34.59,7.61,0.73,456.83


34.61,7.62,0.67,457.02


34.62,7.58,0.83,457.25


34.64,7.60,0.78,457.47


34.66,7.60,0.89,457.72


34.67,7.61,0.83,457.96


34.69,7.60,0.86,458.20


34.71,7.58,0.67,458.39


34.73,7.60,0.75,458.60


34.74,7.60,0.67,458.79


34.76,7.59,0.65,458.98


34.78,7.62,0.78,459.20


34.79,7.62,0.67,459.39


34.81,7.60,0.86,459.63


34.83,7.61,0.75,459.84


34.84,7.61,0.65,460.02


34.86,7.58,0.83,460.26


34.88,7.57,0.83,460.49


34.89,7.60,0.89,460.74


34.91,7.60,0.65,460.93


34.93,7.57,0.75,461.14


34.95,7.60,0.78,461.36


34.96,7.59,0.73,461.56


34.98,7.60,0.75,461.78


35.00,7.60,0.62,461.95


35.01,7.59,0.75,462.16


35.03,7.58,0.67,462.35


35.05,7.60,0.89,462.60


35.06,7.61,0.89,462.85


35.08,7.60,0.73,463.06


35.10,7.62,0.73,463.26


35.11,7.60,0.75,463.48


35.13,7.59,0.78,463.70


35.15,7.60,0.89,463.95


35.17,7.60,0.83,464.18


35.18,7.61,0.86,464.42


35.20,7.59,0.60,464.59


35.22,7.60,0.78,464.81


35.23,7.57,0.83,465.05


35.25,7.58,0.67,465.24


35.27,7.60,0.78,465.46


35.28,7.58,0.75,465.67


35.30,7.58,0.70,465.87


35.32,7.60,0.70,466.07


35.33,7.59,0.70,466.26


35.35,7.58,0.65,466.45


35.37,7.60,0.73,466.65


35.39,7.60,0.86,466.89


35.40,7.59,0.75,467.11


35.42,7.59,0.65,467.29


35.44,7.59,0.81,467.52


35.45,7.60,0.78,467.74


35.47,7.60,0.89,467.99


35.49,7.61,0.65,468.17


35.50,7.58,0.70,468.37


35.52,7.60,0.62,468.54


35.54,7.61,0.78,468.76


35.55,7.59,0.83,469.00


35.57,7.59,0.83,469.23


35.59,7.60,0.89,469.48


35.61,7.57,0.83,469.72


35.62,7.59,0.86,469.96


35.64,7.60,0.78,470.18


35.66,7.60,0.75,470.39


35.67,7.60,0.62,470.57


35.69,7.59,0.75,470.78


35.71,7.59,0.73,470.98


35.72,7.60,0.73,471.19


35.74,7.58,0.57,471.35


35.76,7.59,0.89,471.60


35.77,7.60,0.75,471.81


35.79,7.60,0.70,472.01


35.81,7.60,0.86,472.25


35.83,7.59,0.89,472.50


35.84,7.60,0.62,472.68


35.86,7.58,0.70,472.88


35.88,7.58,0.78,473.10


35.89,7.58,0.73,473.30


35.91,7.59,0.70,473.50


35.93,7.57,0.75,473.71


35.94,7.58,0.78,473.93


35.96,7.58,0.65,474.11


35.98,7.58,0.70,474.31


35.99,7.59,0.75,474.52


36.01,7.58,0.78,474.74


36.03,7.58,0.75,474.96


36.05,7.58,0.73,475.16


36.06,7.59,0.78,475.38


36.08,7.59,0.70,475.58


36.10,7.58,0.81,475.81


36.11,7.60,0.83,476.04


36.13,7.57,0.60,476.21


36.15,7.61,0.67,476.40


36.16,7.56,0.73,476.61


36.18,7.58,0.94,476.87


36.20,7.60,0.86,477.11


36.21,7.59,0.65,477.29


36.23,7.60,0.62,477.47


36.25,7.57,0.70,477.67


36.27,7.59,0.78,477.89


36.28,7.59,0.78,478.11


36.30,7.56,0.78,478.33


36.32,7.59,0.78,478.55


36.33,7.59,0.83,478.78


36.35,7.58,0.78,479.00


36.37,7.60,0.91,479.26


36.38,7.55,0.75,479.47


36.40,7.57,0.81,479.70


36.42,7.57,0.81,479.93


36.43,7.60,0.73,480.13


36.45,7.59,0.81,480.36


36.47,7.58,0.94,480.63


36.49,7.58,0.86,480.87


36.50,7.59,0.70,481.07


36.52,7.57,0.75,481.28


36.54,7.58,0.75,481.49


36.55,7.58,0.73,481.70


36.57,7.58,0.70,481.89


36.59,7.57,0.75,482.11


36.60,7.58,0.65,482.29


36.62,7.57,0.73,482.49


36.64,7.59,0.67,482.68


36.65,7.60,0.75,482.90


36.67,7.57,0.89,483.15


36.69,7.59,0.70,483.34


36.71,7.58,0.75,483.56


36.72,7.59,0.78,483.78


36.74,7.58,0.78,484.00


36.76,7.57,0.73,484.20


36.77,7.58,0.70,484.40


36.79,7.58,0.65,484.58


36.81,7.58,0.70,484.78


36.82,7.57,0.75,484.99


36.84,7.58,0.83,485.23


36.86,7.59,0.89,485.48


36.87,7.58,0.83,485.71


36.89,7.57,0.73,485.92


36.91,7.60,0.62,486.09


36.93,7.59,0.70,486.29


36.94,7.60,0.89,486.54


36.96,7.57,0.83,486.78


36.98,7.59,0.78,487.00


36.99,7.60,0.75,487.21


37.01,7.58,0.70,487.41


37.03,7.57,0.75,487.62


37.04,7.58,0.86,487.86


37.06,7.57,0.67,488.05


37.08,7.58,0.78,488.27


37.09,7.58,0.86,488.51


37.11,7.59,0.83,488.75


37.13,7.58,0.75,488.96


37.15,7.58,0.73,489.17


37.16,7.58,0.96,489.44


37.18,7.58,0.54,489.59


37.20,7.59,0.81,489.82


37.21,7.60,0.81,490.05


37.23,7.58,0.78,490.27


37.25,7.58,0.57,490.43


37.26,7.58,0.70,490.62


37.28,7.56,0.78,490.84


37.30,7.57,0.81,491.07


37.31,7.58,0.65,491.25


37.33,7.58,0.75,491.47


37.35,7.59,0.70,491.66


37.37,7.57,0.83,491.90


37.38,7.60,0.75,492.11


37.40,7.58,0.75,492.32


37.42,7.56,0.81,492.55


37.43,7.58,0.73,492.76


37.45,7.58,0.70,492.95


37.47,7.58,0.75,493.17


37.48,7.58,0.86,493.41


37.50,7.58,0.60,493.58


37.52,7.57,0.73,493.78


37.53,7.59,0.65,493.97


37.55,7.56,0.78,494.19


37.57,7.58,0.83,494.42


37.59,7.57,0.73,494.63


37.60,7.58,0.75,494.84


37.62,7.58,0.70,495.04


37.64,7.59,0.78,495.26


37.65,7.55,0.73,495.46


37.67,7.57,0.89,495.71


37.69,7.57,0.67,495.90


37.70,7.60,0.86,496.14


37.72,7.58,0.78,496.36


37.74,7.58,0.73,496.57


37.75,7.56,0.49,496.71


37.77,7.56,0.78,496.93


37.79,7.57,0.65,497.11


37.81,7.58,0.78,497.33


37.82,7.56,0.67,497.52


37.84,7.56,0.83,497.75


37.86,7.55,0.78,497.97


37.87,7.56,0.73,498.18


37.89,7.57,0.73,498.39


37.91,7.57,0.75,498.60


37.92,7.59,0.81,498.82


37.94,7.58,0.67,499.02


37.96,7.57,0.73,499.22


37.97,7.58,0.73,499.43


37.99,7.56,0.73,499.63


38.01,7.57,0.62,499.81


38.03,7.56,0.78,500.03


38.04,7.56,0.78,500.25


38.06,7.56,0.78,500.47


38.08,7.56,0.73,500.67


38.09,7.58,0.91,500.93


38.11,7.58,0.78,501.15


38.13,7.57,0.78,501.37


38.14,7.57,0.75,501.58


38.16,7.56,0.75,501.79


38.18,7.55,0.86,502.04


38.19,7.57,0.67,502.23


38.21,7.55,0.78,502.45


38.23,7.58,0.89,502.70


38.25,7.57,0.83,502.93


38.26,7.58,0.75,503.14


38.28,7.57,0.62,503.32


38.30,7.56,0.75,503.53


38.31,7.56,0.86,503.77


38.33,7.57,0.86,504.02


38.35,7.56,0.81,504.24


38.36,7.58,0.89,504.49


38.38,7.57,0.62,504.67


38.40,7.56,0.73,504.87


38.41,7.58,0.65,505.06


38.43,7.56,0.78,505.28


38.45,7.56,0.70,505.47


38.47,7.57,0.83,505.71


38.48,7.58,0.70,505.91


38.50,7.56,0.81,506.14


38.52,7.56,0.65,506.32


38.53,7.55,0.86,506.56


38.55,7.56,0.67,506.75


38.57,7.56,0.81,506.98


38.58,7.57,0.83,507.21


38.60,7.56,0.62,507.39


38.62,7.58,0.73,507.59


38.63,7.57,0.67,507.78


38.65,7.56,0.81,508.01


38.67,7.56,0.86,508.25


38.69,7.56,0.65,508.44


38.70,7.57,0.62,508.61


38.72,7.55,0.81,508.84


38.74,7.56,0.73,509.04


38.75,7.57,0.70,509.24


38.77,7.56,0.81,509.47


38.79,7.56,0.78,509.69


38.80,7.56,0.75,509.90


38.82,7.57,0.70,510.10


38.84,7.57,0.75,510.31


38.85,7.55,0.78,510.53


38.87,7.57,0.67,510.72


38.89,7.58,0.83,510.96


38.91,7.56,0.65,511.14


38.92,7.57,0.70,511.34


38.94,7.58,0.65,511.52


38.96,7.58,0.75,511.73


38.97,7.56,0.78,511.95


38.99,7.56,0.83,512.19


39.01,7.56,0.54,512.34


39.02,7.56,0.75,512.55


39.04,7.55,0.67,512.74


39.06,7.57,0.78,512.96


39.07,7.56,0.83,513.20


39.09,7.56,0.75,513.41


39.11,7.56,0.83,513.65


39.13,7.56,0.83,513.88


39.14,7.57,0.91,514.14


39.16,7.56,0.70,514.34


39.18,7.56,0.65,514.52


39.19,7.56,0.81,514.75


39.21,7.56,0.73,514.95


39.23,7.56,0.75,515.16


39.24,7.56,0.83,515.40


39.26,7.56,0.81,515.63


39.28,7.58,0.65,515.81


39.29,7.55,0.67,516.00


39.31,7.54,0.73,516.20


39.33,7.56,0.86,516.45


39.35,7.55,0.86,516.69


39.36,7.55,0.65,516.87


39.38,7.54,0.78,517.09


39.40,7.56,0.67,517.28


39.41,7.55,0.62,517.46


39.43,7.55,0.67,517.65


39.45,7.56,0.81,517.87


39.46,7.56,0.73,518.08


39.48,7.56,0.75,518.29


39.50,7.55,0.78,518.51


39.51,7.56,0.75,518.72


39.53,7.56,0.75,518.94


39.55,7.56,1.02,519.22


39.57,7.56,0.70,519.42


39.58,7.55,0.78,519.64


39.60,7.55,0.78,519.86


39.62,7.55,0.81,520.09


39.63,7.57,0.86,520.33


39.65,7.56,0.70,520.53


39.67,7.56,0.67,520.72


39.68,7.56,0.75,520.93


39.70,7.55,0.86,521.18


39.72,7.57,0.62,521.35


39.73,7.56,0.94,521.61


39.75,7.55,0.75,521.83


39.77,7.54,0.75,522.04


39.79,7.55,0.81,522.27


39.80,7.56,0.65,522.45


39.82,7.55,0.91,522.71


39.84,7.55,0.67,522.90


39.85,7.56,0.81,523.13


39.87,7.54,0.86,523.37


39.89,7.56,0.81,523.60


39.90,7.55,0.81,523.82


39.92,7.56,0.78,524.04


39.94,7.55,0.70,524.24


39.95,7.56,0.91,524.50


39.97,7.57,0.96,524.77


39.99,7.53,0.89,525.02


40.01,7.56,0.78,525.24


40.02,7.55,0.67,525.43


40.04,7.54,0.67,525.62


40.06,7.56,0.78,525.84


40.07,7.55,0.65,526.02


40.09,7.55,0.78,526.24


40.11,7.54,0.83,526.48


40.12,7.55,0.75,526.69


40.14,7.54,0.78,526.91


40.16,7.55,0.73,527.11


40.17,7.55,0.70,527.31


40.19,7.54,0.81,527.54


40.21,7.56,0.75,527.75


40.23,7.55,0.67,527.94


40.24,7.55,0.86,528.18


40.26,7.56,0.75,528.40


40.28,7.54,0.83,528.63


40.29,7.54,0.67,528.82


40.31,7.53,0.81,529.05


40.33,7.54,0.75,529.26


40.34,7.54,0.81,529.49


40.36,7.54,0.89,529.74


40.38,7.53,0.70,529.94


40.39,7.55,0.83,530.17


40.41,7.55,0.86,530.42


40.43,7.54,0.86,530.66


40.45,7.56,0.81,530.89


40.46,7.55,0.81,531.11


40.48,7.54,0.83,531.35


40.50,7.54,0.75,531.56


40.51,7.54,0.70,531.76


40.53,7.55,0.73,531.96


40.55,7.54,0.78,532.18


40.56,7.53,0.60,532.35


40.58,7.54,0.89,532.60


40.60,7.55,0.54,532.75


40.61,7.52,0.65,532.94


40.63,7.55,0.86,533.18


40.65,7.55,0.73,533.38


40.67,7.55,0.78,533.60


40.68,7.55,0.86,533.85


40.70,7.54,0.78,534.07


40.72,7.54,0.78,534.29


40.73,7.53,0.81,534.51


40.75,7.54,0.62,534.69


40.77,7.55,0.65,534.87


40.78,7.54,0.75,535.08


40.80,7.55,0.81,535.31


40.82,7.54,0.73,535.52


40.83,7.55,0.89,535.77


40.85,7.54,0.62,535.94


40.87,7.54,0.75,536.15


40.89,7.55,0.78,536.37


40.90,7.54,0.73,536.58


40.92,7.55,0.75,536.79


40.94,7.55,0.83,537.03


40.95,7.53,0.78,537.25


40.97,7.55,0.65,537.43


40.99,7.55,0.73,537.63


41.00,7.54,0.81,537.86


41.02,7.54,0.83,538.10


41.04,7.53,0.67,538.29


41.05,7.54,0.89,538.54


41.07,7.55,0.54,538.69


41.09,7.53,0.70,538.89


41.11,7.52,0.94,539.15


41.12,7.54,0.81,539.38


41.14,7.52,0.70,539.58


41.16,7.54,0.75,539.79


41.17,7.55,0.83,540.02


41.19,7.53,0.78,540.24


41.21,7.55,0.81,540.47


41.22,7.52,0.73,540.68


41.24,7.53,0.73,540.88


41.26,7.54,0.67,541.07


41.27,7.54,0.75,541.28


41.29,7.52,0.81,541.51


41.31,7.54,0.81,541.74


41.33,7.53,0.81,541.97


41.34,7.54,0.70,542.16


41.36,7.53,0.73,542.37


41.38,7.54,0.78,542.59


41.39,7.53,0.86,542.83


41.41,7.54,0.75,543.04


41.43,7.54,0.73,543.25


41.44,7.54,0.89,543.50


41.46,7.53,0.89,543.75


41.48,7.54,0.75,543.96


41.49,7.54,0.89,544.21


41.51,7.54,0.70,544.41


41.53,7.54,0.83,544.64


41.55,7.53,0.83,544.88


41.56,7.53,0.70,545.08


41.58,7.53,0.75,545.29


41.60,7.53,0.89,545.54


41.61,7.53,0.73,545.74


41.63,7.54,0.81,545.97


41.65,7.53,0.86,546.21


41.66,7.53,0.75,546.43


41.68,7.54,0.75,546.64


41.70,7.54,0.75,546.85


41.71,7.54,0.86,547.09


41.73,7.53,0.75,547.31


41.75,7.55,0.73,547.51


41.77,7.54,0.78,547.73


41.78,7.53,0.81,547.96


41.80,7.52,0.70,548.16


41.82,7.54,0.73,548.36


41.83,7.54,0.75,548.57


41.85,7.53,0.89,548.82


41.87,7.54,0.75,549.04


41.88,7.54,0.73,549.24


41.90,7.53,0.78,549.46


41.92,7.52,0.73,549.67


41.93,7.53,0.78,549.89


41.95,7.52,0.73,550.09


41.97,7.53,0.83,550.33


41.99,7.52,0.70,550.52


42.00,7.53,0.81,550.75


42.02,7.52,0.83,550.99


42.04,7.53,0.83,551.22


42.05,7.54,0.75,551.43


42.07,7.52,0.73,551.64


42.09,7.53,0.73,551.84


42.10,7.53,0.89,552.09


42.12,7.54,0.91,552.35


42.14,7.53,0.57,552.51


42.15,7.54,0.67,552.70


42.17,7.53,0.78,552.92


42.19,7.53,0.65,553.10


42.21,7.52,0.65,553.29


42.22,7.54,0.75,553.50


42.24,7.53,0.65,553.68


42.26,7.54,0.73,553.89


42.27,7.53,0.67,554.08


42.29,7.52,0.60,554.25


42.31,7.52,0.78,554.47


42.32,7.52,0.81,554.69


42.34,7.53,0.81,554.92


42.36,7.53,0.75,555.13


42.37,7.53,0.89,555.38


42.39,7.52,0.62,555.56


42.41,7.53,0.70,555.76


42.43,7.52,0.65,555.94


42.44,7.52,0.86,556.18


42.46,7.54,0.73,556.39


42.48,7.54,0.73,556.59


42.49,7.52,0.73,556.80


42.51,7.52,0.75,557.01


42.53,7.52,0.73,557.21


42.54,7.51,0.83,557.45


42.56,7.54,0.83,557.68


42.58,7.53,0.73,557.89


42.59,7.52,0.83,558.12


42.61,7.53,0.81,558.35


42.63,7.52,0.73,558.56


42.65,7.52,0.57,558.72


42.66,7.54,0.75,558.93


42.68,7.52,0.83,559.17


42.70,7.52,0.86,559.41


42.71,7.53,0.75,559.62


42.73,7.52,0.75,559.83


42.75,7.52,0.81,560.06


42.76,7.52,0.78,560.28


42.78,7.51,0.75,560.49


42.80,7.52,0.75,560.71


42.81,7.54,0.83,560.94


42.83,7.52,0.78,561.16


42.85,7.52,0.83,561.39


42.87,7.53,0.67,561.59


42.88,7.53,0.67,561.78


42.90,7.52,0.91,562.03


42.92,7.53,0.57,562.19


42.93,7.53,0.75,562.41


42.95,7.52,0.81,562.63


42.97,7.52,0.83,562.87


42.98,7.51,0.70,563.07


43.00,7.53,0.86,563.31


43.02,7.51,0.73,563.51


43.03,7.52,0.73,563.72


43.05,7.52,0.67,563.91


43.07,7.53,0.70,564.11


43.09,7.51,0.75,564.32


43.10,7.53,0.81,564.55


43.12,7.53,0.67,564.74


43.14,7.53,0.81,564.96


43.15,7.52,0.78,565.18


43.17,7.52,0.86,565.43


43.19,7.53,0.70,565.62


43.20,7.51,0.75,565.84


43.22,7.51,0.81,566.06


43.24,7.52,0.73,566.27


43.25,7.52,0.89,566.52


43.27,7.53,0.75,566.73


43.29,7.52,0.67,566.92


43.31,7.53,0.67,567.11


43.32,7.53,0.78,567.33


43.34,7.51,0.83,567.57


43.36,7.52,0.78,567.79


43.37,7.51,0.75,568.00


43.39,7.52,0.75,568.21


43.41,7.52,0.60,568.38


43.42,7.53,0.83,568.61


43.44,7.50,0.70,568.81


43.46,7.53,0.78,569.03


43.47,7.52,0.83,569.27


43.49,7.53,0.83,569.50


43.51,7.52,0.73,569.71


43.53,7.51,0.78,569.93


43.54,7.52,0.70,570.12


43.56,7.51,0.83,570.36


43.58,7.52,0.81,570.59


43.59,7.52,0.75,570.80


43.61,7.52,0.78,571.02


43.63,7.52,0.75,571.23


43.64,7.53,0.62,571.41


43.66,7.51,0.94,571.67


43.68,7.52,0.62,571.85


43.69,7.51,0.89,572.10


43.71,7.52,0.73,572.30


43.73,7.50,0.83,572.54


43.75,7.52,0.89,572.79


43.76,7.52,0.78,573.01


43.78,7.52,0.65,573.19


43.80,7.52,0.89,573.44


43.81,7.52,0.91,573.70


43.83,7.53,0.70,573.89


43.85,7.52,0.75,574.11


43.86,7.53,0.67,574.30


43.88,7.51,0.81,574.52


43.90,7.52,0.86,574.77


43.91,7.52,0.57,574.93


43.93,7.51,0.70,575.12


43.95,7.51,0.81,575.35


43.97,7.51,0.60,575.52


43.98,7.50,0.83,575.75


44.00,7.53,0.54,575.91


44.02,7.51,0.78,576.13


44.03,7.52,0.75,576.34


44.05,7.52,0.65,576.52


44.07,7.51,0.81,576.75


44.08,7.53,0.78,576.97


44.10,7.53,0.81,577.20


44.12,7.52,0.73,577.40


44.13,7.52,0.91,577.66


44.15,7.51,0.75,577.87


44.17,7.52,0.83,578.11


44.19,7.51,0.70,578.30


44.20,7.50,0.67,578.49


44.22,7.51,0.70,578.69


44.24,7.52,0.86,578.94


44.25,7.52,0.70,579.13


44.27,7.52,0.73,579.34


44.29,7.52,0.81,579.57


44.30,7.51,0.78,579.79


44.32,7.51,0.73,579.99


44.34,7.52,0.73,580.20


44.35,7.50,0.86,580.44


44.37,7.50,0.86,580.68


44.39,7.50,0.67,580.87


44.41,7.50,0.65,581.05


44.42,7.50,0.70,581.25


44.44,7.52,0.78,581.47


44.46,7.50,0.86,581.71


44.47,7.52,0.75,581.93


44.49,7.51,0.83,582.16


44.51,7.51,0.81,582.39


44.52,7.50,0.75,582.60


44.54,7.52,0.67,582.79


44.56,7.52,0.83,583.03


44.57,7.52,0.75,583.24


44.59,7.53,0.78,583.46


44.61,7.50,0.86,583.70


44.63,7.51,0.81,583.93


44.64,7.52,0.75,584.14


44.66,7.52,0.86,584.38


44.68,7.52,0.78,584.60


44.69,7.52,0.78,584.82


44.71,7.52,0.83,585.06


44.73,7.50,0.70,585.26


44.74,7.51,0.73,585.46


44.76,7.51,0.86,585.70


44.78,7.50,0.75,585.92


44.79,7.52,0.70,586.11


44.81,7.50,0.67,586.30


44.83,7.51,0.67,586.49


44.85,7.50,0.89,586.74


44.86,7.50,0.78,586.96


44.88,7.52,0.78,587.18


44.90,7.53,0.75,587.40


44.91,7.50,0.78,587.62


44.93,7.50,0.75,587.83


44.95,7.51,0.67,588.02


44.96,7.51,0.73,588.22


44.98,7.50,0.75,588.44


45.00,7.52,0.86,588.68


45.01,7.50,0.91,588.94


45.03,7.52,0.73,589.14


45.05,7.51,0.75,589.35


45.07,7.50,0.81,589.58


45.08,7.50,0.75,589.79


45.10,7.51,0.78,590.01


45.12,7.53,0.73,590.22


45.13,7.50,0.73,590.42


45.15,7.50,0.67,590.61


45.17,7.50,0.81,590.84


45.18,7.50,0.89,591.09


45.20,7.52,0.75,591.30


45.22,7.50,0.94,591.57


45.23,7.50,0.65,591.75


45.25,7.52,0.81,591.98


45.27,7.52,0.86,592.22


45.29,7.51,0.70,592.42


45.30,7.50,0.60,592.59


45.32,7.50,0.75,592.80


45.34,7.51,0.89,593.05


45.35,7.51,0.81,593.28


45.37,7.49,0.75,593.49


45.39,7.50,0.67,593.68


45.40,7.52,0.81,593.91


45.42,7.50,0.65,594.09


45.44,7.49,0.83,594.32


45.45,7.51,0.91,594.58


45.47,7.52,0.83,594.82


45.49,7.50,0.75,595.03


45.51,7.50,0.70,595.23


45.52,7.51,0.81,595.45


45.54,7.51,0.81,595.68


45.56,7.50,0.73,595.89


45.57,7.50,0.65,596.07


45.59,7.50,0.81,596.30


45.61,7.51,0.89,596.55


45.62,7.50,0.75,596.76


45.64,7.52,0.67,596.95


45.66,7.48,0.75,597.16


45.67,7.50,0.73,597.37


45.69,7.52,0.86,597.61


45.71,7.51,0.62,597.79


45.73,7.51,0.78,598.01


45.74,7.49,0.70,598.20


45.76,7.49,0.70,598.40


45.78,7.50,0.81,598.63


45.79,7.50,0.81,598.86


45.81,7.50,0.75,599.07


45.83,7.52,0.86,599.31


45.84,7.50,0.70,599.51


45.86,7.51,0.81,599.74


45.88,7.48,0.78,599.96


45.89,7.50,0.70,600.15


45.91,7.51,0.86,600.40


45.93,7.51,0.86,600.64


45.95,7.49,0.70,600.84


45.96,7.49,0.86,601.08


45.98,7.50,0.78,601.30


46.00,7.50,0.75,601.51


46.01,7.48,0.86,601.75


46.03,7.51,0.75,601.97


46.05,7.51,0.75,602.18


46.06,7.48,0.75,602.39


46.08,7.49,0.70,602.59


46.10,7.49,0.67,602.78


46.11,7.51,0.81,603.01


46.13,7.50,0.62,603.18


46.15,7.50,0.81,603.41


46.17,7.50,0.75,603.62


46.18,7.51,0.60,603.79


46.20,7.50,0.65,603.97


46.22,7.49,0.70,604.17


46.23,7.51,0.73,604.37


46.25,7.49,0.70,604.57


46.27,7.50,0.75,604.78


46.28,7.50,0.75,605.00


46.30,7.49,0.70,605.19


46.32,7.49,0.62,605.37


46.33,7.49,0.81,605.60


46.35,7.49,0.67,605.79


46.37,7.49,0.75,606.00


46.39,7.50,0.67,606.19


46.40,7.50,0.75,606.40


46.42,7.49,0.73,606.61


46.44,7.49,0.81,606.84


46.45,7.49,0.65,607.02


46.47,7.50,0.81,607.25


46.49,7.50,0.75,607.46


46.50,7.48,0.73,607.66


46.52,7.50,0.62,607.84


46.54,7.49,0.78,608.06


46.55,7.50,0.75,608.27


46.57,7.49,0.78,608.49


46.59,7.49,0.73,608.70


46.61,7.48,0.78,608.92


46.62,7.48,0.83,609.15


46.64,7.48,0.73,609.36


46.66,7.50,0.65,609.54


46.67,7.50,0.86,609.78


46.69,7.50,0.75,609.99


46.71,7.48,0.70,610.19


46.72,7.50,0.78,610.41


46.74,7.48,0.67,610.60


46.76,7.49,0.86,610.84


46.77,7.49,0.78,611.06


46.79,7.48,0.75,611.28


46.81,7.48,0.81,611.50


46.83,7.49,0.65,611.69


46.84,7.48,0.62,611.86


46.86,7.49,0.70,612.06


46.88,7.48,0.62,612.24


46.89,7.49,0.81,612.46


46.91,7.49,0.67,612.65


46.93,7.49,0.73,612.86


46.94,7.48,0.81,613.09


46.96,7.48,0.75,613.30


46.98,7.49,0.81,613.53


46.99,7.50,0.75,613.74


47.01,7.50,0.62,613.91


47.03,7.49,0.81,614.14


47.05,7.50,0.70,614.34


47.06,7.49,0.67,614.53


47.08,7.48,0.94,614.79


47.10,7.50,0.75,615.01


47.11,7.48,0.73,615.21


47.13,7.47,0.67,615.40


47.15,7.50,0.89,615.65


47.16,7.47,0.91,615.91


47.18,7.49,0.86,616.15


47.20,7.44,0.75,616.36


47.21,7.49,0.67,616.55


47.23,7.50,0.81,616.78


47.25,7.49,0.70,616.98


47.27,7.50,0.89,617.23


47.28,7.49,0.86,617.47


47.30,7.50,0.78,617.69


47.32,7.50,0.62,617.87


47.33,7.50,0.67,618.06


47.35,7.49,0.70,618.26


47.37,7.48,0.67,618.45


47.38,7.46,0.75,618.66


47.40,7.48,0.73,618.86


47.42,7.48,0.67,619.05


47.43,7.48,0.60,619.22


47.45,7.46,0.75,619.43


47.47,7.49,0.70,619.63


47.49,7.48,0.70,619.83


47.50,7.48,0.52,619.97


47.52,7.49,0.67,620.16


47.54,7.48,0.67,620.35


47.55,7.48,0.78,620.57


47.57,7.48,0.75,620.79


47.59,7.49,0.65,620.97


47.60,7.48,0.78,621.19


47.62,7.48,0.62,621.37


47.64,7.48,0.91,621.62


47.65,7.49,0.75,621.83


47.67,7.49,0.70,622.03


47.69,7.49,0.57,622.19


47.71,7.47,0.81,622.42


47.72,7.49,0.60,622.59


47.74,7.49,0.73,622.79


47.76,7.48,0.81,623.02


47.77,7.48,0.94,623.29


47.79,7.47,0.86,623.53


47.81,7.48,0.75,623.74


47.82,7.48,0.70,623.94


47.84,7.48,0.70,624.14


47.86,7.48,0.81,624.36


47.87,7.47,0.70,624.56


47.89,7.46,0.89,624.81


47.91,7.48,0.73,625.02


47.93,7.50,0.67,625.21


47.94,7.48,0.83,625.44


47.96,7.49,0.67,625.63


47.98,7.47,0.81,625.86


47.99,7.46,0.75,626.07


48.01,7.48,0.83,626.31


48.03,7.49,0.73,626.51


48.04,7.48,0.75,626.72


48.06,7.48,0.65,626.91


48.08,7.48,0.78,627.13


48.09,7.48,0.75,627.34


48.11,7.48,0.75,627.55


48.13,7.47,0.81,627.78


48.15,7.47,0.78,628.00


48.16,7.47,0.70,628.20


48.18,7.49,0.62,628.37


48.20,7.49,0.70,628.57


48.21,7.46,0.70,628.77


48.23,7.45,0.60,628.94


48.25,7.47,0.78,629.16


48.26,7.48,0.67,629.35


48.28,7.48,0.83,629.58


48.30,7.48,0.73,629.79


48.31,7.49,0.86,630.03


48.33,7.48,0.81,630.26


48.35,7.49,0.60,630.42


48.37,7.50,0.73,630.63


48.38,7.49,0.67,630.82


48.40,7.49,0.70,631.02


48.42,7.46,0.67,631.21


48.43,7.48,0.62,631.38


48.45,7.48,0.70,631.58


48.47,7.46,0.81,631.81


48.48,7.47,0.75,632.02


48.50,7.48,0.86,632.26


48.52,7.46,0.70,632.46


48.53,7.47,0.73,632.66


48.55,7.48,0.75,632.88


48.57,7.47,0.70,633.07


48.59,7.46,0.65,633.26


48.60,7.47,0.73,633.46


48.62,7.48,0.67,633.65


48.64,7.47,0.78,633.87


48.65,7.48,0.89,634.12


48.67,7.47,0.67,634.31


48.69,7.47,0.75,634.52


48.70,7.48,0.70,634.72


48.72,7.47,0.67,634.91


48.74,7.47,0.75,635.13


48.75,7.48,0.75,635.34


48.77,7.46,0.83,635.57


48.79,7.47,0.78,635.79


48.81,7.46,0.65,635.98


48.82,7.49,0.65,636.16


48.84,7.47,0.91,636.42


48.86,7.47,0.65,636.60


48.87,7.47,0.81,636.83


48.89,7.48,0.75,637.04


48.91,7.46,0.70,637.24


48.92,7.46,0.75,637.45


48.94,7.48,0.73,637.65


48.96,7.48,0.89,637.90


48.97,7.45,0.62,638.08


48.99,7.47,0.70,638.28


49.01,7.48,0.81,638.50


49.03,7.46,0.73,638.71


49.04,7.49,0.78,638.93


49.06,7.46,0.83,639.16


49.08,7.48,0.75,639.38


49.09,7.46,0.67,639.57


49.11,7.48,0.91,639.82


49.13,7.47,0.73,640.03


49.14,7.46,0.65,640.21


49.16,7.47,0.83,640.45


49.18,7.47,0.81,640.67


49.19,7.45,0.81,640.90


49.21,7.46,0.70,641.10


49.23,7.46,0.73,641.30


49.25,7.47,0.65,641.49


49.26,7.48,0.86,641.73


49.28,7.47,0.75,641.94


49.30,7.48,0.75,642.16


49.31,7.47,0.81,642.38


49.33,7.47,0.86,642.62


49.35,7.47,0.73,642.83


49.36,7.46,0.67,643.02


49.38,7.46,0.94,643.28


49.40,7.46,0.65,643.47


49.41,7.46,0.75,643.68


49.43,7.46,0.67,643.87


49.45,7.47,0.96,644.14


49.47,7.48,0.83,644.38


49.48,7.46,0.94,644.64


49.50,7.46,0.91,644.90


49.52,7.47,0.75,645.11


49.53,7.45,0.73,645.32


49.55,7.47,0.75,645.53


49.57,7.46,0.67,645.72


49.58,7.45,0.81,645.95


49.60,7.47,0.73,646.15


49.62,7.46,0.73,646.36


49.63,7.46,0.78,646.58


49.65,7.46,0.75,646.79


49.67,7.46,0.91,647.05


49.69,7.46,0.75,647.26


49.70,7.46,0.83,647.49


49.72,7.47,0.70,647.69


49.74,7.47,0.83,647.93


49.75,7.46,0.91,648.18


49.77,7.46,0.78,648.41


49.79,7.45,0.70,648.60


49.80,7.46,0.60,648.77


49.82,7.46,0.89,649.02


49.84,7.47,0.81,649.25


49.85,7.45,0.70,649.45


49.87,7.46,0.73,649.65


49.89,7.45,0.73,649.86


49.91,7.46,0.75,650.07


49.92,7.46,0.75,650.28


49.94,7.47,0.78,650.50


49.96,7.44,0.75,650.71


49.97,7.47,0.94,650.98


49.99,7.45,0.89,651.23


50.01,7.48,0.62,651.40


50.02,7.46,0.81,651.63


50.04,7.46,0.67,651.82


50.06,7.45,0.67,652.01


50.07,7.46,0.75,652.22


50.09,7.46,0.73,652.43


50.11,7.46,0.70,652.63


50.13,7.46,0.75,652.84


50.14,7.47,0.70,653.04


50.16,7.45,0.75,653.25


50.18,7.47,0.83,653.48


50.19,7.48,0.65,653.67


50.21,7.47,0.75,653.88


50.23,7.45,0.73,654.08


50.24,7.46,0.75,654.30


50.26,7.46,0.78,654.52


50.28,7.46,0.67,654.71


50.29,7.46,0.67,654.90


50.31,7.45,0.70,655.09


50.33,7.46,0.83,655.33


50.35,7.44,0.70,655.53


50.36,7.45,0.73,655.73


50.38,7.47,0.94,656.00


50.40,7.45,0.70,656.19


50.41,7.46,0.70,656.39


50.43,7.44,0.70,656.59


50.45,7.46,0.89,656.84


50.46,7.46,0.89,657.09


50.48,7.45,0.75,657.30


50.50,7.45,0.83,657.54


50.51,7.47,0.78,657.76


50.53,7.46,0.89,658.01


50.55,7.46,0.83,658.24


50.57,7.47,0.83,658.48


50.58,7.44,0.75,658.69


50.60,7.45,0.60,658.86


50.62,7.46,0.65,659.04


50.63,7.43,0.75,659.25


50.65,7.44,0.96,659.52


50.67,7.46,0.73,659.73


50.68,7.45,0.86,659.97


50.70,7.45,0.70,660.17


50.72,7.45,0.70,660.37


50.73,7.46,0.94,660.63


50.75,7.46,0.81,660.86


50.77,7.46,0.86,661.10


50.79,7.45,0.62,661.28


50.80,7.46,0.75,661.49


50.82,7.46,0.86,661.73


50.84,7.45,0.75,661.94


50.85,7.45,0.83,662.18


50.87,7.46,0.62,662.36


50.89,7.46,0.70,662.55


50.90,7.47,0.70,662.75


50.92,7.46,0.67,662.94


50.94,7.46,0.75,663.15


50.95,7.46,0.81,663.38


50.97,7.46,0.89,663.63


50.99,7.44,0.54,663.78


51.01,7.45,0.65,663.97


51.02,7.44,0.73,664.17


51.04,7.47,0.70,664.37


51.06,7.46,0.67,664.56


51.07,7.44,0.62,664.73


51.09,7.45,0.75,664.95


51.11,7.46,0.81,665.17


51.12,7.45,0.86,665.42


51.14,7.44,0.73,665.62


51.16,7.45,0.81,665.85


51.17,7.45,0.70,666.05


51.19,7.44,0.73,666.25


51.21,7.45,0.73,666.46


51.23,7.45,0.75,666.67


51.24,7.44,0.70,666.87


51.26,7.46,0.70,667.07


51.28,7.46,0.67,667.26


51.29,7.46,0.89,667.50


51.31,7.44,0.75,667.72


51.33,7.44,0.75,667.93


51.34,7.47,0.75,668.14


51.36,7.46,0.89,668.39


51.38,7.44,0.73,668.60


51.39,7.45,0.78,668.82


51.41,7.45,0.70,669.02


51.43,7.44,0.81,669.24


51.45,7.43,0.83,669.48


51.46,7.45,0.81,669.71


51.48,7.44,0.70,669.90


51.50,7.45,0.73,670.11


51.51,7.46,0.60,670.28


51.53,7.45,0.75,670.49


51.55,7.44,0.73,670.69


51.56,7.44,0.78,670.91


51.58,7.44,0.81,671.14


51.60,7.44,0.86,671.38


51.61,7.45,0.67,671.57


51.63,7.45,0.78,671.79


51.65,7.44,0.78,672.01


51.67,7.44,0.86,672.26


51.68,7.45,0.73,672.46


51.70,7.45,0.75,672.67


51.72,7.44,0.70,672.87


51.73,7.45,0.83,673.11


51.75,7.44,0.73,673.31


51.77,7.44,0.67,673.50


51.78,7.45,0.70,673.70


51.80,7.46,0.75,673.91


51.82,7.45,0.75,674.12


51.83,7.45,0.91,674.38


51.85,7.44,0.75,674.59


51.87,7.46,0.70,674.79


51.89,7.43,0.67,674.98


51.90,7.43,0.75,675.19


51.92,7.43,0.67,675.38


51.94,7.45,0.67,675.57


51.95,7.46,0.75,675.79


51.97,7.44,0.70,675.98


51.99,7.43,0.81,676.21


52.00,7.43,0.89,676.46


52.02,7.45,0.86,676.70


52.04,7.45,0.78,676.92


52.05,7.44,0.91,677.18


52.07,7.44,0.73,677.39


52.09,7.44,0.67,677.58


52.11,7.44,0.91,677.83


52.12,7.44,0.81,678.06


52.14,7.44,0.67,678.25


52.16,7.45,0.86,678.49


52.17,7.44,0.70,678.69


52.19,7.44,0.78,678.91


52.21,7.46,0.73,679.12


52.22,7.44,0.65,679.30


52.24,7.44,0.81,679.53


52.26,7.44,0.75,679.74


52.27,7.44,0.78,679.96


52.29,7.44,0.78,680.18


52.31,7.45,0.67,680.37


52.33,7.45,0.75,680.58


52.34,7.44,0.81,680.81


52.36,7.45,0.86,681.05


52.38,7.44,0.78,681.27


52.39,7.46,0.78,681.49


52.41,7.44,0.83,681.73


52.43,7.44,0.89,681.98


52.44,7.45,0.81,682.20


52.46,7.44,0.75,682.42


52.48,7.42,0.94,682.68


52.49,7.42,0.73,682.89


52.51,7.44,0.70,683.09


52.53,7.44,0.83,683.32


52.55,7.44,0.57,683.48


52.56,7.44,0.89,683.73


52.58,7.44,0.75,683.94


52.60,7.43,0.75,684.16


52.61,7.43,0.73,684.36


52.63,7.45,0.46,684.49


52.65,7.44,0.67,684.68


52.66,7.44,0.81,684.91


52.68,7.44,0.83,685.14


52.70,7.44,0.86,685.39


52.71,7.44,0.86,685.63


52.73,7.44,0.78,685.85


52.75,7.44,0.65,686.03


52.77,7.44,0.70,686.23


52.78,7.44,0.96,686.50


52.80,7.43,0.81,686.73


52.82,7.43,0.78,686.95


52.83,7.43,0.62,687.12


52.85,7.44,0.81,687.35


52.87,7.43,0.83,687.59


52.88,7.43,0.78,687.81


52.90,7.43,0.57,687.97


52.92,7.44,0.81,688.19


52.93,7.44,0.83,688.43


52.95,7.44,0.78,688.65


52.97,7.44,0.78,688.87


52.99,7.44,0.89,689.12


53.00,7.45,0.86,689.36


53.02,7.44,0.57,689.52


53.04,7.43,0.73,689.73


53.05,7.43,0.83,689.96


53.07,7.43,0.75,690.17


53.09,7.43,0.62,690.35


53.10,7.42,0.75,690.56


53.12,7.44,0.81,690.79


53.14,7.44,0.78,691.01


53.15,7.42,0.54,691.16


53.17,7.42,0.86,691.40


53.19,7.43,0.81,691.63


53.21,7.42,0.89,691.88


53.22,7.44,0.73,692.09


53.24,7.43,0.67,692.28


53.26,7.44,0.86,692.52


53.27,7.44,0.65,692.70


53.29,7.42,0.65,692.88


53.31,7.44,0.86,693.13


53.32,7.40,0.89,693.38


53.34,7.44,0.81,693.60


53.36,7.42,0.83,693.84


53.37,7.42,0.73,694.04


53.39,7.43,0.73,694.25


53.41,7.44,0.75,694.46


53.43,7.43,0.62,694.64


53.44,7.43,0.70,694.84


53.46,7.42,0.75,695.05


53.48,7.42,0.65,695.23


53.49,7.45,0.89,695.48


53.51,7.43,0.81,695.71


53.53,7.44,0.81,695.94


53.54,7.42,0.70,696.13


53.56,7.43,0.70,696.33


53.58,7.43,0.78,696.55


53.59,7.44,0.65,696.73


53.61,7.43,0.75,696.95


53.63,7.43,0.73,697.15


53.65,7.42,0.65,697.33


53.66,7.44,0.75,697.55


53.68,7.43,0.83,697.78


53.70,7.44,0.81,698.01


53.71,7.43,0.81,698.24


53.73,7.44,0.70,698.43


53.75,7.43,0.78,698.65


53.76,7.43,0.86,698.90


53.78,7.42,0.83,699.13


53.80,7.43,0.70,699.33


53.81,7.43,0.75,699.54


53.83,7.41,0.70,699.74


53.85,7.43,0.60,699.91


53.87,7.43,0.86,700.15


53.88,7.44,0.86,700.39


53.90,7.42,0.73,700.60


53.92,7.42,0.70,700.79


53.93,7.42,0.62,700.97


53.95,7.43,0.78,701.19


53.97,7.44,0.67,701.38


53.98,7.44,0.70,701.58


54.00,7.43,0.86,701.82


54.02,7.41,0.75,702.03


54.03,7.44,0.54,702.18


54.05,7.43,0.73,702.39


54.07,7.42,0.67,702.58


54.09,7.42,0.73,702.79


54.10,7.44,0.70,702.98


54.12,7.42,0.83,703.22


54.14,7.42,0.94,703.48


54.15,7.43,0.81,703.71


54.17,7.44,0.67,703.90


54.19,7.42,0.89,704.15


54.20,7.43,0.83,704.39


54.22,7.42,0.65,704.57


54.24,7.44,0.81,704.80


54.25,7.42,0.89,705.05


54.27,7.42,0.73,705.25


54.29,7.44,0.81,705.48


54.31,7.43,0.70,705.68


54.32,7.42,0.75,705.89


54.34,7.43,0.75,706.10


54.36,7.43,0.60,706.27


54.37,7.43,0.73,706.47


54.39,7.43,0.81,706.70


54.41,7.44,0.62,706.88


54.42,7.43,0.75,707.09


54.44,7.43,0.78,707.31


54.46,7.42,0.73,707.51


54.47,7.42,0.75,707.73


54.49,7.44,0.83,707.96


54.51,7.42,0.75,708.17


54.53,7.43,0.78,708.39


54.54,7.43,0.70,708.59


54.56,7.42,0.67,708.78


54.58,7.41,0.81,709.01


54.59,7.42,0.65,709.19


54.61,7.43,0.70,709.39


54.63,7.43,0.67,709.58


54.64,7.42,0.75,709.79


54.66,7.41,0.75,710.01


54.68,7.42,0.73,710.21


54.69,7.42,0.89,710.46


54.71,7.42,0.78,710.68


54.73,7.43,0.78,710.90


54.75,7.43,0.94,711.16


54.76,7.43,0.67,711.35


54.78,7.42,0.65,711.54


54.80,7.42,0.62,711.71


54.81,7.42,0.67,711.90


54.83,7.41,0.81,712.13


54.85,7.43,0.67,712.32


54.86,7.42,0.70,712.52


54.88,7.42,0.75,712.73


54.90,7.41,0.75,712.94


54.91,7.41,0.70,713.14


54.93,7.42,0.70,713.34


54.95,7.42,0.75,713.55


54.97,7.41,0.94,713.82


54.98,7.43,0.78,714.04


55.00,7.43,0.89,714.29


55.02,7.41,0.75,714.50


55.03,7.43,0.78,714.72


55.05,7.43,0.70,714.92


55.07,7.41,0.62,715.09


55.08,7.42,0.83,715.33


55.10,7.43,0.86,715.57


55.12,7.42,0.73,715.77


55.13,7.42,0.70,715.97


55.15,7.42,0.62,716.15


55.17,7.40,0.70,716.34


55.19,7.42,0.78,716.56


55.20,7.42,0.70,716.76


55.22,7.42,0.65,716.95


55.24,7.41,0.73,717.15


55.25,7.42,0.75,717.36


55.27,7.42,0.75,717.58


55.29,7.42,0.91,717.83


55.30,7.42,0.83,718.07


55.32,7.42,0.86,718.31


55.34,7.42,0.67,718.50


55.35,7.41,0.83,718.73


55.37,7.41,0.81,718.96


55.39,7.42,0.78,719.18


55.41,7.43,0.86,719.42


55.42,7.42,0.81,719.65


55.44,7.42,0.70,719.85


55.46,7.42,0.70,720.05


55.47,7.42,0.75,720.26


55.49,7.42,0.65,720.44


55.51,7.41,0.83,720.68


55.52,7.42,0.65,720.86


55.54,7.42,0.62,721.04


55.56,7.42,0.83,721.27


55.57,7.40,0.83,721.51


55.59,7.42,0.67,721.70


55.61,7.43,0.81,721.92


55.63,7.41,0.65,722.11


55.64,7.41,0.70,722.30


55.66,7.40,0.57,722.46


55.68,7.42,0.65,722.65


55.69,7.44,0.73,722.85


55.71,7.41,0.73,723.06


55.73,7.42,0.73,723.26


55.74,7.41,0.67,723.45


55.76,7.42,0.70,723.65


55.78,7.42,0.89,723.90


55.79,7.41,0.73,724.11


55.81,7.41,0.75,724.32


55.83,7.41,0.75,724.53


55.85,7.39,0.70,724.73


55.86,7.42,0.86,724.97


55.88,7.40,0.75,725.18


55.90,7.40,0.60,725.35


55.91,7.40,0.67,725.54


55.93,7.41,0.78,725.76


55.95,7.40,0.75,725.97


55.96,7.42,0.75,726.19


55.98,7.41,0.67,726.38


56.00,7.42,0.73,726.58


56.01,7.41,0.75,726.79


56.03,7.40,0.73,727.00


56.05,7.40,0.83,727.23


56.07,7.40,0.75,727.45


56.08,7.41,0.75,727.66


56.10,7.41,0.73,727.86


56.12,7.40,0.67,728.05


56.13,7.40,0.81,728.28


56.15,7.41,0.65,728.46


56.17,7.41,0.70,728.66


56.18,7.41,0.83,728.90


56.20,7.41,0.70,729.09


56.22,7.40,0.75,729.31


56.23,7.41,0.78,729.53


56.25,7.40,0.86,729.77


56.27,7.40,0.75,729.98


56.29,7.40,0.75,730.19


56.30,7.42,0.96,730.47


56.32,7.40,0.78,730.69


56.34,7.40,0.75,730.90


56.35,7.42,0.62,731.07


56.37,7.40,0.67,731.26


56.39,7.40,0.73,731.47


56.40,7.40,0.73,731.67


56.42,7.40,0.78,731.90


56.44,7.41,0.78,732.12


56.45,7.41,0.70,732.31


56.47,7.41,0.78,732.53


56.49,7.40,0.73,732.74


56.51,7.40,0.78,732.96


56.52,7.40,0.70,733.16


56.54,7.40,0.67,733.35


56.56,7.40,0.89,733.60


56.57,7.41,0.67,733.79


56.59,7.40,0.75,734.00


56.61,7.41,0.81,734.23


56.62,7.41,0.89,734.48


56.64,7.40,0.67,734.67


56.66,7.42,0.73,734.87


56.67,7.40,0.81,735.10


56.69,7.39,0.65,735.28


56.71,7.40,0.78,735.50


56.73,7.41,0.65,735.68


56.74,7.41,0.81,735.91


56.76,7.41,0.75,736.12


56.78,7.40,0.75,736.34


56.79,7.40,0.70,736.53


56.81,7.40,0.73,736.74


56.83,7.40,0.81,736.97


56.84,7.39,0.78,737.19


56.86,7.41,0.81,737.41


56.88,7.41,0.83,737.65


56.89,7.40,0.75,737.86


56.91,7.40,0.81,738.09


56.93,7.40,0.73,738.29


56.95,7.40,0.73,738.50


56.96,7.40,0.75,738.71


56.98,7.41,0.73,738.92


57.00,7.40,0.91,739.18


57.01,7.39,0.65,739.36


57.03,7.40,0.73,739.56


57.05,7.40,0.73,739.77


57.06,7.40,0.89,740.02


57.08,7.39,0.78,740.24


57.10,7.41,0.91,740.50


57.11,7.40,0.81,740.72


57.13,7.40,0.75,740.94


57.15,7.39,0.75,741.15


57.17,7.41,0.60,741.32


57.18,7.41,0.94,741.58


57.20,7.39,0.73,741.79


57.22,7.39,0.78,742.01


57.23,7.42,0.83,742.24


57.25,7.39,0.83,742.48


57.27,7.39,0.91,742.73


57.28,7.41,0.83,742.97


57.30,7.40,0.70,743.17


57.32,7.39,0.57,743.33


57.33,7.39,0.94,743.59


57.35,7.41,0.86,743.83


57.37,7.40,0.70,744.03


57.39,7.41,0.52,744.18


57.40,7.39,0.65,744.36


57.42,7.40,0.67,744.55


57.44,7.39,0.81,744.78


57.45,7.40,0.67,744.97


57.47,7.40,0.73,745.17


57.49,7.39,0.60,745.34


57.50,7.40,0.83,745.57


57.52,7.39,0.70,745.77


57.54,7.41,0.70,745.97


57.55,7.38,0.75,746.18


57.57,7.40,0.65,746.37


57.59,7.39,0.89,746.61


57.61,7.39,0.86,746.86


57.62,7.40,0.81,747.08


57.64,7.40,0.81,747.31


57.66,7.38,0.75,747.52


57.67,7.40,0.78,747.74


57.69,7.39,0.62,747.92


57.71,7.39,0.73,748.13


57.72,7.38,0.65,748.31


57.74,7.38,0.75,748.52


57.76,7.39,0.81,748.75


57.77,7.39,0.65,748.93


57.79,7.38,0.81,749.16


57.81,7.38,0.70,749.36


57.83,7.40,0.75,749.57


57.84,7.39,0.83,749.80


57.86,7.40,0.94,750.07


57.88,7.37,0.65,750.25


57.89,7.39,0.83,750.49


57.91,7.38,0.75,750.70


57.93,7.39,0.75,750.91


57.94,7.38,0.73,751.12


57.96,7.39,0.86,751.36


57.98,7.38,0.73,751.56


57.99,7.40,0.75,751.78


58.01,7.40,0.62,751.95


58.03,7.39,0.75,752.16


58.05,7.40,0.62,752.34


58.06,7.40,0.75,752.55


58.08,7.40,0.83,752.79


58.10,7.37,0.83,753.02


58.11,7.38,0.67,753.21


58.13,7.40,0.89,753.46


58.15,7.38,0.67,753.65


58.16,7.38,0.70,753.85


58.18,7.40,0.78,754.07


58.20,7.39,0.78,754.29


58.21,7.40,0.73,754.49


58.23,7.38,0.67,754.68


58.25,7.37,0.78,754.90


58.27,7.39,0.75,755.12


58.28,7.40,0.81,755.34


58.30,7.37,0.73,755.55


58.32,7.40,0.73,755.76


58.33,7.38,0.75,755.97


58.35,7.38,0.81,756.20


58.37,7.38,0.86,756.44


58.38,7.40,0.78,756.66


58.40,7.38,0.75,756.87


58.42,7.38,0.67,757.06


58.43,7.38,0.75,757.27


58.45,7.36,0.70,757.47


58.47,7.38,0.70,757.67


58.49,7.38,0.83,757.90


58.50,7.38,0.81,758.13


58.52,7.39,0.75,758.34


58.54,7.39,0.78,758.56


58.55,7.39,0.91,758.82


58.57,7.36,0.83,759.06


58.59,7.39,0.81,759.28


58.60,7.39,0.62,759.46


58.62,7.39,0.86,759.70


58.64,7.40,0.86,759.94


58.65,7.38,0.73,760.15


58.67,7.39,0.78,760.37


58.69,7.40,0.62,760.54


58.71,7.37,0.86,760.79


58.72,7.37,0.75,761.00


58.74,7.39,0.86,761.24


58.76,7.38,0.86,761.48


58.77,7.37,0.78,761.70


58.79,7.38,0.83,761.94


58.81,7.37,0.75,762.15


58.82,7.38,0.78,762.37


58.84,7.38,0.81,762.60


58.86,7.38,0.73,762.80


58.87,7.38,0.81,763.03


58.89,7.38,0.81,763.26


58.91,7.37,0.81,763.48


58.93,7.37,0.83,763.72


58.94,7.38,0.81,763.95


58.96,7.36,0.86,764.19


58.98,7.39,0.75,764.40


58.99,7.38,0.75,764.61


59.01,7.38,0.83,764.85


59.03,7.37,0.83,765.08


59.04,7.39,0.83,765.32


59.06,7.38,0.67,765.51


59.08,7.37,0.94,765.77


59.09,7.36,0.83,766.01


59.11,7.37,0.75,766.22


59.13,7.37,0.70,766.42


59.15,7.39,0.75,766.63


59.16,7.40,0.65,766.81


59.18,7.38,0.73,767.02


59.20,7.39,0.75,767.23


59.21,7.37,0.78,767.45


59.23,7.38,0.70,767.65


59.25,7.39,0.78,767.87


59.26,7.36,0.65,768.05


59.28,7.39,0.83,768.29


59.30,7.38,0.89,768.54


59.31,7.38,0.78,768.76


59.33,7.39,0.83,768.99


59.35,7.37,0.65,769.17


59.37,7.39,0.73,769.38


59.38,7.36,0.81,769.61


59.40,7.40,0.75,769.82


59.42,7.38,0.81,770.05


59.43,7.39,0.73,770.25


59.45,7.37,0.65,770.44


59.47,7.36,0.86,770.68


59.48,7.37,0.65,770.86


59.50,7.37,0.83,771.10


59.52,7.37,0.78,771.32


59.53,7.38,0.78,771.54


59.55,7.36,0.81,771.76


59.57,7.38,0.52,771.91


59.59,7.37,0.86,772.15


59.60,7.38,0.86,772.39


59.62,7.37,0.62,772.57


59.64,7.36,0.94,772.83


59.65,7.36,0.54,772.99


59.67,7.40,0.81,773.21


59.69,7.36,0.75,773.43


59.70,7.38,0.78,773.65


59.72,7.37,0.83,773.88


59.74,7.36,0.83,774.12


59.75,7.36,0.75,774.33


59.77,7.37,0.62,774.51


59.79,7.37,0.78,774.73


59.81,7.36,0.89,774.97


59.82,7.36,0.73,775.18


59.84,7.36,0.75,775.39


59.86,7.38,0.78,775.61


59.87,7.34,0.73,775.82


59.89,7.37,0.91,776.08


59.91,7.38,0.70,776.27


59.92,7.35,0.86,776.52


59.94,7.36,0.78,776.73


59.96,7.38,0.78,776.95


59.97,7.37,0.57,777.12


59.99,7.38,0.81,777.34


60.01,7.38,0.75,777.56


60.03,7.36,0.62,777.73


60.04,7.36,0.83,777.97


60.06,7.37,0.83,778.20


60.08,7.39,0.65,778.38


60.09,7.36,0.70,778.58


60.11,7.35,0.67,778.77


60.13,7.36,0.70,778.97


60.14,7.37,0.75,779.18


60.16,7.36,0.73,779.39


60.18,7.38,0.62,779.56


60.19,7.36,0.89,779.81


60.21,7.37,0.81,780.04


60.23,7.39,0.70,780.24


60.25,7.36,0.70,780.43


60.26,7.34,0.83,780.67


60.28,7.38,0.78,780.89


60.30,7.37,0.70,781.09


60.31,7.36,0.65,781.27


60.33,7.39,0.75,781.48


60.35,7.35,0.70,781.68


60.36,7.36,0.99,781.96


60.38,7.38,0.67,782.15


60.40,7.36,0.86,782.39


60.41,7.36,0.86,782.63


60.43,7.36,0.65,782.82


60.45,7.36,0.70,783.01


60.47,7.37,0.73,783.22


60.48,7.38,0.81,783.45


60.50,7.34,0.78,783.67


60.52,7.36,0.75,783.88


60.53,7.34,0.73,784.08


60.55,7.34,0.89,784.33


60.57,7.36,0.81,784.56


60.58,7.36,0.65,784.74


60.60,7.37,0.70,784.94


60.62,7.35,0.73,785.15


60.63,7.36,0.65,785.33


60.65,7.38,0.78,785.55


60.67,7.37,0.70,785.75


60.69,7.35,0.89,786.00


60.70,7.37,0.57,786.16


60.72,7.37,0.60,786.33


60.74,7.38,0.70,786.52


60.75,7.35,0.81,786.75


60.77,7.35,0.65,786.93


60.79,7.37,0.73,787.14


60.80,7.35,0.62,787.31


60.82,7.37,0.81,787.54


60.84,7.36,0.65,787.72


60.85,7.37,0.70,787.92


60.87,7.37,0.65,788.10


60.89,7.36,0.62,788.28


60.91,7.37,0.75,788.49


60.92,7.37,0.67,788.68


60.94,7.36,0.83,788.92


60.96,7.35,0.54,789.07


60.97,7.35,0.62,789.25


60.99,7.36,0.99,789.53


61.01,7.36,0.70,789.72


61.02,7.35,0.75,789.94


61.04,7.35,0.81,790.16


61.06,7.37,0.75,790.38


61.07,7.36,0.81,790.60


61.09,7.35,0.86,790.85


61.11,7.36,0.78,791.07


61.13,7.34,0.70,791.26


61.14,7.35,0.67,791.45


61.16,7.37,0.70,791.65


61.18,7.36,0.67,791.84


61.19,7.35,0.91,792.10


61.21,7.37,0.73,792.30


61.23,7.36,0.86,792.55


61.24,7.36,0.70,792.74


61.26,7.38,0.65,792.93


61.28,7.35,0.83,793.16


61.29,7.37,0.75,793.37


61.31,7.34,0.65,793.56


61.33,7.34,0.81,793.78


61.35,7.36,0.75,794.00


61.36,7.36,0.67,794.19


61.38,7.35,0.54,794.34


61.40,7.36,0.86,794.58


61.41,7.36,0.70,794.78


61.43,7.34,0.78,795.00


61.45,7.37,0.91,795.26


61.46,7.36,0.81,795.49


61.48,7.34,0.86,795.73


61.50,7.35,0.65,795.91


61.51,7.35,0.70,796.11


61.53,7.34,0.60,796.28


61.55,7.37,0.83,796.51


61.57,7.34,0.70,796.71


61.58,7.35,0.81,796.94


61.60,7.36,0.73,797.14


61.62,7.34,0.78,797.36


61.63,7.34,0.78,797.58


61.65,7.34,0.78,797.80


61.67,7.38,0.70,798.00


61.68,7.35,0.81,798.23


61.70,7.36,0.65,798.41


61.72,7.34,0.75,798.62


61.73,7.33,0.73,798.83


61.75,7.36,0.73,799.03


61.77,7.34,0.83,799.27


61.79,7.36,0.73,799.47


61.80,7.33,0.62,799.65


61.82,7.36,0.70,799.85


61.84,7.34,0.91,800.10


61.85,7.34,0.81,800.33


61.87,7.34,0.75,800.54


61.89,7.35,0.75,800.76


61.90,7.35,0.73,800.96


61.92,7.36,0.81,801.19


61.94,7.35,0.83,801.42


61.95,7.35,0.83,801.66


61.97,7.33,0.83,801.89


61.99,7.33,0.78,802.11


62.01,7.33,0.83,802.35


62.02,7.35,0.73,802.55


62.04,7.34,0.70,802.75


62.06,7.35,0.75,802.96


62.07,7.33,0.67,803.15


62.09,7.36,0.86,803.40


62.11,7.35,0.73,803.60


62.12,7.34,0.83,803.84


62.14,7.34,0.83,804.07


62.16,7.34,0.67,804.26


62.17,7.36,0.78,804.48


62.19,7.36,0.81,804.71


62.21,7.35,0.70,804.91


62.23,7.36,0.73,805.11


62.24,7.33,0.99,805.39


62.26,7.35,0.83,805.63


62.28,7.34,0.78,805.85


62.29,7.36,0.83,806.08


62.31,7.34,0.89,806.33


62.33,7.37,0.73,806.54


62.34,7.34,0.75,806.75


62.36,7.34,0.75,806.96


62.38,7.34,0.70,807.16


62.39,7.34,0.78,807.38


62.41,7.35,0.81,807.61


62.43,7.34,0.75,807.82


62.45,7.36,0.73,808.02


62.46,7.34,0.67,808.21


62.48,7.36,0.60,808.38


62.50,7.34,0.78,808.60


62.51,7.33,0.83,808.84


62.53,7.34,0.73,809.04


62.55,7.35,0.73,809.25


62.56,7.34,0.78,809.47


62.58,7.34,0.89,809.72


62.60,7.34,0.83,809.95


62.61,7.36,0.70,810.15


62.63,7.34,0.75,810.36


62.65,7.34,0.78,810.58


62.67,7.35,0.73,810.79


62.68,7.33,0.70,810.98


62.70,7.34,0.73,811.19


62.72,7.35,0.86,811.43


62.73,7.34,0.73,811.64


62.75,7.34,0.83,811.87


62.77,7.33,0.83,812.11


62.78,7.35,0.83,812.34


62.80,7.34,0.81,812.57


62.82,7.34,0.96,812.84


62.83,7.35,0.75,813.05


62.85,7.33,0.86,813.30


62.87,7.34,0.62,813.47


62.89,7.33,0.89,813.72


62.90,7.36,0.73,813.93


62.92,7.34,0.65,814.11


62.94,7.34,0.75,814.32


62.95,7.34,0.75,814.53


62.97,7.32,0.86,814.78


62.99,7.32,0.65,814.96


63.00,7.33,0.86,815.20


63.02,7.35,0.89,815.45


63.04,7.33,0.70,815.65


63.05,7.34,0.73,815.85


63.07,7.35,0.65,816.04


63.09,7.33,0.81,816.26


63.11,7.34,0.73,816.47


63.12,7.34,0.83,816.70


63.14,7.34,0.86,816.95


63.16,7.34,0.70,817.14


63.17,7.34,0.86,817.39


63.19,7.32,0.73,817.59


63.21,7.33,0.83,817.83


63.22,7.36,0.81,818.05


63.24,7.32,0.83,818.29


63.26,7.34,0.83,818.52


63.27,7.34,0.75,818.74


63.29,7.34,0.73,818.94


63.31,7.34,0.67,819.13


63.33,7.36,0.81,819.36


63.34,7.33,0.75,819.57


63.36,7.35,0.91,819.83


63.38,7.33,0.67,820.02


63.39,7.32,0.81,820.25


63.41,7.33,0.78,820.47


63.43,7.33,0.78,820.69


63.44,7.34,0.65,820.87


63.46,7.33,0.83,821.10


63.48,7.32,0.67,821.29


63.49,7.34,0.65,821.48


63.51,7.34,0.73,821.68


63.53,7.34,0.73,821.89


63.55,7.32,0.86,822.13


63.56,7.33,0.83,822.36


63.58,7.34,0.78,822.58


63.60,7.33,0.78,822.80


63.61,7.35,0.60,822.97


63.63,7.34,0.75,823.18


63.65,7.33,0.67,823.38


63.66,7.33,0.67,823.57


63.68,7.34,0.78,823.79


63.70,7.34,0.89,824.04


63.71,7.34,0.73,824.24


63.73,7.33,0.75,824.45


63.75,7.32,0.86,824.70


63.77,7.33,0.75,824.91


63.78,7.35,0.60,825.08


63.80,7.32,0.73,825.28


63.82,7.33,0.89,825.53


63.83,7.33,0.65,825.71


63.85,7.33,0.78,825.93


63.87,7.33,0.73,826.14


63.88,7.33,0.83,826.37


63.90,7.34,0.81,826.60


63.92,7.33,0.78,826.82


63.93,7.33,0.89,827.07


63.95,7.33,0.73,827.28


63.97,7.33,0.65,827.46


63.99,7.34,0.83,827.69


64.00,7.32,0.70,827.89


64.02,7.32,0.81,828.12


64.04,7.34,0.81,828.35


64.05,7.33,0.78,828.57


64.07,7.34,0.49,828.70


64.09,7.31,0.62,828.88


64.10,7.32,0.78,829.10


64.12,7.32,0.75,829.31


64.14,7.32,0.83,829.55


64.15,7.34,0.70,829.75


64.17,7.33,0.65,829.93


64.19,7.32,0.67,830.12


64.21,7.34,0.83,830.35


64.22,7.33,0.73,830.56


64.24,7.32,0.78,830.78


64.26,7.32,0.78,831.00


64.27,7.32,0.89,831.25


64.29,7.32,0.67,831.44


64.31,7.32,0.67,831.63


64.32,7.33,0.65,831.81


64.34,7.32,0.81,832.04


64.36,7.31,0.81,832.27


64.37,7.33,0.65,832.45


64.39,7.33,0.75,832.66


64.41,7.32,0.75,832.87


64.43,7.32,0.78,833.09


64.44,7.34,0.73,833.30


64.46,7.33,0.73,833.50


64.48,7.34,0.81,833.73


64.49,7.31,0.89,833.98


64.51,7.33,0.86,834.22


64.53,7.32,0.75,834.44


64.54,7.32,0.73,834.64


64.56,7.32,0.75,834.85


64.58,7.33,0.89,835.10


64.59,7.33,0.62,835.28


64.61,7.33,0.91,835.54


64.63,7.32,0.75,835.75


64.65,7.31,0.73,835.95


64.66,7.30,0.67,836.14


64.68,7.33,0.70,836.34


64.70,7.32,0.70,836.54


64.71,7.32,0.70,836.74


64.73,7.31,0.81,836.96


64.75,7.32,0.65,837.15


64.76,7.32,0.89,837.40


64.78,7.32,0.73,837.60


64.80,7.33,0.78,837.82


64.81,7.31,0.81,838.05


64.83,7.31,0.78,838.27


64.85,7.32,0.73,838.47


64.87,7.31,0.81,838.70


64.88,7.33,0.81,838.93


64.90,7.32,0.86,839.17


64.92,7.32,0.73,839.38


64.93,7.32,0.89,839.63


64.95,7.32,0.94,839.89


64.97,7.31,0.70,840.09


64.98,7.31,0.89,840.34


65.00,7.32,0.75,840.55


65.02,7.34,0.81,840.78


65.03,7.33,0.89,841.03


65.05,7.33,0.78,841.25


65.07,7.32,0.60,841.42


65.09,7.31,0.86,841.66


65.10,7.32,0.60,841.83


65.12,7.32,0.86,842.07


65.14,7.32,0.81,842.30


65.15,7.32,0.86,842.54


65.17,7.31,0.81,842.77


65.19,7.32,0.81,842.99


65.20,7.33,0.65,843.18


65.22,7.32,0.78,843.40


65.24,7.32,0.73,843.60


65.25,7.32,0.89,843.85


65.27,7.32,0.75,844.06


65.29,7.32,0.86,844.31


65.31,7.30,0.65,844.49


65.32,7.32,0.65,844.67


65.34,7.32,0.78,844.89


65.36,7.31,0.73,845.10


65.37,7.31,0.91,845.35


65.39,7.33,0.81,845.58


65.41,7.31,0.62,845.76


65.42,7.31,0.62,845.93


65.44,7.32,0.73,846.14


65.46,7.33,0.78,846.36


65.47,7.31,0.78,846.58


65.49,7.32,0.73,846.78


65.51,7.32,0.86,847.03


65.53,7.32,0.81,847.25


65.54,7.32,0.83,847.49


65.56,7.30,0.83,847.72


65.58,7.31,0.83,847.96


65.59,7.30,0.81,848.18


65.61,7.30,0.89,848.43


65.63,7.32,0.91,848.69


65.64,7.31,0.78,848.91


65.66,7.31,0.70,849.11


65.68,7.30,0.70,849.31


65.69,7.31,0.78,849.53


65.71,7.32,0.67,849.72


65.73,7.32,0.70,849.91


65.75,7.30,0.83,850.15


65.76,7.33,0.86,850.39


65.78,7.32,0.86,850.63


65.80,7.32,0.62,850.81


65.81,7.31,0.70,851.01


65.83,7.31,0.75,851.22


65.85,7.31,0.78,851.44


65.86,7.31,0.70,851.64


65.88,7.30,0.57,851.80


65.90,7.32,0.91,852.06


65.91,7.31,0.67,852.25


65.93,7.30,0.78,852.47


65.95,7.30,0.83,852.70


65.97,7.32,0.75,852.91


65.98,7.30,0.70,853.11


66.00,7.32,0.65,853.29


66.02,7.33,0.75,853.51


66.03,7.30,0.78,853.73


66.05,7.32,0.83,853.96


66.07,7.32,0.86,854.20


66.08,7.31,0.73,854.41


66.10,7.32,0.91,854.67


66.12,7.32,0.83,854.90


66.13,7.30,0.81,855.13


66.15,7.32,0.73,855.33


66.17,7.31,0.73,855.54


66.19,7.30,0.83,855.77


66.20,7.32,0.78,855.99


66.22,7.32,0.78,856.21


66.24,7.32,0.83,856.45


66.25,7.32,0.65,856.63


66.27,7.29,0.73,856.84


66.29,7.30,0.70,857.03


66.30,7.33,0.75,857.25


66.32,7.32,0.70,857.44


66.34,7.32,0.83,857.68


66.35,7.32,0.67,857.87


66.37,7.30,0.62,858.04


66.39,7.32,0.78,858.26


66.41,7.31,0.75,858.48


66.42,7.32,0.60,858.65


66.44,7.30,0.81,858.87


66.46,7.31,0.89,859.12


66.47,7.32,0.62,859.30


66.49,7.31,0.67,859.49


66.51,7.31,0.81,859.72


66.52,7.30,0.83,859.95


66.54,7.31,0.81,860.18


66.56,7.30,0.78,860.40


66.57,7.30,0.75,860.61


66.59,7.31,0.75,860.82


66.61,7.30,0.62,861.00


66.63,7.31,0.70,861.20


66.64,7.31,0.70,861.39


66.66,7.32,0.62,861.57


66.68,7.33,0.75,861.78


66.69,7.30,0.70,861.98


66.71,7.31,0.70,862.18


66.73,7.31,0.73,862.38


66.74,7.31,0.91,862.64


66.76,7.30,0.78,862.86


66.78,7.30,0.89,863.11


66.79,7.32,0.65,863.29


66.81,7.30,0.78,863.51


66.83,7.31,0.81,863.74


66.85,7.30,0.60,863.91


66.86,7.30,0.67,864.10


66.88,7.30,0.73,864.30


66.90,7.30,0.70,864.50


66.91,7.30,0.94,864.76


66.93,7.29,0.67,864.96


66.95,7.31,0.83,865.19


66.96,7.30,0.96,865.46


66.98,7.30,0.73,865.67


67.00,7.30,0.62,865.84


67.01,7.29,0.67,866.03


67.03,7.32,0.73,866.24


67.05,7.30,0.89,866.49


67.07,7.30,0.81,866.72


67.08,7.30,0.78,866.93


67.10,7.30,0.65,867.12


67.12,7.32,0.75,867.33


67.13,7.30,0.81,867.56


67.15,7.32,0.65,867.74


67.17,7.30,0.75,867.95


67.18,7.30,0.70,868.15


67.20,7.29,0.65,868.33


67.22,7.32,0.81,868.56


67.23,7.30,0.81,868.79


67.25,7.31,0.60,868.96


67.27,7.31,0.75,869.17


67.29,7.31,0.65,869.35


67.30,7.31,0.94,869.62


67.32,7.30,0.73,869.82


67.34,7.30,0.73,870.03


67.35,7.30,0.81,870.25


67.37,7.29,0.67,870.44


67.39,7.30,0.83,870.68


67.40,7.30,0.73,870.88


67.42,7.30,0.94,871.15


67.44,7.30,0.75,871.36


67.45,7.30,0.75,871.57


67.47,7.30,0.83,871.81


67.49,7.30,0.91,872.07


67.51,7.30,0.75,872.28


67.52,7.30,0.83,872.51


67.54,7.30,0.70,872.71


67.56,7.31,0.83,872.95


67.57,7.30,0.75,873.16


67.59,7.30,0.81,873.39


67.61,7.29,0.89,873.64


67.62,7.30,0.52,873.78


67.64,7.29,0.91,874.04


67.66,7.30,0.81,874.27


67.67,7.29,0.75,874.48


67.69,7.30,0.78,874.70


67.71,7.30,0.83,874.93


67.73,7.29,0.78,875.15


67.74,7.29,0.78,875.37


67.76,7.29,0.70,875.57


67.78,7.31,0.83,875.81


67.79,7.28,0.78,876.03


67.81,7.30,0.67,876.22


67.83,7.28,0.81,876.44


67.84,7.32,0.67,876.63


67.86,7.28,0.81,876.86


67.88,7.30,0.73,877.07


67.90,7.29,0.73,877.27


67.91,7.29,0.78,877.49


67.93,7.30,0.75,877.71


67.95,7.29,0.89,877.96


67.96,7.29,0.73,878.16


67.98,7.30,0.81,878.39


68.00,7.30,0.75,878.60


68.01,7.31,0.65,878.78


68.03,7.29,0.91,879.04


68.05,7.30,0.81,879.27


68.06,7.29,0.78,879.49


68.08,7.29,0.81,879.72


68.10,7.28,0.67,879.91


68.12,7.29,0.73,880.11


68.13,7.30,0.62,880.29


68.15,7.28,0.70,880.48


68.17,7.29,0.81,880.71


68.18,7.28,0.75,880.92


68.20,7.28,0.78,881.14


68.22,7.30,0.81,881.37


68.23,7.30,0.78,881.59


68.25,7.29,0.83,881.83


68.27,7.30,0.73,882.03


68.28,7.29,0.81,882.26


68.30,7.28,0.81,882.49


68.32,7.29,0.83,882.72


68.34,7.30,0.86,882.96


68.35,7.28,0.96,883.24


68.37,7.30,0.67,883.43


68.39,7.29,0.81,883.65


68.40,7.30,0.73,883.86


68.42,7.30,0.65,884.04


68.44,7.28,0.75,884.25


68.45,7.30,0.78,884.47


68.47,7.28,0.86,884.72


68.49,7.30,0.67,884.91


68.50,7.29,0.78,885.13


68.52,7.29,0.73,885.33


68.54,7.29,0.91,885.59


68.56,7.28,0.73,885.79


68.57,7.30,0.81,886.02


68.59,7.28,0.73,886.23


68.61,7.28,0.83,886.46


68.62,7.29,0.73,886.67


68.64,7.30,0.75,886.88


68.66,7.28,0.73,887.08


68.67,7.29,0.73,887.29


68.69,7.28,0.78,887.51


68.71,7.29,0.78,887.73


68.72,7.28,0.60,887.90


68.74,7.28,0.86,888.14


68.76,7.28,0.86,888.38


68.78,7.30,0.91,888.64


68.79,7.29,0.89,888.89


68.81,7.28,0.83,889.12


68.83,7.30,0.78,889.34


68.84,7.29,0.78,889.56


68.86,7.28,0.78,889.78


68.88,7.30,0.86,890.03


68.89,7.28,0.73,890.23


68.91,7.29,0.91,890.49


68.93,7.29,0.81,890.72


68.94,7.29,0.81,890.94


68.96,7.28,0.73,891.15


68.98,7.29,0.78,891.37


69.00,7.28,0.73,891.57


69.01,7.29,0.75,891.79


69.03,7.28,0.75,892.00


69.05,7.29,0.73,892.20


69.06,7.30,0.78,892.42


69.08,7.29,0.70,892.62


69.10,7.29,0.67,892.81


69.11,7.28,0.73,893.02


69.13,7.29,0.75,893.23


69.15,7.27,0.75,893.44


69.16,7.30,0.78,893.66


69.18,7.30,0.83,893.90


69.20,7.27,0.75,894.11


69.22,7.30,0.73,894.31


69.23,7.27,0.70,894.51


69.25,7.29,0.86,894.76


69.27,7.28,0.78,894.98


69.28,7.30,0.70,895.17


69.30,7.29,0.78,895.39


69.32,7.28,0.73,895.60


69.33,7.30,0.70,895.80


69.35,7.28,0.91,896.05


69.37,7.28,0.73,896.26


69.38,7.29,0.67,896.45


69.40,7.28,0.81,896.68


69.42,7.28,0.78,896.90


69.44,7.29,0.60,897.06


69.45,7.28,0.86,897.31


69.47,7.29,0.67,897.50


69.49,7.28,0.75,897.71


69.50,7.28,0.83,897.94


69.52,7.28,0.62,898.12


69.54,7.28,0.62,898.29


69.55,7.30,0.78,898.51


69.57,7.30,0.73,898.72


69.59,7.28,0.70,898.92


69.60,7.29,0.89,899.17


69.62,7.27,0.70,899.36


69.64,7.28,0.78,899.58


69.66,7.27,0.60,899.75


69.67,7.28,0.70,899.95


69.69,7.28,0.73,900.16


69.71,7.28,0.73,900.36


69.72,7.27,0.78,900.58


69.74,7.29,0.83,900.82


69.76,7.29,0.65,901.00


69.77,7.29,0.75,901.21


69.79,7.27,0.75,901.42


69.81,7.28,0.67,901.61


69.82,7.28,0.73,901.82


69.84,7.28,0.67,902.01


69.86,7.28,0.73,902.21


69.88,7.27,0.89,902.46


69.89,7.29,0.73,902.67


69.91,7.29,0.73,902.87


69.93,7.28,0.81,903.10


69.94,7.28,0.96,903.37


69.96,7.28,0.62,903.55


69.98,7.28,0.86,903.79


69.99,7.29,0.86,904.03


70.01,7.29,0.73,904.24


70.03,7.27,0.78,904.46


70.04,7.29,0.86,904.70


70.06,7.27,0.83,904.94


70.08,7.27,0.81,905.16


70.10,7.27,0.73,905.37


70.11,7.27,0.78,905.59


70.13,7.29,0.54,905.74


70.15,7.28,0.81,905.97


70.16,7.29,0.73,906.17


70.18,7.28,0.67,906.36


70.20,7.28,0.81,906.59


70.21,7.29,0.73,906.80


70.23,7.26,0.78,907.02


70.25,7.27,0.83,907.25


70.26,7.29,0.54,907.40


70.28,7.29,0.73,907.61


70.30,7.29,0.81,907.84


70.32,7.27,0.78,908.06


70.33,7.28,0.62,908.23


70.35,7.27,0.73,908.44


70.37,7.27,0.86,908.68


70.38,7.28,0.86,908.92


70.40,7.29,0.94,909.19


70.42,7.28,0.89,909.44


70.43,7.27,0.73,909.64


70.45,7.28,0.78,909.86


70.47,7.28,0.70,910.06


70.48,7.27,0.73,910.26


70.50,7.27,0.75,910.48


70.52,7.26,0.70,910.68


70.54,7.28,0.75,910.89


70.55,7.28,0.75,911.10


70.57,7.27,0.73,911.31


70.59,7.26,0.73,911.51


70.60,7.30,0.67,911.70


70.62,7.27,0.70,911.90


70.64,7.27,0.83,912.13


70.65,7.27,0.75,912.35


70.67,7.27,0.75,912.56


70.69,7.26,0.73,912.76


70.70,7.27,0.81,912.99


70.72,7.27,0.73,913.20


70.74,7.27,0.86,913.44


70.76,7.28,0.73,913.64


70.77,7.29,0.78,913.86


70.79,7.25,0.75,914.08


70.81,7.27,0.78,914.30


70.82,7.28,0.81,914.52


70.84,7.27,0.83,914.76


70.86,7.28,0.75,914.97


70.87,7.26,0.73,915.18


70.89,7.26,0.75,915.39


70.91,7.26,0.62,915.56


70.92,7.27,0.83,915.80


70.94,7.27,0.78,916.02


70.96,7.27,0.81,916.25


70.98,7.27,0.96,916.52


70.99,7.26,0.75,916.73


71.01,7.28,0.70,916.93


71.03,7.26,0.89,917.18


71.04,7.27,0.73,917.38


71.06,7.27,0.81,917.61


71.08,7.27,0.83,917.85


71.09,7.26,0.65,918.03


71.11,7.27,0.65,918.21


71.13,7.28,0.78,918.43


71.14,7.27,0.65,918.61


71.16,7.28,0.65,918.80


71.18,7.26,0.78,919.02


71.20,7.28,0.86,919.26


71.21,7.28,0.91,919.52


71.23,7.28,0.78,919.74


71.25,7.26,0.67,919.93


71.26,7.28,0.81,920.15


71.28,7.27,0.78,920.37


71.30,7.27,0.81,920.60


71.31,7.27,0.83,920.84


71.33,7.26,0.89,921.09


71.35,7.28,0.70,921.28


71.36,7.25,0.81,921.51


71.38,7.27,0.70,921.71


71.40,7.26,0.73,921.91


71.42,7.27,0.86,922.16


71.43,7.27,0.65,922.34


71.45,7.26,0.94,922.60


71.47,7.25,0.67,922.79


71.48,7.26,0.86,923.04


71.50,7.26,0.89,923.29


71.52,7.27,0.62,923.46


71.53,7.24,0.75,923.67


71.55,7.26,0.89,923.92


71.57,7.27,0.70,924.12


71.58,7.28,0.83,924.36


71.60,7.27,0.67,924.55


71.62,7.26,0.73,924.75


71.64,7.27,0.86,924.99


71.65,7.26,0.83,925.23


71.67,7.25,0.81,925.46


71.69,7.27,0.75,925.67


71.70,7.28,0.62,925.84


71.72,7.28,0.75,926.06


71.74,7.25,0.86,926.30


71.75,7.28,0.62,926.47


71.77,7.26,0.70,926.67


71.79,7.26,0.99,926.95


71.80,7.25,0.73,927.16


71.82,7.26,0.78,927.38


71.84,7.27,0.67,927.57


71.86,7.25,0.70,927.76


71.87,7.26,0.70,927.96


71.89,7.26,0.70,928.16


71.91,7.27,0.91,928.42


71.92,7.26,0.86,928.66


71.94,7.27,0.94,928.92


71.96,7.26,0.75,929.14


71.97,7.25,0.73,929.34


71.99,7.25,0.86,929.58


72.01,7.28,0.81,929.81


72.02,7.27,0.67,930.00


72.04,7.26,0.75,930.21


72.06,7.26,0.65,930.40


72.08,7.26,0.75,930.61


72.09,7.28,0.78,930.83


72.11,7.26,0.75,931.04


72.13,7.26,0.81,931.27


72.14,7.25,0.57,931.43


72.16,7.28,0.99,931.71


72.18,7.28,0.73,931.92


72.19,7.26,0.91,932.17


72.21,7.28,0.70,932.37


72.23,7.24,0.78,932.59


72.24,7.26,0.81,932.82


72.26,7.28,0.83,933.05


72.28,7.26,0.73,933.26


72.30,7.26,0.70,933.45


72.31,7.24,0.96,933.73


72.33,7.26,0.78,933.95


72.35,7.25,0.73,934.15


72.36,7.28,0.83,934.39


72.38,7.25,0.67,934.58


72.40,7.27,0.81,934.80


72.41,7.25,0.62,934.98


72.43,7.26,0.62,935.16


72.45,7.27,0.70,935.35


72.46,7.25,0.89,935.60


72.48,7.25,0.78,935.82


72.50,7.26,0.67,936.01


72.52,7.26,0.67,936.20


72.53,7.27,0.70,936.40


72.55,7.26,0.78,936.62


72.57,7.25,0.91,936.88


72.58,7.25,0.81,937.11


72.60,7.26,0.78,937.33


72.62,7.25,0.81,937.55


72.63,7.26,0.75,937.77


72.65,7.24,0.91,938.02


72.67,7.25,0.73,938.23


72.68,7.25,0.62,938.40


72.70,7.26,0.75,938.62


72.72,7.27,0.86,938.86


72.74,7.26,0.70,939.06


72.75,7.25,0.65,939.24


72.77,7.26,0.75,939.45


72.79,7.25,0.83,939.69


72.80,7.25,0.75,939.90


72.82,7.27,0.83,940.13


72.84,7.24,0.83,940.37


72.85,7.26,0.83,940.60


72.87,7.24,0.62,940.78


72.89,7.26,0.83,941.01


72.90,7.25,0.75,941.23


72.92,7.24,0.70,941.42


72.94,7.23,0.81,941.65


72.96,7.26,0.78,941.87


72.97,7.25,0.78,942.09


72.99,7.26,0.78,942.31


73.01,7.25,0.78,942.53


73.02,7.25,0.73,942.74


73.04,7.26,0.70,942.93


73.06,7.24,0.65,943.12


73.07,7.24,0.73,943.32


73.09,7.25,0.75,943.53


73.11,7.24,0.81,943.76


73.12,7.26,0.75,943.97


73.14,7.26,0.86,944.22


73.16,7.25,0.62,944.39


73.18,7.25,0.67,944.58


73.19,7.26,0.81,944.81


73.21,7.24,0.75,945.02


73.23,7.26,0.78,945.24


73.24,7.26,0.73,945.45


73.26,7.24,0.78,945.67


73.28,7.26,0.81,945.89


73.29,7.26,0.70,946.09


73.31,7.26,0.62,946.27


73.33,7.26,0.81,946.49


73.34,7.26,0.73,946.70


73.36,7.25,0.67,946.89


73.38,7.24,0.73,947.10


73.40,7.26,0.67,947.29


73.41,7.24,0.81,947.51


73.43,7.25,0.78,947.73


73.45,7.24,0.78,947.95


73.46,7.25,0.91,948.21


73.48,7.25,0.70,948.41


73.50,7.25,0.86,948.65


73.51,7.24,0.75,948.86


73.53,7.24,0.89,949.11


73.55,7.26,0.78,949.34


73.56,7.24,0.81,949.56


73.58,7.25,0.75,949.78


73.60,7.26,0.73,949.98


73.62,7.24,0.70,950.18


73.63,7.26,0.89,950.43


73.65,7.24,0.70,950.63


73.67,7.26,0.89,950.88


73.68,7.27,0.73,951.08


73.70,7.24,0.65,951.26


73.72,7.24,0.75,951.48


73.73,7.24,0.75,951.69


73.75,7.25,0.67,951.88


73.77,7.25,0.65,952.06


73.78,7.23,0.94,952.33


73.80,7.26,0.67,952.52


73.82,7.26,0.81,952.74


73.84,7.26,0.75,952.96


73.85,7.25,0.89,953.21


73.87,7.24,0.83,953.44


73.89,7.26,0.73,953.65


73.90,7.26,0.75,953.86


73.92,7.25,0.73,954.06


73.94,7.26,0.78,954.28


73.95,7.24,0.75,954.50


73.97,7.24,0.75,954.71


73.99,7.24,0.70,954.91


74.00,7.24,0.73,955.11


74.02,7.23,0.73,955.32


74.04,7.26,0.75,955.53


74.06,7.24,0.83,955.76


74.07,7.25,0.70,955.96


74.09,7.23,0.81,956.19


74.11,7.24,0.78,956.41


74.12,7.24,0.75,956.62


74.14,7.24,0.70,956.82


74.16,7.23,0.81,957.05


74.17,7.26,0.78,957.27


74.19,7.25,0.73,957.47


74.21,7.26,0.70,957.67


74.22,7.25,0.67,957.86


74.24,7.24,0.78,958.08


74.26,7.25,0.78,958.30


74.28,7.23,0.75,958.51


74.29,7.25,0.89,958.76


74.31,7.26,0.83,959.00


74.33,7.23,0.57,959.16


74.34,7.24,0.78,959.38


74.36,7.25,0.65,959.56


74.38,7.24,0.65,959.74


74.39,7.24,0.70,959.94


74.41,7.25,0.54,960.09


74.43,7.25,0.73,960.30


74.44,7.23,0.81,960.53


74.46,7.25,0.65,960.71


74.48,7.23,0.78,960.93


74.50,7.23,0.81,961.16


74.51,7.25,0.91,961.41


74.53,7.25,0.91,961.67


74.55,7.24,0.83,961.91


74.56,7.24,0.70,962.10


74.58,7.23,0.86,962.35


74.60,7.23,0.81,962.57


74.61,7.24,0.62,962.75


74.63,7.24,0.70,962.95


74.65,7.24,0.81,963.17


74.66,7.26,0.62,963.35


74.68,7.23,0.78,963.57


74.70,7.23,0.73,963.77


74.72,7.23,0.78,963.99


74.73,7.24,0.73,964.20


74.75,7.25,0.70,964.40


74.77,7.24,0.86,964.64


74.78,7.24,0.67,964.83


74.80,7.24,0.67,965.02


74.82,7.23,0.75,965.23


74.83,7.24,0.73,965.44


74.85,7.23,0.81,965.66


74.87,7.24,0.73,965.87


74.88,7.22,0.75,966.08


74.90,7.23,0.78,966.30


74.92,7.24,0.91,966.56


74.94,7.24,0.78,966.78


74.95,7.24,0.70,966.98


74.97,7.24,0.70,967.17


74.99,7.23,0.75,967.39


75.00,7.24,1.02,967.67


75.02,7.24,0.81,967.90


75.04,7.23,0.96,968.17


75.05,7.22,0.73,968.38


75.07,7.24,0.67,968.57


75.09,7.24,0.67,968.76


75.10,7.23,0.67,968.95


75.12,7.22,0.83,969.18


75.14,7.24,0.78,969.40


75.16,7.23,0.73,969.61


75.17,7.24,0.78,969.83


75.19,7.23,0.86,970.07


75.21,7.24,0.65,970.25


75.22,7.24,0.75,970.47


75.24,7.23,0.75,970.68


75.26,7.24,0.75,970.89


75.27,7.23,0.83,971.13


75.29,7.22,0.91,971.38


75.31,7.22,0.83,971.62


75.32,7.22,0.89,971.87


75.34,7.24,0.62,972.04


75.36,7.22,0.73,972.25


75.38,7.24,0.83,972.48


75.39,7.23,0.75,972.70


75.41,7.23,0.70,972.90


75.43,7.24,0.78,973.11


75.44,7.23,0.70,973.31


75.46,7.24,0.67,973.50


75.48,7.23,0.91,973.76


75.49,7.24,0.81,973.99


75.51,7.24,0.91,974.25


75.53,7.24,0.81,974.47


75.54,7.24,0.73,974.68


75.56,7.23,0.75,974.89


75.58,7.22,0.62,975.07


75.60,7.24,0.91,975.32


75.61,7.23,0.65,975.51


75.63,7.23,0.67,975.70


75.65,7.22,0.86,975.94


75.66,7.24,0.81,976.17


75.68,7.22,0.78,976.39


75.70,7.22,0.70,976.58


75.71,7.23,0.65,976.77


75.73,7.23,0.81,976.99


75.75,7.23,0.75,977.21


75.76,7.25,0.78,977.43


75.78,7.22,0.78,977.65


75.80,7.22,0.81,977.87


75.82,7.23,0.57,978.03


75.83,7.23,0.78,978.25


75.85,7.23,0.73,978.46


75.87,7.24,0.78,978.68


75.88,7.23,0.81,978.91


75.90,7.23,0.67,979.10


75.92,7.24,0.78,979.32


75.93,7.24,0.73,979.52


75.95,7.22,0.81,979.75


75.97,7.24,0.67,979.94


75.98,7.22,0.73,980.15


76.00,7.22,0.67,980.34


76.02,7.22,0.73,980.54


76.04,7.23,0.65,980.72


76.05,7.25,0.75,980.94


76.07,7.24,0.91,981.19


76.09,7.24,0.81,981.42


76.10,7.22,0.78,981.64


76.12,7.24,0.81,981.87


76.14,7.22,0.81,982.10


76.15,7.24,0.62,982.27


76.17,7.23,0.78,982.49


76.19,7.23,0.70,982.69


76.20,7.22,0.67,982.88


76.22,7.25,0.70,983.08


76.24,7.22,0.67,983.27


76.26,7.22,0.81,983.49


76.27,7.24,0.57,983.66


76.29,7.23,0.83,983.89


76.31,7.22,0.81,984.12


76.32,7.23,0.75,984.33


76.34,7.23,0.67,984.52


76.36,7.22,0.81,984.75


76.37,7.24,0.89,985.00


76.39,7.23,0.73,985.20


76.41,7.24,0.94,985.47


76.42,7.21,0.65,985.65


76.44,7.24,0.75,985.86


76.46,7.23,0.81,986.09


76.48,7.23,0.62,986.27


76.49,7.23,0.81,986.49


76.51,7.22,0.83,986.73


76.53,7.23,0.67,986.92


76.54,7.24,0.81,987.15


76.56,7.22,0.86,987.39


76.58,7.23,0.70,987.59


76.59,7.24,0.75,987.80


76.61,7.21,0.78,988.02


76.63,7.23,0.70,988.22


76.64,7.22,0.54,988.37


76.66,7.24,0.75,988.58


76.68,7.23,0.75,988.79


76.70,7.23,0.81,989.02


76.71,7.21,0.86,989.26


76.73,7.24,0.75,989.48


76.75,7.22,0.78,989.70


76.76,7.20,0.75,989.91


76.78,7.22,0.75,990.12


76.80,7.23,0.83,990.36


76.81,7.22,0.91,990.61


76.83,7.22,0.78,990.83


76.85,7.22,0.86,991.08


76.86,7.22,0.75,991.29


76.88,7.22,0.86,991.53


76.90,7.21,0.75,991.74


76.92,7.23,0.75,991.96


76.93,7.20,0.86,992.20


76.95,7.22,0.78,992.42


76.97,7.25,0.75,992.63


76.98,7.23,0.75,992.84


77.00,7.22,0.81,993.07


77.02,7.23,0.73,993.28


77.03,7.22,0.83,993.51


77.05,7.22,0.67,993.70


77.07,7.22,0.70,993.90


77.08,7.22,0.67,994.09


77.10,7.23,0.83,994.32


77.12,7.20,0.75,994.54


77.14,7.23,0.73,994.74


77.15,7.22,0.75,994.95


77.17,7.20,0.75,995.17


77.19,7.22,0.78,995.39


77.20,7.21,0.65,995.57


77.22,7.21,0.70,995.77


77.24,7.23,0.67,995.96


77.25,7.22,0.78,996.18


77.27,7.23,0.60,996.34


77.29,7.23,0.67,996.53


77.30,7.21,0.89,996.78


77.32,7.20,0.73,996.99


77.34,7.24,0.78,997.21


77.36,7.21,0.65,997.39


77.37,7.20,0.70,997.59


77.39,7.22,0.73,997.79


77.41,7.21,0.86,998.04


77.42,7.20,0.73,998.24


77.44,7.23,0.73,998.45


77.46,7.21,0.78,998.67


77.47,7.22,0.73,998.87


77.49,7.22,0.65,999.06


77.51,7.22,0.73,999.26


77.52,7.23,0.57,999.42


77.54,7.21,0.81,999.65


77.56,7.20,0.78,999.87


77.58,7.20,0.70,1000.07


77.59,7.22,0.73,1000.27


77.61,7.24,0.86,1000.51


77.63,7.23,0.73,1000.72


77.64,7.21,0.67,1000.91


77.66,7.22,0.67,1001.10


77.68,7.20,0.83,1001.33


77.69,7.22,0.86,1001.58


77.71,7.21,0.81,1001.80


77.73,7.23,0.73,1002.01


77.74,7.20,0.73,1002.21


77.76,7.22,0.65,1002.40


77.78,7.21,0.86,1002.64


77.80,7.22,0.75,1002.85


77.81,7.20,0.81,1003.08


77.83,7.20,0.73,1003.28


77.85,7.23,0.89,1003.53


77.86,7.21,0.67,1003.72


77.88,7.19,0.81,1003.95


77.90,7.19,0.67,1004.14


77.91,7.20,0.78,1004.36


77.93,7.21,0.75,1004.57


77.95,7.23,0.91,1004.83


77.96,7.20,0.73,1005.04


77.98,7.22,0.75,1005.25


78.00,7.20,0.70,1005.45


78.02,7.20,0.67,1005.64


78.03,7.19,0.75,1005.85


78.05,7.20,0.67,1006.04


78.07,7.21,0.94,1006.31


78.08,7.20,0.83,1006.54


78.10,7.22,0.75,1006.75


78.12,7.24,0.75,1006.96


78.13,7.23,0.78,1007.18


78.15,7.19,0.70,1007.38


78.17,7.21,0.81,1007.61


78.18,7.22,0.73,1007.82


78.20,7.20,0.73,1008.02


78.22,7.22,0.75,1008.23


78.24,7.20,0.83,1008.47


78.25,7.20,0.70,1008.67


78.27,7.22,0.67,1008.86


78.29,7.21,0.86,1009.10


78.30,7.22,0.73,1009.30


78.32,7.22,0.78,1009.52


78.34,7.22,0.62,1009.70


78.35,7.22,0.89,1009.95


78.37,7.18,0.65,1010.13


78.39,7.22,0.75,1010.34


78.40,7.21,0.91,1010.60


78.42,7.22,0.81,1010.83


78.44,7.22,0.86,1011.07


78.46,7.20,0.62,1011.25


78.47,7.20,0.81,1011.47


78.49,7.20,0.75,1011.69


78.51,7.21,0.75,1011.90


78.52,7.21,0.75,1012.11


78.54,7.21,0.73,1012.32


78.56,7.20,0.86,1012.56


78.57,7.21,0.75,1012.77


78.59,7.19,0.67,1012.96


78.61,7.21,0.86,1013.20


78.62,7.20,0.73,1013.41


78.64,7.18,0.89,1013.66


78.66,7.18,0.67,1013.85


78.68,7.21,0.70,1014.05


78.69,7.23,0.83,1014.28


78.71,7.22,0.65,1014.46


78.73,7.22,0.78,1014.68


78.74,7.20,0.70,1014.88


78.76,7.22,0.75,1015.09


78.78,7.22,0.78,1015.31


78.79,7.19,0.75,1015.53


78.81,7.22,0.73,1015.73


78.83,7.21,0.83,1015.97


78.84,7.22,0.94,1016.23


78.86,7.20,0.78,1016.45


78.88,7.20,0.75,1016.66


78.90,7.20,0.78,1016.88


78.91,7.20,0.57,1017.04


78.93,7.20,0.70,1017.24


78.95,7.20,0.81,1017.47


78.96,7.20,0.75,1017.68


78.98,7.21,0.70,1017.88


79.00,7.21,0.81,1018.11


79.01,7.20,0.78,1018.33


79.03,7.21,0.70,1018.52


79.05,7.20,0.89,1018.77


79.06,7.21,0.70,1018.97


79.08,7.20,0.81,1019.20


79.10,7.21,0.65,1019.38


79.12,7.21,0.75,1019.60


79.13,7.21,0.60,1019.76


79.15,7.22,0.78,1019.98


79.17,7.23,0.75,1020.20


79.18,7.20,0.78,1020.42


79.20,7.22,0.67,1020.61


79.22,7.21,0.83,1020.84


79.23,7.19,0.75,1021.05


79.25,7.20,0.70,1021.25


79.27,7.23,0.83,1021.49


79.28,7.20,0.67,1021.68


79.30,7.22,0.86,1021.92


79.32,7.21,0.67,1022.11


79.34,7.21,0.78,1022.33


79.35,7.21,0.86,1022.57


79.37,7.21,0.83,1022.81


79.39,7.21,0.89,1023.06


79.40,7.20,0.81,1023.28


79.42,7.21,0.83,1023.52


79.44,7.22,0.65,1023.70


79.45,7.19,0.70,1023.90


79.47,7.20,0.81,1024.13


79.49,7.20,0.67,1024.32


79.50,7.20,0.75,1024.53


79.52,7.21,0.94,1024.79


79.54,7.19,0.70,1024.99


79.56,7.18,0.96,1025.26


79.57,7.21,0.73,1025.47


79.59,7.20,0.75,1025.68


79.61,7.20,0.83,1025.92


79.62,7.21,0.73,1026.12


79.64,7.20,0.73,1026.33


79.66,7.18,0.67,1026.52


79.67,7.19,0.78,1026.74


79.69,7.20,0.75,1026.95


79.71,7.20,0.75,1027.16


79.72,7.19,0.62,1027.34


79.74,7.18,0.70,1027.54


79.76,7.18,0.86,1027.78


79.78,7.22,0.73,1027.98


79.79,7.20,0.78,1028.20


79.81,7.20,0.67,1028.39


79.83,7.20,0.81,1028.62


79.84,7.20,0.70,1028.82


79.86,7.19,0.65,1029.00


79.88,7.18,0.70,1029.20


79.89,7.20,0.86,1029.44


79.91,7.19,0.99,1029.72


79.93,7.20,0.73,1029.93


79.94,7.20,0.73,1030.13


79.96,7.20,0.83,1030.37


79.98,7.19,0.54,1030.52


80.00,7.20,0.75,1030.73


80.01,7.21,0.75,1030.94


80.03,7.20,0.81,1031.17


80.05,7.20,0.75,1031.38


80.06,7.19,0.75,1031.60


80.08,7.20,0.86,1031.84


80.10,7.20,0.78,1032.06


80.11,7.18,0.91,1032.32


80.13,7.19,0.86,1032.56


80.15,7.18,0.73,1032.76


80.16,7.18,0.70,1032.96


80.18,7.21,0.67,1033.15


80.20,7.18,0.83,1033.39


80.22,7.20,0.70,1033.59


80.23,7.20,0.60,1033.75


80.25,7.18,0.75,1033.97


80.27,7.20,0.83,1034.20


80.28,7.20,0.78,1034.42


80.30,7.20,0.73,1034.63


80.32,7.18,0.75,1034.84


80.33,7.19,0.83,1035.07


80.35,7.20,0.86,1035.32


80.37,7.20,0.81,1035.54


80.38,7.18,0.65,1035.73


80.40,7.19,0.67,1035.92


80.42,7.19,0.96,1036.19


80.44,7.20,0.67,1036.38


80.45,7.18,0.70,1036.58


80.47,7.19,0.73,1036.78


80.49,7.18,0.65,1036.97


80.50,7.19,0.75,1037.18


80.52,7.20,0.70,1037.38


80.54,7.18,0.86,1037.62


80.55,7.19,0.67,1037.81


80.57,7.20,0.75,1038.02


80.59,7.20,0.99,1038.30


80.60,7.19,0.70,1038.50


80.62,7.19,0.73,1038.70


80.64,7.18,0.73,1038.91


80.66,7.18,0.73,1039.11


80.67,7.20,0.75,1039.33


80.69,7.20,0.78,1039.55


80.71,7.19,0.89,1039.80


80.72,7.20,0.91,1040.05


80.74,7.17,0.86,1040.30


80.76,7.20,0.89,1040.55


80.77,7.19,0.81,1040.77


80.79,7.20,0.78,1040.99


80.81,7.18,0.73,1041.20


80.82,7.19,0.81,1041.43


80.84,7.19,0.81,1041.65


80.86,7.18,0.70,1041.85


80.88,7.20,0.75,1042.06


80.89,7.19,0.81,1042.29


80.91,7.17,0.81,1042.52


80.93,7.18,0.86,1042.76


80.94,7.19,0.67,1042.95


80.96,7.19,0.83,1043.19


80.98,7.21,0.75,1043.40


80.99,7.19,0.81,1043.63


81.01,7.18,0.81,1043.85


81.03,7.20,0.67,1044.04


81.04,7.18,0.65,1044.23


81.06,7.20,0.67,1044.42


81.08,7.18,0.81,1044.64


81.10,7.20,0.86,1044.89


81.11,7.19,0.83,1045.12


81.13,7.18,0.70,1045.32


81.15,7.20,0.67,1045.51


81.16,7.16,0.75,1045.72


81.18,7.17,0.81,1045.95


81.20,7.20,0.83,1046.18


81.21,7.19,0.83,1046.42


81.23,7.20,0.60,1046.59


81.25,7.18,0.78,1046.81


81.26,7.20,0.70,1047.01


81.28,7.19,0.78,1047.23


81.30,7.19,0.89,1047.48


81.32,7.20,0.62,1047.65


81.33,7.18,0.81,1047.88


81.35,7.18,0.73,1048.08


81.37,7.18,0.67,1048.27


81.38,7.18,0.81,1048.50


81.40,7.19,0.70,1048.70


81.42,7.19,0.65,1048.88


81.43,7.18,0.70,1049.08


81.45,7.18,0.65,1049.26


81.47,7.18,0.67,1049.45


81.48,7.20,0.73,1049.66


81.50,7.19,0.86,1049.90


81.52,7.18,0.73,1050.10


81.54,7.19,0.75,1050.32


81.55,7.17,0.67,1050.51


81.57,7.19,0.78,1050.73


81.59,7.19,0.78,1050.95


81.60,7.19,0.91,1051.20


81.62,7.19,0.75,1051.42


81.64,7.20,0.62,1051.59


81.65,7.18,0.67,1051.78


81.67,7.20,0.78,1052.00


81.69,7.18,0.70,1052.20


81.70,7.21,0.75,1052.41


81.72,7.18,0.67,1052.60


81.74,7.19,0.75,1052.82


81.76,7.18,0.78,1053.04


81.77,7.19,0.73,1053.24


81.79,7.19,0.75,1053.45


81.81,7.20,0.70,1053.65


81.82,7.17,0.86,1053.89


81.84,7.17,0.75,1054.11


81.86,7.19,0.78,1054.33


81.87,7.16,0.75,1054.54


81.89,7.18,0.70,1054.74


81.91,7.20,0.86,1054.98


81.92,7.18,0.89,1055.23


81.94,7.17,0.78,1055.45


81.96,7.16,0.75,1055.66


81.98,7.18,0.65,1055.84


81.99,7.20,0.81,1056.07


82.01,7.18,0.81,1056.30


82.03,7.17,0.73,1056.50


82.04,7.19,0.86,1056.75


82.06,7.18,0.75,1056.96


82.08,7.18,0.62,1057.13


82.09,7.18,0.89,1057.38


82.11,7.19,0.73,1057.59


82.13,7.19,0.78,1057.81


82.14,7.18,0.81,1058.04


82.16,7.16,0.83,1058.27


82.18,7.17,0.65,1058.45


82.20,7.18,0.78,1058.67


82.21,7.18,0.67,1058.86


82.23,7.19,0.70,1059.06


82.25,7.17,0.81,1059.29


82.26,7.17,1.02,1059.58


82.28,7.17,0.86,1059.82


82.30,7.19,0.86,1060.06


82.31,7.17,0.73,1060.27


82.33,7.20,0.86,1060.51


82.35,7.20,0.65,1060.69


82.36,7.18,0.73,1060.90


82.38,7.19,0.75,1061.11


82.40,7.18,0.81,1061.34


82.42,7.17,0.86,1061.58


82.43,7.18,0.70,1061.78


82.45,7.17,0.81,1062.00


82.47,7.17,0.75,1062.22


82.48,7.17,0.70,1062.42


82.50,7.16,0.94,1062.68


82.52,7.16,0.81,1062.91


82.53,7.17,0.83,1063.14


82.55,7.19,0.67,1063.33


82.57,7.15,0.67,1063.52


82.58,7.18,0.81,1063.75


82.60,7.18,0.78,1063.97


82.62,7.17,0.75,1064.18


82.64,7.16,0.89,1064.43


82.65,7.19,0.70,1064.63


82.67,7.17,0.73,1064.84


82.69,7.18,0.91,1065.09


82.70,7.18,0.81,1065.32


82.72,7.17,0.86,1065.56


82.74,7.18,0.78,1065.78


82.75,7.20,0.78,1066.00


82.77,7.19,0.89,1066.25


82.79,7.18,0.78,1066.47


82.80,7.17,0.60,1066.64


82.82,7.17,0.81,1066.87


82.84,7.18,0.81,1067.10


82.86,7.18,0.83,1067.33


82.87,7.18,0.70,1067.53


82.89,7.17,0.70,1067.73


82.91,7.18,0.67,1067.92


82.92,7.18,0.81,1068.14


82.94,7.18,0.73,1068.35


82.96,7.19,0.67,1068.54


82.97,7.16,0.89,1068.79


82.99,7.19,0.75,1069.00


83.01,7.18,0.75,1069.21


83.02,7.18,0.78,1069.43


83.04,7.18,0.70,1069.63


83.06,7.16,0.81,1069.86


83.08,7.17,0.67,1070.05


83.09,7.17,0.70,1070.25


83.11,7.19,0.78,1070.47


83.13,7.17,0.70,1070.67


83.14,7.16,0.78,1070.89


83.16,7.18,0.86,1071.13


83.18,7.18,0.73,1071.33


83.19,7.16,0.81,1071.56


83.21,7.18,0.86,1071.80


83.23,7.17,0.73,1072.01


83.24,7.19,0.78,1072.23


83.26,7.18,0.67,1072.42


83.28,7.18,0.70,1072.62


83.30,7.18,0.86,1072.86


83.31,7.17,0.86,1073.10


83.33,7.18,0.65,1073.28


83.35,7.17,0.89,1073.53


83.36,7.16,0.81,1073.76


83.38,7.18,0.70,1073.96


83.40,7.18,0.65,1074.14


83.41,7.16,0.75,1074.35


83.43,7.16,0.78,1074.57


83.45,7.16,0.75,1074.79


83.46,7.19,0.67,1074.98


83.48,7.18,0.62,1075.15


83.50,7.17,0.78,1075.37


83.52,7.16,0.70,1075.57


83.53,7.18,0.91,1075.83


83.55,7.17,0.86,1076.07


83.57,7.17,0.70,1076.27


83.58,7.19,0.81,1076.50


83.60,7.17,0.78,1076.72


83.62,7.18,0.70,1076.91


83.63,7.18,0.86,1077.16


83.65,7.16,0.60,1077.32


83.67,7.17,0.81,1077.55


83.68,7.17,0.75,1077.76


83.70,7.16,0.81,1077.99


83.72,7.16,0.86,1078.23


83.74,7.16,0.83,1078.47


83.75,7.18,0.75,1078.68


83.77,7.17,0.78,1078.90


83.79,7.16,0.67,1079.09


83.80,7.16,0.89,1079.34


83.82,7.17,0.83,1079.58


83.84,7.16,0.67,1079.77


83.85,7.18,0.81,1079.99


83.87,7.18,0.70,1080.19


83.89,7.16,0.65,1080.37


83.90,7.17,0.73,1080.58


83.92,7.17,0.78,1080.80


83.94,7.17,0.86,1081.04


83.96,7.18,0.75,1081.25


83.97,7.17,0.81,1081.48


83.99,7.16,0.73,1081.69


84.01,7.16,0.81,1081.92


84.02,7.18,0.73,1082.12


84.04,7.17,0.99,1082.40


84.06,7.16,0.89,1082.65


84.07,7.16,0.70,1082.85


84.09,7.18,0.78,1083.07


84.11,7.16,0.83,1083.30


84.12,7.16,0.78,1083.52


84.14,7.15,0.81,1083.75


84.16,7.16,0.81,1083.98


84.18,7.16,0.75,1084.19


84.19,7.16,0.73,1084.40


84.21,7.16,0.78,1084.61


84.23,7.17,0.62,1084.79


84.24,7.16,0.73,1085.00


84.26,7.16,0.89,1085.25


84.28,7.16,0.65,1085.43


84.29,7.18,0.78,1085.65


84.31,7.16,0.89,1085.90


84.33,7.16,0.73,1086.10


84.34,7.16,0.70,1086.30


84.36,7.15,0.83,1086.54


84.38,7.16,0.91,1086.79


84.40,7.17,0.73,1087.00


84.41,7.16,0.86,1087.24


84.43,7.16,0.75,1087.45


84.45,7.17,0.60,1087.62


84.46,7.16,0.78,1087.84


84.48,7.17,0.75,1088.05


84.50,7.18,0.91,1088.31


84.51,7.15,0.86,1088.55


84.53,7.18,0.73,1088.76


84.55,7.15,0.65,1088.94


84.56,7.16,0.70,1089.14


84.58,7.17,0.57,1089.30


84.60,7.16,0.62,1089.47


84.62,7.16,0.78,1089.69


84.63,7.16,0.75,1089.91


84.65,7.16,0.67,1090.10


84.67,7.16,0.86,1090.34


84.68,7.16,0.86,1090.58


84.70,7.16,0.83,1090.82


84.72,7.17,0.65,1091.00


84.73,7.16,0.83,1091.23


84.75,7.16,0.83,1091.47


84.77,7.16,0.75,1091.68


84.78,7.17,0.60,1091.85


84.80,7.15,0.62,1092.03


84.82,7.17,0.78,1092.25


84.84,7.17,0.81,1092.47


84.85,7.14,0.70,1092.67


84.87,7.16,0.73,1092.88


84.89,7.17,0.67,1093.07


84.90,7.17,0.62,1093.24


84.92,7.14,0.75,1093.45


84.94,7.15,0.78,1093.67


84.95,7.15,0.81,1093.90


84.97,7.16,0.78,1094.12


84.99,7.15,0.86,1094.37


85.00,7.16,0.70,1094.56


85.02,7.16,0.81,1094.79


85.04,7.14,0.89,1095.04


85.06,7.14,0.67,1095.23


85.07,7.15,0.83,1095.47


85.09,7.14,0.67,1095.66


85.11,7.16,0.73,1095.86


85.12,7.16,0.65,1096.04


85.14,7.16,0.73,1096.25


85.16,7.17,0.67,1096.44


85.17,7.16,0.62,1096.61


85.19,7.16,0.70,1096.81


85.21,7.15,0.78,1097.03


85.22,7.15,0.70,1097.23


85.24,7.14,0.73,1097.43


85.26,7.15,0.73,1097.64


85.28,7.15,0.89,1097.89


85.29,7.15,0.78,1098.11


85.31,7.16,0.67,1098.30


85.33,7.16,0.73,1098.51


85.34,7.15,0.83,1098.74


85.36,7.17,0.81,1098.97


85.38,7.15,0.70,1099.17


85.39,7.16,0.67,1099.36


85.41,7.18,0.78,1099.58


85.43,7.17,0.65,1099.76


85.44,7.17,0.60,1099.93


85.46,7.15,0.78,1100.15


85.48,7.16,0.75,1100.36


85.50,7.15,0.70,1100.56


85.51,7.13,0.81,1100.78


85.53,7.16,0.73,1100.99


85.55,7.14,0.86,1101.23


85.56,7.14,0.67,1101.42


85.58,7.16,0.70,1101.62


85.60,7.16,0.67,1101.81


85.61,7.16,0.73,1102.02


85.63,7.16,0.83,1102.25


85.65,7.14,0.89,1102.50


85.66,7.16,0.78,1102.72


85.68,7.14,0.81,1102.95


85.70,7.15,0.75,1103.16


85.72,7.14,0.86,1103.40


85.73,7.14,0.75,1103.61


85.75,7.15,0.67,1103.80


85.77,7.15,0.70,1104.00


85.78,7.14,0.83,1104.24


85.80,7.16,0.81,1104.47


85.82,7.16,0.67,1104.66


85.83,7.16,0.81,1104.88


85.85,7.13,0.78,1105.10


85.87,7.15,0.62,1105.28


85.88,7.14,0.81,1105.51


85.90,7.16,0.70,1105.70


85.92,7.16,0.70,1105.90


85.94,7.16,0.70,1106.10


85.95,7.16,0.75,1106.31


85.97,7.15,0.81,1106.54


85.99,7.14,0.78,1106.76


86.00,7.15,0.86,1107.00


86.02,7.14,0.65,1107.18


86.04,7.15,0.75,1107.40


86.05,7.15,0.70,1107.59


86.07,7.14,0.54,1107.75


86.09,7.14,0.70,1107.94


86.10,7.15,0.75,1108.16


86.12,7.14,0.78,1108.38


86.14,7.15,0.70,1108.58


86.16,7.16,0.75,1108.79


86.17,7.16,0.78,1109.01


86.19,7.14,0.78,1109.23


86.21,7.16,0.57,1109.39


86.22,7.16,0.67,1109.58


86.24,7.13,0.89,1109.83


86.26,7.15,0.75,1110.04


86.27,7.14,0.67,1110.23


86.29,7.14,0.78,1110.45


86.31,7.15,0.73,1110.66


86.32,7.16,0.70,1110.85


86.34,7.14,0.73,1111.06


86.36,7.15,0.83,1111.29


86.38,7.14,0.73,1111.50


86.39,7.16,0.81,1111.73


86.41,7.14,0.81,1111.95


86.43,7.16,0.75,1112.17


86.44,7.15,0.81,1112.39


86.46,7.17,0.65,1112.58


86.48,7.14,0.67,1112.77


86.49,7.15,0.91,1113.02


86.51,7.16,0.54,1113.18


86.53,7.15,0.83,1113.41


86.54,7.16,0.67,1113.60


86.56,7.14,0.78,1113.82


86.58,7.15,0.67,1114.01


86.60,7.16,0.75,1114.23


86.61,7.16,0.75,1114.44


86.63,7.14,0.75,1114.65


86.65,7.14,0.81,1114.88


86.66,7.14,0.81,1115.11


86.68,7.14,0.86,1115.35


86.70,7.14,0.81,1115.58


86.71,7.14,0.70,1115.77


86.73,7.14,0.70,1115.97


86.75,7.15,0.60,1116.14


86.76,7.15,0.83,1116.37


86.78,7.16,0.70,1116.57


86.80,7.14,0.83,1116.81


86.82,7.15,0.62,1116.98


86.83,7.14,0.70,1117.18


86.85,7.12,0.89,1117.43


86.87,7.15,0.62,1117.61


86.88,7.14,0.81,1117.83


86.90,7.15,0.78,1118.05


86.92,7.15,0.83,1118.29


86.93,7.14,0.78,1118.51


86.95,7.15,0.89,1118.76


86.97,7.13,0.83,1118.99


86.98,7.14,0.81,1119.22


87.00,7.14,0.73,1119.43


87.02,7.14,0.78,1119.65


87.04,7.14,0.86,1119.89


87.05,7.14,0.78,1120.11


87.07,7.14,0.75,1120.32


87.09,7.14,0.81,1120.55


87.10,7.14,0.78,1120.77


87.12,7.14,0.67,1120.96


87.14,7.15,0.75,1121.17


87.15,7.12,0.86,1121.41


87.17,7.14,0.70,1121.61


87.19,7.14,0.78,1121.83


87.20,7.15,0.57,1121.99


87.22,7.14,0.70,1122.19


87.24,7.14,0.89,1122.44


87.26,7.14,0.65,1122.62


87.27,7.15,0.73,1122.83


87.29,7.13,0.75,1123.04


87.31,7.14,0.83,1123.27


87.32,7.13,0.70,1123.47


87.34,7.14,0.81,1123.70


87.36,7.14,0.83,1123.93


87.37,7.15,0.67,1124.12


87.39,7.14,0.83,1124.36


87.41,7.14,0.81,1124.59


87.42,7.13,0.81,1124.81


87.44,7.12,0.54,1124.97


87.46,7.14,0.83,1125.20


87.48,7.14,0.70,1125.40


87.49,7.12,0.89,1125.65


87.51,7.12,0.70,1125.85


87.53,7.13,0.67,1126.04


87.54,7.12,0.75,1126.25


87.56,7.12,0.67,1126.44


87.58,7.15,0.89,1126.69


87.59,7.16,0.86,1126.93


87.61,7.14,0.89,1127.18


87.63,7.14,0.65,1127.37


87.65,7.13,0.62,1127.54


87.66,7.14,0.62,1127.72


87.68,7.14,0.67,1127.91


87.70,7.15,0.67,1128.10


87.71,7.16,0.73,1128.30


87.73,7.14,0.75,1128.52


87.75,7.14,0.62,1128.69


87.76,7.15,0.67,1128.88


87.78,7.14,0.73,1129.09


87.80,7.12,0.70,1129.28


87.81,7.14,0.73,1129.49


87.83,7.14,0.78,1129.71


87.85,7.14,0.73,1129.91


87.87,7.14,0.65,1130.10


87.88,7.13,0.89,1130.35


87.90,7.15,0.67,1130.54


87.92,7.13,0.75,1130.75


87.93,7.14,0.75,1130.96


87.95,7.14,0.75,1131.18


87.97,7.13,0.73,1131.38


87.98,7.13,0.83,1131.62


88.00,7.16,0.65,1131.80


88.02,7.12,0.73,1132.00


88.03,7.14,0.75,1132.22


88.05,7.14,0.65,1132.40


88.07,7.13,0.62,1132.57


88.09,7.14,0.70,1132.77


88.10,7.14,0.83,1133.01


88.12,7.14,0.67,1133.20


88.14,7.13,0.78,1133.42


88.15,7.14,0.62,1133.59


88.17,7.14,0.75,1133.81


88.19,7.15,0.81,1134.03


88.20,7.14,0.75,1134.25


88.22,7.14,0.65,1134.43


88.24,7.16,0.86,1134.67


88.25,7.14,0.62,1134.85


88.27,7.12,0.73,1135.05


88.29,7.16,0.83,1135.29


88.31,7.13,0.60,1135.45


88.32,7.14,0.70,1135.65


88.34,7.14,0.67,1135.84


88.36,7.13,0.62,1136.02


88.37,7.12,0.91,1136.27


88.39,7.12,0.81,1136.50


88.41,7.14,0.67,1136.69


88.42,7.12,0.81,1136.92


88.44,7.12,0.83,1137.15


88.46,7.13,0.73,1137.36


88.47,7.13,0.81,1137.59


88.49,7.14,0.73,1137.79


88.51,7.15,0.67,1137.98


88.53,7.13,0.81,1138.21


88.54,7.13,0.81,1138.44


88.56,7.13,0.81,1138.67


88.58,7.14,0.83,1138.90


88.59,7.13,0.67,1139.09


88.61,7.14,0.81,1139.32


88.63,7.13,0.83,1139.55


88.64,7.15,0.70,1139.75


88.66,7.14,0.86,1139.99


88.68,7.12,0.78,1140.21


88.69,7.12,0.83,1140.45


88.71,7.14,0.78,1140.67


88.73,7.12,0.75,1140.88


88.75,7.14,0.73,1141.09


88.76,7.13,0.75,1141.30


88.78,7.13,0.75,1141.51


88.80,7.12,0.75,1141.72


88.81,7.11,0.73,1141.93


88.83,7.13,0.73,1142.13


88.85,7.14,0.78,1142.35


88.86,7.12,0.65,1142.54


88.88,7.13,0.75,1142.75


88.90,7.13,0.70,1142.95


88.91,7.13,0.78,1143.17


88.93,7.14,0.75,1143.38


88.95,7.13,0.81,1143.61


88.97,7.12,0.81,1143.83


88.98,7.13,0.81,1144.06


89.00,7.12,0.83,1144.30


89.02,7.13,0.83,1144.53


89.03,7.12,0.83,1144.77


89.05,7.12,0.73,1144.97


89.07,7.13,0.78,1145.19


89.08,7.14,0.62,1145.37


89.10,7.13,0.75,1145.58


89.12,7.14,0.75,1145.79


89.13,7.10,0.78,1146.01


89.15,7.12,0.73,1146.22


89.17,7.14,0.81,1146.44


89.19,7.14,0.81,1146.67


89.20,7.12,0.89,1146.92


89.22,7.12,0.75,1147.13


89.24,7.12,0.83,1147.37


89.25,7.15,0.78,1147.59


89.27,7.11,0.75,1147.80


89.29,7.13,0.67,1147.99


89.30,7.12,0.67,1148.18


89.32,7.12,0.78,1148.40


89.34,7.13,0.60,1148.57


89.35,7.12,0.78,1148.79


89.37,7.12,0.91,1149.05


89.39,7.12,0.73,1149.25


89.41,7.12,0.78,1149.47


89.42,7.13,0.65,1149.66


89.44,7.12,0.75,1149.87


89.46,7.13,0.65,1150.05


89.47,7.13,0.83,1150.29


89.49,7.14,0.73,1150.49


89.51,7.13,0.81,1150.72


89.52,7.11,0.70,1150.92


89.54,7.13,0.73,1151.12


89.56,7.12,0.73,1151.33


89.57,7.12,0.65,1151.51


89.59,7.12,0.70,1151.71


89.61,7.13,0.65,1151.89


89.63,7.14,0.70,1152.09


89.64,7.12,0.78,1152.31


89.66,7.12,0.65,1152.49


89.68,7.15,0.70,1152.69


89.69,7.13,0.73,1152.89


89.71,7.13,0.83,1153.13


89.73,7.14,0.81,1153.36


89.74,7.12,0.81,1153.58


89.76,7.12,0.83,1153.82


89.78,7.12,0.81,1154.05


89.79,7.14,0.73,1154.25


89.81,7.13,0.78,1154.47


89.83,7.10,0.73,1154.68


89.85,7.11,0.81,1154.90


89.86,7.13,0.65,1155.09


89.88,7.12,0.78,1155.31


89.90,7.14,0.86,1155.55


89.91,7.11,0.83,1155.78


89.93,7.12,0.70,1155.98


89.95,7.11,0.65,1156.16


89.96,7.12,0.78,1156.38


89.98,7.12,0.89,1156.63


90.00,7.10,0.96,1156.91


90.01,7.12,0.73,1157.11


90.03,7.12,0.65,1157.29


90.05,7.12,0.86,1157.54

90.07,7.12,0.83,1157.77


90.08,7.11,0.86,1158.01


90.10,7.12,0.81,1158.24


90.12,7.11,0.73,1158.45


90.13,7.12,0.83,1158.68


90.15,7.12,0.78,1158.90


90.17,7.12,0.70,1159.10


90.18,7.11,0.75,1159.31


90.20,7.14,0.75,1159.52


90.22,7.11,0.78,1159.74


90.23,7.13,0.78,1159.96


90.25,7.14,0.78,1160.18


90.27,7.12,0.78,1160.41


90.29,7.14,0.73,1160.61


90.30,7.14,0.75,1160.82


90.32,7.11,0.81,1161.05


90.34,7.11,0.73,1161.26


90.35,7.10,0.70,1161.45


90.37,7.10,0.70,1161.65


90.39,7.13,0.83,1161.89


90.40,7.12,0.75,1162.10


90.42,7.10,0.75,1162.31


90.44,7.12,0.81,1162.54


90.45,7.11,0.67,1162.73


90.47,7.12,0.75,1162.94


90.49,7.11,0.70,1163.14


90.51,7.12,0.75,1163.35


90.52,7.11,0.91,1163.61


90.54,7.12,0.75,1163.82


90.56,7.14,0.67,1164.01


90.57,7.12,0.81,1164.24


90.59,7.10,0.81,1164.47


90.61,7.12,0.83,1164.70


90.62,7.12,0.75,1164.91


90.64,7.10,0.86,1165.16


90.66,7.11,0.81,1165.38


90.67,7.13,0.81,1165.61


90.69,7.12,0.70,1165.81


90.71,7.11,0.65,1165.99


90.73,7.12,0.83,1166.23


90.74,7.13,0.78,1166.45


90.76,7.11,0.73,1166.65


90.78,7.10,0.94,1166.92


90.79,7.11,0.86,1167.16


90.81,7.12,0.70,1167.36


90.83,7.11,0.91,1167.61


90.84,7.12,0.62,1167.79


90.86,7.12,0.75,1168.00


90.88,7.12,0.67,1168.19


90.89,7.12,0.78,1168.41


90.91,7.10,0.94,1168.68


90.93,7.12,0.70,1168.88


90.95,7.11,0.75,1169.09


90.96,7.12,0.86,1169.33


90.98,7.10,0.86,1169.57


91.00,7.13,0.67,1169.76


91.01,7.12,0.78,1169.98


91.03,7.12,0.83,1170.22


91.05,7.10,0.67,1170.41


91.06,7.12,0.78,1170.63


91.08,7.12,0.78,1170.85


91.10,7.12,0.65,1171.03


91.11,7.13,0.67,1171.22


91.13,7.13,0.75,1171.44


91.15,7.13,0.62,1171.61


91.17,7.12,0.65,1171.79


91.18,7.11,0.73,1172.00


91.20,7.10,0.67,1172.19


91.22,7.12,0.83,1172.42


91.23,7.11,0.67,1172.61


91.25,7.11,0.75,1172.83


91.27,7.12,0.83,1173.06


91.28,7.12,0.75,1173.27


91.30,7.10,0.73,1173.48


91.32,7.11,0.78,1173.70


91.33,7.11,0.73,1173.90


91.35,7.11,0.86,1174.15


91.37,7.11,0.83,1174.38


91.39,7.11,0.75,1174.59


91.40,7.12,0.75,1174.81


91.42,7.10,0.75,1175.02


91.44,7.12,0.65,1175.20


91.45,7.12,0.78,1175.42


91.47,7.11,0.75,1175.64


91.49,7.10,0.65,1175.82


91.50,7.12,0.65,1176.00


91.52,7.12,0.75,1176.21


91.54,7.10,0.75,1176.43


91.55,7.11,0.67,1176.62


91.57,7.12,0.86,1176.86


91.59,7.11,0.70,1177.06


91.61,7.11,0.78,1177.28


91.62,7.12,0.73,1177.48


91.64,7.12,0.81,1177.71


91.66,7.10,0.75,1177.92


91.67,7.11,0.78,1178.14


91.69,7.10,0.81,1178.37


91.71,7.09,0.91,1178.63


91.72,7.10,0.89,1178.88


91.74,7.12,0.83,1179.11


91.76,7.09,0.73,1179.32


91.77,7.11,0.81,1179.54


91.79,7.09,0.81,1179.77


91.81,7.10,0.81,1180.00


91.83,7.10,0.70,1180.20


91.84,7.12,0.81,1180.42


91.86,7.10,0.78,1180.64


91.88,7.11,0.67,1180.83


91.89,7.11,0.81,1181.06


91.91,7.12,0.62,1181.24


91.93,7.12,0.67,1181.43


91.94,7.12,0.78,1181.65


91.96,7.10,0.86,1181.89


91.98,7.11,0.67,1182.08


91.99,7.10,0.89,1182.33


92.01,7.12,0.89,1182.58


92.03,7.11,0.70,1182.78


92.05,7.12,0.81,1183.00


92.06,7.13,0.70,1183.20


92.08,7.12,0.78,1183.42


92.10,7.10,0.75,1183.63


92.11,7.12,0.78,1183.85


92.13,7.12,0.67,1184.05


92.15,7.10,0.70,1184.24


92.16,7.13,0.73,1184.45


92.18,7.11,0.65,1184.63


92.20,7.10,0.67,1184.82


92.21,7.12,0.67,1185.01


92.23,7.10,0.67,1185.20


92.25,7.11,0.81,1185.43


92.27,7.12,0.67,1185.62


92.28,7.11,0.78,1185.84


92.30,7.11,0.70,1186.04


92.32,7.10,0.78,1186.26


92.33,7.11,0.75,1186.47


92.35,7.10,0.86,1186.71


92.37,7.12,0.96,1186.98


92.38,7.10,0.86,1187.23


92.40,7.11,0.81,1187.45


92.42,7.10,0.54,1187.61


92.43,7.08,0.83,1187.84


92.45,7.10,0.89,1188.09


92.47,7.12,0.75,1188.30


92.49,7.10,0.73,1188.51


92.50,7.12,0.67,1188.70


92.52,7.11,0.86,1188.94


92.54,7.10,0.81,1189.17


92.55,7.10,0.65,1189.35


92.57,7.10,0.86,1189.59


92.59,7.10,0.75,1189.81


92.60,7.10,0.81,1190.03


92.62,7.12,0.86,1190.28


92.64,7.12,0.65,1190.46


92.65,7.10,0.78,1190.68


92.67,7.12,0.81,1190.91


92.69,7.10,0.67,1191.10


92.71,7.10,0.60,1191.27


92.72,7.11,0.78,1191.49


92.74,7.09,0.73,1191.69


92.76,7.10,0.70,1191.89


92.77,7.11,0.73,1192.09


92.79,7.11,0.65,1192.28


92.81,7.09,0.70,1192.47


92.82,7.11,0.65,1192.66


92.84,7.09,0.89,1192.91


92.86,7.10,0.62,1193.08


92.87,7.10,0.70,1193.28


92.89,7.09,0.75,1193.49


92.91,7.09,0.67,1193.68


92.93,7.10,0.78,1193.90


92.94,7.10,0.81,1194.13


92.96,7.12,0.81,1194.36


92.98,7.09,0.73,1194.56


92.99,7.10,0.83,1194.80


93.01,7.11,0.73,1195.00


93.03,7.10,0.78,1195.22


93.04,7.12,1.02,1195.51


93.06,7.10,0.70,1195.71


93.08,7.09,0.83,1195.94


93.09,7.11,0.83,1196.18


93.11,7.12,0.62,1196.35


93.13,7.10,0.83,1196.59


93.15,7.12,0.83,1196.82


93.16,7.08,0.78,1197.04


93.18,7.10,0.89,1197.29


93.20,7.10,0.81,1197.52


93.21,7.11,0.75,1197.73


93.23,7.09,0.81,1197.96


93.25,7.10,0.65,1198.14


93.26,7.08,0.65,1198.33


93.28,7.10,0.81,1198.55


93.30,7.10,0.78,1198.77


93.31,7.12,0.73,1198.98


93.33,7.10,0.86,1199.22


93.35,7.11,0.73,1199.43


93.37,7.10,0.75,1199.64


93.38,7.10,0.78,1199.86


93.40,7.11,0.78,1200.08


93.42,7.10,0.54,1200.23


93.43,7.10,0.67,1200.42


93.45,7.12,0.70,1200.62


93.47,7.11,0.78,1200.84


93.48,7.09,0.78,1201.06


93.50,7.11,0.81,1201.29


93.52,7.10,0.78,1201.51


93.53,7.10,0.70,1201.71


93.55,7.10,0.54,1201.86


93.57,7.10,0.83,1202.09


93.59,7.09,0.75,1202.31


93.60,7.08,0.73,1202.51


93.62,7.10,0.81,1202.74


93.64,7.10,0.83,1202.97


93.65,7.10,0.73,1203.18


93.67,7.11,0.70,1203.38


93.69,7.08,0.75,1203.59


93.70,7.10,0.65,1203.77


93.72,7.11,0.81,1204.00


93.74,7.10,0.78,1204.22


93.75,7.08,0.57,1204.38


93.77,7.09,0.70,1204.58


93.79,7.10,0.83,1204.81


93.81,7.10,0.75,1205.02


93.82,7.09,0.78,1205.24


93.84,7.10,0.83,1205.48


93.86,7.08,0.70,1205.68


93.87,7.09,0.78,1205.90


93.89,7.11,0.89,1206.15


93.91,7.10,0.57,1206.31


93.92,7.11,0.73,1206.51


93.94,7.10,0.78,1206.73


93.96,7.10,0.75,1206.95


93.97,7.09,0.86,1207.19


93.99,7.10,0.67,1207.38


94.01,7.08,0.65,1207.56


94.03,7.08,0.73,1207.77


94.04,7.08,0.83,1208.00


94.06,7.10,0.78,1208.22


94.08,7.11,0.70,1208.42


94.09,7.08,0.81,1208.65


94.11,7.10,0.83,1208.88


94.13,7.08,0.78,1209.10


94.14,7.09,0.67,1209.29


94.16,7.10,0.75,1209.50


94.18,7.10,0.89,1209.75


94.19,7.11,0.78,1209.97


94.21,7.11,0.75,1210.19


94.23,7.10,0.67,1210.38


94.25,7.08,0.75,1210.59


94.26,7.09,0.81,1210.82


94.28,7.12,0.67,1211.01


94.30,7.09,0.70,1211.20


94.31,7.10,0.78,1211.42


94.33,7.10,0.78,1211.64


94.35,7.08,0.78,1211.86


94.36,7.10,0.78,1212.08


94.38,7.09,0.73,1212.29


94.40,7.09,0.70,1212.49


94.41,7.10,0.75,1212.70


94.43,7.08,0.67,1212.89


94.45,7.10,0.70,1213.09


94.47,7.08,0.73,1213.29


94.48,7.08,0.73,1213.50


94.50,7.08,0.81,1213.73


94.52,7.08,0.83,1213.96


94.53,7.09,0.81,1214.19


94.55,7.08,0.70,1214.39


94.57,7.08,0.83,1214.62


94.58,7.09,0.75,1214.83


94.60,7.09,0.83,1215.07


94.62,7.10,0.78,1215.29


94.63,7.09,0.62,1215.46


94.65,7.10,0.73,1215.67


94.67,7.08,0.96,1215.94


94.69,7.08,0.86,1216.18


94.70,7.08,0.75,1216.40


94.72,7.08,0.78,1216.62


94.74,7.08,0.78,1216.84


94.75,7.06,0.73,1217.04


94.77,7.08,0.83,1217.28


94.79,7.10,0.73,1217.48


94.80,7.08,0.73,1217.69


94.82,7.09,0.70,1217.88


94.84,7.09,0.70,1218.08


94.85,7.10,0.78,1218.30


94.87,7.09,0.86,1218.54


94.89,7.10,0.73,1218.75


94.91,7.08,0.62,1218.92


94.92,7.09,0.89,1219.17


94.94,7.08,0.89,1219.42


94.96,7.10,0.73,1219.63


94.97,7.10,0.62,1219.80


94.99,7.10,0.78,1220.02


95.01,7.09,0.65,1220.21


95.02,7.08,0.75,1220.42


95.04,7.08,0.70,1220.62


95.06,7.09,0.75,1220.83


95.07,7.08,0.73,1221.04


95.09,7.10,0.75,1221.25


95.11,7.10,0.75,1221.46


95.13,7.07,0.62,1221.64


95.14,7.08,0.81,1221.86


95.16,7.08,0.81,1222.09


95.18,7.08,0.78,1222.31


95.19,7.09,0.86,1222.55


95.21,7.08,0.67,1222.74


95.23,7.09,0.75,1222.96


95.24,7.08,0.65,1223.14


95.26,7.08,0.75,1223.35


95.28,7.09,0.67,1223.54


95.29,7.09,0.86,1223.78


95.31,7.09,0.73,1223.99


95.33,7.08,0.75,1224.20


95.35,7.07,0.78,1224.42


95.36,7.09,0.81,1224.65


95.38,7.09,0.65,1224.83


95.40,7.08,0.73,1225.04


95.41,7.08,0.70,1225.24


95.43,7.09,0.83,1225.47


95.45,7.10,0.75,1225.68


95.46,7.08,0.81,1225.91


95.48,7.09,0.67,1226.10


95.50,7.07,1.02,1226.39


95.51,7.08,0.89,1226.64


95.53,7.10,0.86,1226.88


95.55,7.09,0.73,1227.08


95.57,7.09,0.78,1227.30


95.58,7.09,0.83,1227.54


95.60,7.08,0.89,1227.79


95.62,7.09,0.73,1227.99


95.63,7.09,0.70,1228.19


95.65,7.09,0.60,1228.36


95.67,7.10,0.78,1228.58


95.68,7.08,0.73,1228.79


95.70,7.07,0.73,1228.99


95.72,7.07,0.83,1229.23


95.73,7.09,0.60,1229.39


95.75,7.09,0.73,1229.60


95.77,7.08,0.86,1229.84


95.79,7.09,0.70,1230.04


95.80,7.08,0.70,1230.24


95.82,7.09,0.73,1230.44


95.84,7.08,0.86,1230.68


95.85,7.09,0.67,1230.87


95.87,7.08,0.75,1231.09


95.89,7.08,0.81,1231.31


95.90,7.09,0.83,1231.55


95.92,7.11,0.89,1231.80


95.94,7.09,0.86,1232.04


95.95,7.08,0.81,1232.27


95.97,7.07,0.81,1232.50


95.99,7.09,0.67,1232.69


96.01,7.08,0.70,1232.88


96.02,7.07,0.65,1233.07


96.04,7.09,0.73,1233.27


96.06,7.08,0.86,1233.51


96.07,7.07,0.73,1233.72


96.09,7.09,0.81,1233.95


96.11,7.10,0.78,1234.17


96.12,7.08,0.78,1234.39


96.14,7.07,0.60,1234.56


96.16,7.08,0.86,1234.80


96.17,7.07,0.67,1234.99


96.19,7.07,0.83,1235.22


96.21,7.07,0.89,1235.47


96.23,7.08,0.81,1235.70


96.24,7.08,0.89,1235.95


96.26,7.08,0.81,1236.18


96.28,7.08,0.81,1236.41


96.29,7.07,0.70,1236.60


96.31,7.08,0.81,1236.83


96.33,7.08,0.81,1237.06


96.34,7.08,0.78,1237.28


96.36,7.08,0.70,1237.48


96.38,7.09,0.57,1237.64


96.39,7.08,0.65,1237.82


96.41,7.07,0.75,1238.03


96.43,7.08,0.81,1238.26


96.45,7.08,0.83,1238.49


96.46,7.07,0.83,1238.73


96.48,7.07,0.75,1238.94


96.50,7.06,0.81,1239.17


96.51,7.09,0.78,1239.39


96.53,7.07,0.75,1239.60


96.55,7.08,0.73,1239.81


96.56,7.08,0.86,1240.05


96.58,7.08,0.73,1240.26


96.60,7.08,0.67,1240.45


96.61,7.08,0.73,1240.65


96.63,7.06,0.78,1240.87


96.65,7.07,0.86,1241.11


96.67,7.08,0.73,1241.32


96.68,7.08,0.81,1241.55


96.70,7.08,0.73,1241.75


96.72,7.07,0.81,1241.98


96.73,7.07,0.83,1242.21


96.75,7.07,0.75,1242.43


96.77,7.08,0.67,1242.62


96.78,7.08,0.73,1242.82


96.80,7.08,0.75,1243.03


96.82,7.09,0.73,1243.24


96.83,7.07,0.65,1243.42


96.85,7.08,0.78,1243.64


96.87,7.08,0.81,1243.87


96.89,7.08,0.83,1244.10


96.90,7.06,0.91,1244.36


96.92,7.06,0.75,1244.57


96.94,7.07,0.67,1244.76


96.95,7.08,0.75,1244.98


96.97,7.08,0.89,1245.23


96.99,7.07,0.73,1245.43


97.00,7.07,0.78,1245.65


97.02,7.07,0.65,1245.83


97.04,7.07,0.70,1246.03


97.05,7.08,0.86,1246.27


97.07,7.07,0.78,1246.49


97.09,7.07,0.60,1246.66


97.11,7.08,0.81,1246.89


97.12,7.08,0.60,1247.06


97.14,7.09,0.94,1247.32


97.16,7.08,0.86,1247.56


97.17,7.08,0.78,1247.78


97.19,7.07,0.75,1248.00


97.21,7.08,0.75,1248.21


97.22,7.07,0.73,1248.42


97.24,7.08,0.67,1248.61


97.26,7.05,0.67,1248.80


97.27,7.08,0.70,1248.99


97.29,7.07,0.73,1249.20


97.31,7.08,0.78,1249.42


97.33,7.07,0.57,1249.58


97.34,7.10,0.75,1249.79


97.36,7.04,0.89,1250.04


97.38,7.08,0.78,1250.26


97.39,7.08,0.75,1250.47


97.41,7.06,0.73,1250.68


97.43,7.08,0.78,1250.90


97.44,7.08,0.86,1251.14


97.46,7.08,0.75,1251.35


97.48,7.06,0.70,1251.55


97.49,7.08,0.81,1251.78


97.51,7.07,0.73,1251.98


97.53,7.08,0.65,1252.17


97.55,7.08,0.83,1252.40


97.56,7.06,0.75,1252.62


97.58,7.07,0.78,1252.84


97.60,7.06,0.83,1253.07


97.61,7.07,0.78,1253.29


97.63,7.07,0.86,1253.53


97.65,7.08,0.78,1253.75


97.66,7.07,0.78,1253.97


97.68,7.08,0.70,1254.17


97.70,7.07,0.70,1254.37


97.71,7.08,0.75,1254.58


97.73,7.07,0.67,1254.77


97.75,7.06,0.67,1254.96


97.77,7.08,0.73,1255.17


97.78,7.06,0.70,1255.36


97.80,7.07,0.60,1255.53


97.82,7.08,0.57,1255.69


97.83,7.07,0.78,1255.91


97.85,7.08,0.78,1256.13


97.87,7.07,0.96,1256.40


97.88,7.06,0.65,1256.59


97.90,7.07,0.73,1256.79


97.92,7.07,0.67,1256.98


97.93,7.07,0.70,1257.18


97.95,7.07,0.73,1257.39


97.97,7.06,0.91,1257.64


97.99,7.06,0.62,1257.82


98.00,7.06,0.70,1258.02


98.02,7.06,0.81,1258.24


98.04,7.07,0.65,1258.43


98.05,7.06,0.75,1258.64


98.07,7.06,0.83,1258.87


98.09,7.06,0.73,1259.08


98.10,7.07,0.70,1259.28


98.12,7.09,0.78,1259.50


98.14,7.08,0.70,1259.69


98.15,7.06,0.75,1259.91


98.17,7.06,0.70,1260.10


98.19,7.06,0.75,1260.32


98.21,7.07,0.60,1260.49


98.22,7.06,0.78,1260.71


98.24,7.08,0.67,1260.90


98.26,7.05,0.73,1261.10


98.27,7.08,0.67,1261.29


98.29,7.08,0.62,1261.47


98.31,7.08,0.73,1261.67


98.32,7.06,0.86,1261.91


98.34,7.06,0.75,1262.13


98.36,7.08,0.78,1262.35


98.37,7.06,0.67,1262.54


98.39,7.06,0.75,1262.75


98.41,7.07,0.81,1262.98


98.43,7.06,0.83,1263.21


98.44,7.06,0.78,1263.43


98.46,7.07,0.91,1263.69


98.48,7.06,0.78,1263.91


98.49,7.08,0.62,1264.08


98.51,7.06,0.65,1264.27


98.53,7.06,0.83,1264.50


98.54,7.07,0.91,1264.76


98.56,7.06,0.83,1264.99


98.58,7.06,0.75,1265.21


98.59,7.05,0.73,1265.41


98.61,7.08,0.78,1265.63


98.63,7.07,0.70,1265.83


98.65,7.06,0.70,1266.03


98.66,7.06,0.83,1266.26


98.68,7.06,0.78,1266.48


98.70,7.08,0.83,1266.72


98.71,7.08,0.91,1266.97


98.73,7.06,0.83,1267.21


98.75,7.06,0.73,1267.42


98.76,7.05,0.65,1267.60


98.78,7.06,0.75,1267.81


98.80,7.08,0.62,1267.99


98.81,7.06,0.70,1268.18


98.83,7.06,0.73,1268.39


98.85,7.06,0.78,1268.61


98.87,7.08,0.78,1268.83


98.88,7.06,0.70,1269.03


98.90,7.06,0.83,1269.26


98.92,7.06,0.70,1269.46


98.93,7.04,0.67,1269.65


98.95,7.06,0.70,1269.85


98.97,7.06,0.73,1270.05


98.98,7.06,0.54,1270.20


99.00,7.06,0.75,1270.42


99.02,7.06,0.81,1270.65


99.03,7.04,0.73,1270.85


99.05,7.05,0.89,1271.10


99.07,7.06,0.78,1271.32


99.09,7.07,0.83,1271.55


99.10,7.06,0.83,1271.79


99.12,7.07,0.67,1271.98


99.14,7.05,0.78,1272.20


99.15,7.04,0.73,1272.41


99.17,7.07,0.75,1272.62


99.19,7.05,0.62,1272.79


99.20,7.04,0.75,1273.01


99.22,7.06,0.60,1273.17


99.24,7.06,0.75,1273.39


99.25,7.07,0.75,1273.60


99.27,7.06,0.67,1273.79


99.29,7.08,0.67,1273.98


99.31,7.07,0.67,1274.17


99.32,7.06,0.86,1274.41


99.34,7.07,0.83,1274.65


99.36,7.06,0.75,1274.86


99.37,7.06,0.75,1275.07


99.39,7.07,0.83,1275.31


99.41,7.06,0.75,1275.52


99.42,7.08,0.75,1275.73


99.44,7.06,0.70,1275.93


99.46,7.06,0.94,1276.19


99.47,7.04,0.67,1276.38


99.49,7.05,0.78,1276.60


99.51,7.06,0.81,1276.83


99.53,7.06,0.65,1277.02


99.54,7.05,0.73,1277.22


99.56,7.06,0.75,1277.43


99.58,7.05,0.83,1277.67


99.59,7.06,0.94,1277.93


99.61,7.06,0.67,1278.12


99.63,7.05,0.86,1278.36


99.64,7.04,0.83,1278.60


99.66,7.05,0.75,1278.81


99.68,7.06,0.67,1279.00


99.69,7.07,0.81,1279.23


99.71,7.04,0.83,1279.47


99.73,7.06,0.75,1279.68


99.75,7.06,0.81,1279.91


99.76,7.08,0.83,1280.14


99.78,7.06,0.73,1280.35


99.80,7.05,0.70,1280.54


99.81,7.05,0.73,1280.75


99.83,7.04,0.89,1281.00


99.85,7.06,0.75,1281.21


99.86,7.05,0.75,1281.42


99.88,7.07,0.65,1281.61


99.90,7.04,0.75,1281.82


99.91,7.05,0.78,1282.04


99.93,7.06,0.73,1282.24


99.95,7.06,0.78,1282.46


99.97,7.06,0.62,1282.64


99.98,7.06,0.81,1282.87


100.00,7.06,0.70,1283.06


100.02,7.04,0.75,1283.28


100.03,7.04,0.75,1283.49


100.05,7.07,0.86,1283.73


100.07,7.05,0.73,1283.94


100.08,7.06,0.86,1284.18


100.10,7.07,0.67,1284.37


100.12,7.07,0.65,1284.55


100.13,7.05,0.70,1284.75


100.15,7.07,0.86,1284.99


100.17,7.05,0.78,1285.21


100.19,7.05,0.75,1285.42


100.20,7.06,0.81,1285.65


100.22,7.06,0.73,1285.86


100.24,7.06,0.83,1286.09


100.25,7.05,0.96,1286.36


100.27,7.05,0.91,1286.62


100.29,7.08,0.67,1286.81


100.30,7.06,0.75,1287.03


100.32,7.06,0.78,1287.24


100.34,7.04,0.70,1287.44


100.35,7.06,0.67,1287.63


100.37,7.06,0.75,1287.85


100.39,7.06,0.78,1288.07


100.41,7.06,0.73,1288.27


100.42,7.06,0.70,1288.47


100.44,7.04,0.70,1288.67


100.46,7.06,0.75,1288.88


100.47,7.07,0.99,1289.16


100.49,7.05,0.62,1289.33


100.51,7.05,0.62,1289.51


100.52,7.07,0.65,1289.69


100.54,7.05,0.73,1289.90


100.56,7.06,0.78,1290.12


100.57,7.04,0.73,1290.32


100.59,7.04,0.81,1290.55


100.61,7.06,0.65,1290.73


100.63,7.04,0.75,1290.95


100.64,7.06,0.70,1291.14


100.66,7.06,0.86,1291.39


100.68,7.06,0.75,1291.60


100.69,7.06,0.75,1291.81


100.71,7.06,0.83,1292.05


100.73,7.06,0.83,1292.28


100.74,7.05,0.75,1292.49


100.76,7.04,0.81,1292.72


100.78,7.04,0.65,1292.90


100.79,7.06,0.75,1293.12


100.81,7.04,0.75,1293.33


100.83,7.06,0.78,1293.55


100.85,7.06,0.70,1293.75


100.86,7.05,0.78,1293.97


100.88,7.04,0.73,1294.17


100.90,7.04,0.75,1294.38


100.91,7.05,0.65,1294.57


100.93,7.05,0.70,1294.76


100.95,7.06,0.62,1294.94


100.96,7.06,0.73,1295.14


100.98,7.05,0.70,1295.34


101.00,7.06,0.83,1295.58


101.01,7.06,0.81,1295.81


101.03,7.07,0.89,1296.05


101.05,7.06,0.89,1296.30


101.07,7.07,0.70,1296.50


101.08,7.07,0.70,1296.70


101.10,7.05,0.89,1296.95


101.12,7.05,0.70,1297.15


101.13,7.05,0.81,1297.38


101.15,7.05,0.83,1297.61


101.17,7.05,0.75,1297.82


101.18,7.03,0.60,1297.99


101.20,7.05,0.60,1298.16


101.22,7.05,0.70,1298.36


101.23,7.03,0.73,1298.56


101.25,7.05,0.67,1298.75


101.27,7.04,0.67,1298.94


101.29,7.05,0.75,1299.15


101.30,7.05,0.62,1299.33


101.32,7.08,0.70,1299.53


101.34,7.04,0.86,1299.77


101.35,7.06,0.73,1299.97


101.37,7.03,0.78,1300.20


101.39,7.05,0.81,1300.42


101.40,7.05,0.81,1300.65


101.42,7.06,0.75,1300.86


101.44,7.05,0.81,1301.09


101.45,7.06,0.75,1301.30


101.47,7.04,0.70,1301.50


101.49,7.06,0.73,1301.71


101.51,7.06,0.78,1301.93


101.52,7.07,0.75,1302.14


101.54,7.08,0.75,1302.35


101.56,7.06,0.83,1302.59


101.57,7.04,0.91,1302.84


101.59,7.06,0.73,1303.05


101.61,7.06,0.78,1303.27


101.62,7.06,0.75,1303.48


101.64,7.05,0.65,1303.66


101.66,7.06,0.75,1303.88


101.67,7.04,0.75,1304.09


101.69,7.06,0.73,1304.29


101.71,7.06,0.91,1304.55


101.73,7.05,0.81,1304.78


101.74,7.05,0.78,1305.00


101.76,7.05,0.75,1305.21


101.78,7.05,0.65,1305.39


101.79,7.05,0.73,1305.60


101.81,7.06,0.94,1305.86


101.83,7.05,0.78,1306.08


101.84,7.04,0.60,1306.25


101.86,7.04,0.57,1306.41


101.88,7.04,0.81,1306.64


101.89,7.03,0.78,1306.86


101.91,7.04,0.75,1307.07


101.93,7.04,0.81,1307.30


101.95,7.06,0.70,1307.50


101.96,7.03,0.78,1307.72


101.98,7.04,0.89,1307.97


102.00,7.04,0.83,1308.20


102.01,7.05,0.75,1308.42


102.03,7.04,0.70,1308.61


102.05,7.04,0.83,1308.85


102.06,7.06,0.67,1309.04


102.08,7.05,0.78,1309.26


102.10,7.06,0.83,1309.49


102.12,7.05,0.70,1309.69


102.13,7.05,0.73,1309.90


102.15,7.05,0.78,1310.12


102.17,7.04,0.65,1310.30


102.18,7.04,0.65,1310.48


102.20,7.05,0.83,1310.72


102.22,7.05,0.70,1310.92


102.23,7.06,0.81,1311.14


102.25,7.06,0.83,1311.38


102.27,7.05,0.70,1311.58


102.28,7.04,0.65,1311.76


102.30,7.05,0.73,1311.96


102.32,7.06,0.73,1312.17


102.34,7.06,0.70,1312.37


102.35,7.04,0.75,1312.58


102.37,7.03,0.65,1312.76


102.39,7.05,0.67,1312.95


102.40,7.04,0.75,1313.16


102.42,7.04,0.86,1313.41


102.44,7.04,0.65,1313.59


102.45,7.05,0.73,1313.79


102.47,7.04,0.81,1314.02


102.49,7.04,0.81,1314.25


102.50,7.05,0.83,1314.48


102.52,7.06,0.60,1314.65


102.54,7.05,0.86,1314.90


102.56,7.06,0.73,1315.10


102.57,7.06,0.75,1315.31


102.59,7.06,0.81,1315.54


102.61,7.04,0.73,1315.75


102.62,7.02,0.75,1315.96


102.64,7.04,0.73,1316.16


102.66,7.04,0.70,1316.36


102.67,7.04,0.75,1316.57


102.69,7.04,0.81,1316.80


102.71,7.04,0.83,1317.04


102.72,7.03,0.83,1317.27


102.74,7.04,0.70,1317.47


102.76,7.05,0.78,1317.69


102.78,7.05,0.70,1317.89


102.79,7.04,0.86,1318.13


102.81,7.04,0.70,1318.33


102.83,7.03,0.75,1318.54


102.84,7.05,0.81,1318.77


102.86,7.04,0.75,1318.98


102.88,7.05,0.75,1319.19


102.89,7.04,0.70,1319.39


102.91,7.04,0.78,1319.61


102.93,7.03,0.86,1319.85


102.94,7.04,0.65,1320.04


102.96,7.03,0.78,1320.26


102.98,7.04,0.67,1320.45


103.00,7.04,0.73,1320.65


103.01,7.03,0.60,1320.82


103.03,7.05,0.81,1321.05


103.05,7.04,0.94,1321.31


103.06,7.04,0.78,1321.53


103.08,7.05,0.65,1321.71


103.10,7.04,0.89,1321.96


103.11,7.02,0.65,1322.15


103.13,7.03,0.75,1322.36


103.15,7.04,0.89,1322.61


103.16,7.04,0.67,1322.80


103.18,7.04,0.75,1323.01


103.20,7.04,0.65,1323.19


103.22,7.05,0.73,1323.40


103.23,7.06,0.75,1323.61


103.25,7.03,0.78,1323.83


103.27,7.04,0.83,1324.07


103.28,7.03,0.73,1324.27


103.30,7.04,0.86,1324.51


103.32,7.05,0.73,1324.72


103.33,7.03,0.67,1324.91


103.35,7.04,0.75,1325.12


103.37,7.04,0.65,1325.31


103.38,7.04,0.86,1325.55


103.40,7.03,0.70,1325.75


103.42,7.03,0.89,1326.00


103.44,7.04,0.78,1326.22


103.45,7.04,0.89,1326.47


103.47,7.03,0.75,1326.68


103.49,7.02,0.62,1326.85


103.50,7.03,0.83,1327.09


103.52,7.03,0.75,1327.30


103.54,7.02,0.89,1327.55


103.55,7.05,0.75,1327.76


103.57,7.01,0.75,1327.98


103.59,7.03,0.67,1328.17


103.60,7.04,0.75,1328.38


103.62,7.05,0.65,1328.56


103.64,7.03,0.81,1328.79


103.66,7.04,0.86,1329.03


103.67,7.03,0.65,1329.21


103.69,7.04,0.83,1329.45


103.71,7.05,0.78,1329.67


103.72,7.04,0.81,1329.90


103.74,7.05,0.75,1330.11


103.76,7.03,0.73,1330.32


103.77,7.06,0.73,1330.52


103.79,7.04,0.78,1330.74


103.81,7.02,0.83,1330.98


103.82,7.04,0.75,1331.19


103.84,7.02,0.62,1331.36


103.86,7.05,0.78,1331.58


103.88,7.03,0.70,1331.78


103.89,7.04,0.75,1331.99


103.91,7.04,0.75,1332.21


103.93,7.04,0.70,1332.40


103.94,7.02,0.86,1332.65


103.96,7.03,0.60,1332.81


103.98,7.04,0.70,1333.01


103.99,7.03,0.75,1333.22


104.01,7.04,0.70,1333.42


104.03,7.03,0.86,1333.66


104.04,7.02,0.86,1333.91


104.06,7.05,0.73,1334.11


104.08,7.04,0.70,1334.31


104.10,7.05,0.67,1334.50


104.11,7.04,0.75,1334.71


104.13,7.02,0.81,1334.94


104.15,7.02,0.75,1335.15


104.16,7.02,0.91,1335.41


104.18,7.04,0.60,1335.58


104.20,7.01,0.81,1335.81


104.21,7.03,0.62,1335.98


104.23,7.04,0.81,1336.21


104.25,7.02,0.81,1336.44


104.26,7.01,0.67,1336.63


104.28,7.02,0.81,1336.85


104.30,7.01,0.75,1337.07


104.32,7.03,0.75,1337.28


104.33,7.02,0.78,1337.50


104.35,7.03,0.67,1337.69


104.37,7.03,0.75,1337.90


104.38,7.02,0.89,1338.15


104.40,7.02,0.67,1338.34


104.42,7.04,0.73,1338.55


104.43,7.03,0.81,1338.77


104.45,7.03,0.73,1338.98


104.47,7.06,0.89,1339.23


104.48,7.05,0.78,1339.45


104.50,7.04,0.60,1339.62


104.52,7.02,0.78,1339.84


104.54,7.01,0.75,1340.05


104.55,7.06,0.75,1340.26


104.57,7.04,0.83,1340.50


104.59,7.03,0.81,1340.73


104.60,7.03,0.62,1340.90


104.62,7.04,0.62,1341.08


104.64,7.04,0.81,1341.30


104.65,7.02,0.78,1341.52


104.67,7.03,0.78,1341.74


104.69,7.01,0.73,1341.95


104.70,7.05,0.78,1342.17


104.72,7.03,0.83,1342.40


104.74,7.03,0.60,1342.57


104.76,7.03,0.73,1342.78


104.77,7.02,0.60,1342.94


104.79,7.03,0.78,1343.16


104.81,7.02,0.86,1343.41


104.82,7.04,0.73,1343.61


104.84,7.02,0.86,1343.85


104.86,7.06,0.65,1344.04


104.87,7.03,0.73,1344.24


104.89,7.03,0.81,1344.47


104.91,7.03,0.86,1344.71


104.92,7.03,0.75,1344.92


104.94,7.02,0.81,1345.15


104.96,7.02,0.67,1345.34


104.98,7.03,0.83,1345.58


104.99,7.03,0.73,1345.78


105.01,7.02,0.70,1345.98


105.03,7.01,0.73,1346.19


105.04,7.02,0.70,1346.38


105.06,7.03,0.83,1346.62


105.08,7.04,0.73,1346.82


105.09,7.02,0.81,1347.05


105.11,7.04,0.83,1347.29


105.13,7.03,0.62,1347.46


105.14,7.04,0.75,1347.67


105.16,7.02,0.67,1347.86


105.18,7.02,0.78,1348.08


105.20,7.03,0.91,1348.34


105.21,7.02,0.75,1348.55


105.23,7.03,0.62,1348.73


105.25,7.02,0.73,1348.93


105.26,7.03,0.81,1349.16


105.28,7.03,0.70,1349.36


105.30,7.03,0.81,1349.59


105.31,7.03,0.70,1349.79


105.33,7.03,0.78,1350.01


105.35,7.03,0.83,1350.24


105.36,7.02,0.83,1350.47


105.38,7.01,0.96,1350.75


105.40,7.02,0.67,1350.94


105.42,7.03,0.70,1351.14


105.43,7.02,0.91,1351.39


105.45,7.02,0.81,1351.62


105.47,7.04,0.75,1351.83


105.48,7.02,0.75,1352.05


105.50,7.04,0.75,1352.26


105.52,7.04,0.65,1352.44


105.53,7.03,0.75,1352.65


105.55,7.01,0.75,1352.87


105.57,7.01,0.83,1353.10


105.58,7.02,0.78,1353.32


105.60,7.01,0.96,1353.59


105.62,7.04,0.75,1353.81


105.64,7.02,0.78,1354.03


105.65,7.04,0.67,1354.22


105.67,7.02,0.73,1354.42


105.69,7.03,0.81,1354.65


105.70,7.04,0.67,1354.84


105.72,7.02,0.78,1355.06


105.74,7.01,0.75,1355.27


105.75,7.02,0.62,1355.45


105.77,7.04,0.65,1355.63


105.79,7.02,0.83,1355.87


105.80,7.04,0.86,1356.11


105.82,7.04,0.60,1356.28


105.84,7.04,0.78,1356.50


105.86,7.03,0.81,1356.72


105.87,7.05,0.70,1356.92


105.89,7.04,0.73,1357.13


105.91,7.02,0.75,1357.34


105.92,7.03,0.89,1357.59


105.94,7.02,0.60,1357.76


105.96,7.02,0.86,1358.00


105.97,7.02,0.81,1358.23


105.99,7.02,0.67,1358.42


106.01,7.02,0.73,1358.62


106.02,7.02,0.75,1358.83


106.04,7.03,0.75,1359.05


106.06,7.02,0.75,1359.26


106.08,7.02,0.86,1359.50


106.09,7.03,0.83,1359.74


106.11,7.02,0.83,1359.97


106.13,7.04,0.70,1360.17


106.14,7.03,0.67,1360.36


106.16,7.02,0.62,1360.54


106.18,7.04,0.78,1360.76


106.19,7.03,0.81,1360.98


106.21,7.03,0.94,1361.25


106.23,7.04,0.78,1361.47


106.24,7.02,0.73,1361.67


106.26,7.02,0.86,1361.92


106.28,7.02,0.73,1362.12


106.30,7.01,0.73,1362.33


106.31,7.03,0.91,1362.58


106.33,7.02,0.81,1362.81


106.35,7.02,0.83,1363.05


106.36,7.03,0.81,1363.27


106.38,7.02,0.70,1363.47


106.40,7.02,0.73,1363.68


106.41,7.03,0.81,1363.90


106.43,7.02,0.78,1364.12


106.45,7.03,0.86,1364.37


106.46,7.04,0.73,1364.57


106.48,7.04,0.67,1364.76


106.50,7.03,0.70,1364.96


106.52,7.01,0.73,1365.16


106.53,7.03,0.73,1365.37


106.55,7.03,0.73,1365.57


106.57,7.00,0.81,1365.80


106.58,7.02,0.78,1366.02


106.60,7.03,0.83,1366.26


106.62,7.02,0.65,1366.44


106.63,7.01,0.78,1366.66


106.65,7.03,0.70,1366.86


106.67,7.01,0.73,1367.06


106.68,7.02,0.75,1367.28


106.70,7.01,0.73,1367.48


106.72,7.02,0.78,1367.70


106.74,7.02,0.57,1367.86


106.75,7.03,0.75,1368.07


106.77,7.00,0.67,1368.26


106.79,7.02,0.57,1368.43


106.80,7.02,0.86,1368.67


106.82,7.03,0.67,1368.86


106.84,7.03,0.67,1369.05


106.85,7.02,0.65,1369.23


106.87,7.03,0.75,1369.44


106.89,7.02,0.67,1369.63


106.90,7.02,0.67,1369.82


106.92,7.02,0.65,1370.01


106.94,7.02,0.81,1370.23


106.96,7.02,0.75,1370.45


106.97,7.02,0.81,1370.67


106.99,7.03,0.70,1370.87


107.01,7.03,0.65,1371.05


107.02,7.02,0.83,1371.29


107.04,7.02,0.89,1371.54


107.06,7.02,0.81,1371.77


107.07,7.02,0.75,1371.98


107.09,7.01,0.75,1372.19


107.11,7.03,0.86,1372.43


107.12,7.02,0.70,1372.63


107.14,7.01,0.81,1372.86


107.16,7.01,0.75,1373.07


107.18,7.02,0.67,1373.26


107.19,7.02,0.70,1373.46


107.21,7.02,0.73,1373.67


107.23,7.02,0.67,1373.86


107.24,7.02,0.89,1374.11


107.26,7.01,0.73,1374.31


107.28,7.02,0.78,1374.53


107.29,7.02,0.89,1374.78


107.31,7.01,0.70,1374.98


107.33,7.03,0.86,1375.22


107.34,7.02,0.62,1375.40


107.36,7.02,0.75,1375.61


107.38,7.03,0.75,1375.82


107.40,7.01,0.73,1376.03


107.41,7.03,0.73,1376.23


107.43,7.02,0.81,1376.46


107.45,7.02,0.81,1376.69


107.46,7.01,0.73,1376.89


107.48,7.02,0.81,1377.12


107.50,7.02,0.75,1377.33


107.51,7.02,0.78,1377.55


107.53,7.02,0.83,1377.79


107.55,7.03,0.73,1377.99


107.56,7.02,0.83,1378.23


107.58,7.03,0.75,1378.44


107.60,7.01,0.83,1378.67


107.62,7.02,0.75,1378.89


107.63,7.01,0.73,1379.09


107.65,7.02,0.78,1379.31


107.67,7.02,0.70,1379.51


107.68,7.01,0.67,1379.70


107.70,7.01,0.73,1379.91


107.72,7.03,0.83,1380.14


107.73,7.01,0.65,1380.32


107.75,7.01,0.83,1380.56


107.77,7.02,0.75,1380.77


107.78,7.00,0.78,1380.99


107.80,7.03,0.73,1381.20


107.82,7.01,0.86,1381.44


107.84,7.04,0.83,1381.67


107.85,7.02,0.83,1381.91


107.87,7.00,0.83,1382.14


107.89,7.00,0.78,1382.36


107.90,7.03,0.73,1382.57


107.92,7.03,0.78,1382.79


107.94,7.02,0.70,1382.99


107.95,7.02,0.86,1383.23


107.97,7.01,0.67,1383.42


107.99,7.02,0.70,1383.62


108.00,7.02,0.62,1383.79


108.02,7.03,0.83,1384.03


108.04,7.00,0.78,1384.25


108.06,7.00,0.86,1384.49


108.07,7.04,0.60,1384.66


108.09,7.00,0.67,1384.85


108.11,7.01,0.81,1385.07


108.12,7.02,0.75,1385.29


108.14,7.01,0.57,1385.45


108.16,7.00,0.75,1385.66


108.17,7.00,0.81,1385.89


108.19,7.02,0.75,1386.10


108.21,7.03,0.67,1386.29


108.22,7.00,0.94,1386.56


108.24,7.02,0.86,1386.80


108.26,7.00,0.83,1387.03


108.28,7.00,0.78,1387.25


108.29,7.00,0.75,1387.47


108.31,7.03,0.73,1387.67


108.33,7.00,0.73,1387.88


108.34,7.00,0.73,1388.08


108.36,7.02,0.75,1388.29


108.38,7.02,0.70,1388.49


108.39,7.01,0.73,1388.70


108.41,7.01,0.65,1388.88


108.43,7.01,0.62,1389.05


108.44,7.01,0.78,1389.27


108.46,7.00,0.89,1389.52


108.48,7.00,0.81,1389.75


108.50,7.00,0.73,1389.96


108.51,7.02,0.62,1390.13


108.53,7.00,0.75,1390.35


108.55,7.01,0.81,1390.57


108.56,7.01,0.83,1390.81


108.58,7.01,0.81,1391.04


108.60,7.00,0.81,1391.26


108.61,7.00,0.67,1391.45


108.63,7.02,0.67,1391.64


108.65,7.01,0.81,1391.87


108.66,7.01,0.81,1392.10


108.68,7.02,0.86,1392.34


108.70,7.01,0.70,1392.54


108.72,7.01,0.86,1392.78


108.73,7.00,0.94,1393.05


108.75,7.00,0.62,1393.22


108.77,7.02,0.81,1393.45


108.78,7.02,0.67,1393.64


108.80,7.00,0.78,1393.86


108.82,7.01,0.73,1394.06


108.83,7.00,0.83,1394.30


108.85,7.02,0.78,1394.52


108.87,7.02,0.73,1394.72


108.88,7.01,0.70,1394.92


108.90,7.00,0.83,1395.16


108.92,7.01,0.75,1395.37


108.94,7.01,0.65,1395.55


108.95,7.01,0.67,1395.74


108.97,6.99,0.70,1395.94


108.99,7.00,0.81,1396.17


109.00,7.00,0.73,1396.37


109.02,7.01,0.57,1396.53


109.04,7.03,0.73,1396.74


109.05,7.02,0.67,1396.93


109.07,7.02,0.75,1397.14


109.09,7.02,0.86,1397.38


109.10,7.00,0.81,1397.61


109.12,7.01,0.86,1397.85


109.14,7.01,0.83,1398.09


109.16,7.01,0.70,1398.29


109.17,7.00,0.75,1398.50


109.19,7.00,0.86,1398.74


109.21,7.01,0.78,1398.96


109.22,7.02,0.86,1399.20


109.24,7.02,0.62,1399.38


109.26,7.00,0.81,1399.61


109.27,7.01,0.81,1399.83


109.29,7.01,0.83,1400.07


109.31,7.01,0.75,1400.28


109.32,7.01,0.60,1400.45


109.34,7.00,0.73,1400.65


109.36,7.01,0.75,1400.87


109.38,7.01,0.86,1401.11


109.39,7.02,0.86,1401.35


109.41,7.00,0.67,1401.54


109.43,7.02,0.81,1401.77


109.44,7.01,0.81,1402.00


109.46,7.02,0.70,1402.19


109.48,7.02,0.83,1402.43


109.49,7.02,0.73,1402.63


109.51,6.99,0.75,1402.85


109.53,7.00,0.78,1403.07


109.54,7.01,0.65,1403.25


109.56,7.01,0.73,1403.45


109.58,7.00,0.70,1403.65


109.60,7.02,0.83,1403.89


109.61,6.98,0.81,1404.12


109.63,7.01,0.75,1404.33


109.65,7.01,0.83,1404.56


109.66,7.02,0.73,1404.77


109.68,6.99,0.89,1405.02


109.70,7.01,0.41,1405.13


109.71,6.99,0.78,1405.35


109.73,7.00,0.73,1405.56


109.75,7.01,0.73,1405.76


109.77,6.99,0.81,1405.99


109.78,7.02,0.81,1406.22


109.80,7.00,0.78,1406.44


109.82,7.00,0.91,1406.70


109.83,6.99,0.75,1406.91


109.85,6.99,0.81,1407.14


109.87,7.01,0.67,1407.33


109.88,7.02,0.70,1407.52


109.90,7.00,0.67,1407.71


109.92,7.01,0.75,1407.93


109.93,6.99,0.70,1408.12


109.95,7.01,0.73,1408.33


109.97,6.99,0.78,1408.55


109.99,7.02,0.73,1408.76


110.00,7.01,0.73,1408.96


110.02,7.00,0.75,1409.17


110.04,7.00,0.78,1409.39


110.05,7.00,0.62,1409.57


110.07,7.00,0.70,1409.77


110.09,7.01,0.70,1409.96


110.10,7.00,0.70,1410.16


110.12,7.00,0.60,1410.33


110.14,7.01,0.78,1410.55


110.15,6.99,0.89,1410.80


110.17,7.01,0.89,1411.05


110.19,7.03,0.83,1411.28


110.21,7.00,0.70,1411.48


110.22,7.00,0.86,1411.72


110.24,7.00,0.81,1411.95


110.26,7.01,0.73,1412.16


110.27,7.01,0.81,1412.39


110.29,7.02,0.86,1412.63


110.31,7.00,0.78,1412.85


110.32,7.02,0.75,1413.06


110.34,6.98,0.73,1413.27


110.36,7.01,0.94,1413.53


110.37,7.00,0.75,1413.74


110.39,7.00,0.86,1413.98


110.41,6.98,0.89,1414.23


110.43,7.00,0.81,1414.46


110.44,7.00,0.70,1414.66


110.46,7.00,0.75,1414.87


110.48,7.00,0.78,1415.09


110.49,7.00,0.73,1415.30


110.51,7.00,0.65,1415.48


110.53,7.00,0.70,1415.68


110.54,6.99,0.91,1415.94


110.56,6.99,0.73,1416.14


110.58,7.01,0.81,1416.37


110.59,7.00,0.73,1416.57


110.61,7.01,0.86,1416.82


110.63,7.01,0.67,1417.01


110.65,6.99,0.62,1417.18


110.66,7.00,0.70,1417.38


110.68,7.01,0.81,1417.61


110.70,6.99,0.75,1417.82


110.71,7.00,0.89,1418.07


110.73,6.99,0.65,1418.25


110.75,7.00,0.70,1418.45


110.76,7.00,0.83,1418.69


110.78,7.00,0.73,1418.89


110.80,6.98,0.70,1419.09


110.81,6.99,0.67,1419.28


110.83,7.00,0.67,1419.47


110.85,7.00,0.86,1419.71


110.87,7.00,0.65,1419.89


110.88,7.02,0.73,1420.10


110.90,7.00,0.75,1420.31


110.92,7.02,0.78,1420.53


110.93,7.00,0.83,1420.77


110.95,7.00,0.70,1420.97


110.97,7.02,0.57,1421.13


110.98,6.98,0.81,1421.35


111.00,7.01,0.83,1421.59


111.02,7.01,0.81,1421.82


111.03,6.99,0.67,1422.01


111.05,7.00,0.75,1422.22


111.07,6.99,0.83,1422.45


111.09,7.00,0.81,1422.68


111.10,6.99,0.81,1422.91


111.12,7.00,0.65,1423.09


111.14,6.98,0.67,1423.28


111.15,7.00,0.67,1423.47


111.17,6.99,0.81,1423.70


111.19,7.00,0.70,1423.90


111.20,6.98,0.78,1424.12


111.22,7.00,0.86,1424.36


111.24,7.00,0.75,1424.57


111.25,7.00,0.86,1424.81


111.27,7.00,0.99,1425.09


111.29,6.97,0.89,1425.34


111.31,6.99,0.75,1425.56


111.32,7.02,0.94,1425.82


111.34,7.00,0.78,1426.04


111.36,7.00,0.60,1426.21


111.37,7.00,0.62,1426.38


111.39,7.00,0.73,1426.59


111.41,7.02,0.67,1426.78


111.42,6.98,0.91,1427.04


111.44,7.01,0.67,1427.23


111.46,7.01,0.78,1427.45


111.47,6.98,0.81,1427.67


111.49,7.01,0.65,1427.86


111.51,6.99,0.65,1428.04


111.53,7.00,0.67,1428.23


111.54,7.00,0.91,1428.49


111.56,7.02,0.86,1428.73


111.58,7.00,0.65,1428.91


111.59,6.98,0.78,1429.13


111.61,7.00,0.67,1429.32


111.63,7.00,0.75,1429.54


111.64,7.00,0.81,1429.76


111.66,7.01,0.91,1430.02


111.68,6.98,0.75,1430.23


111.69,7.02,0.78,1430.45


111.71,7.02,0.67,1430.64


111.73,6.98,0.78,1430.86


111.75,6.99,0.83,1431.10


111.76,7.00,0.73,1431.30


111.78,7.00,0.81,1431.53


111.80,7.00,0.62,1431.71


111.81,7.01,0.62,1431.88


111.83,6.99,0.65,1432.06


111.85,6.99,0.70,1432.26


111.86,6.96,0.62,1432.44


111.88,6.97,0.52,1432.58


111.90,7.01,0.78,1432.80


111.91,7.01,0.81,1433.03


111.93,7.00,0.83,1433.27


111.95,7.00,0.65,1433.45


111.97,6.98,0.78,1433.67


111.98,6.99,0.81,1433.90


112.00,7.00,0.81,1434.12


112.02,7.00,0.73,1434.33


112.03,6.98,0.75,1434.54


112.05,7.00,0.52,1434.69


112.07,6.99,0.67,1434.88


112.08,6.99,0.73,1435.08


112.10,7.00,0.67,1435.27


112.12,6.98,0.62,1435.45


112.13,7.00,0.65,1435.63


112.15,7.00,0.67,1435.82


112.17,7.01,0.73,1436.03


112.19,7.01,0.78,1436.25


112.20,6.99,0.78,1436.47


112.22,6.99,0.86,1436.71


112.24,6.99,0.75,1436.92


112.25,7.02,0.83,1437.16


112.27,6.97,0.81,1437.38


112.29,6.99,0.73,1437.59


112.30,7.00,0.86,1437.83


112.32,7.00,0.78,1438.05


112.34,6.98,0.78,1438.27


112.35,7.00,0.81,1438.50


112.37,6.99,0.86,1438.74


112.39,6.98,0.67,1438.93


112.41,7.00,0.70,1439.13


112.42,6.99,0.67,1439.32


112.44,7.00,0.62,1439.49


112.46,6.99,0.70,1439.69


112.47,7.01,0.81,1439.92


112.49,6.99,0.83,1440.16


112.51,7.00,0.73,1440.36


112.52,7.01,0.78,1440.58


112.54,7.01,0.67,1440.77


112.56,7.00,0.86,1441.01


112.57,7.00,0.67,1441.20


112.59,6.98,0.83,1441.44


112.61,6.99,0.89,1441.69


112.63,7.00,0.75,1441.90


112.64,6.98,0.78,1442.12


112.66,6.97,0.65,1442.30


112.68,6.97,0.70,1442.50


112.69,6.99,0.57,1442.66


112.71,6.99,0.75,1442.88


112.73,6.99,0.65,1443.06


112.74,6.99,0.78,1443.28


112.76,7.00,0.89,1443.53


112.78,7.00,0.75,1443.74


112.79,7.00,0.78,1443.96


112.81,7.00,0.81,1444.19


112.83,6.98,0.60,1444.36


112.85,6.99,0.67,1444.55


112.86,7.00,0.73,1444.75


112.88,6.98,0.75,1444.97


112.90,7.00,0.70,1445.16


112.91,6.98,0.67,1445.35


112.93,7.00,0.81,1445.58


112.95,7.00,0.81,1445.81


112.96,6.98,0.83,1446.04


112.98,7.00,0.67,1446.23


113.00,6.99,0.62,1446.41


113.01,6.96,0.70,1446.61


113.03,6.99,0.73,1446.81


113.05,6.99,0.70,1447.01


113.07,6.98,0.67,1447.20


113.08,7.00,0.89,1447.45


113.10,6.99,0.75,1447.66


113.12,6.98,0.75,1447.87


113.13,6.99,0.81,1448.10


113.15,6.99,0.73,1448.31


113.17,6.98,0.65,1448.49


113.18,6.99,0.81,1448.72


113.20,6.98,0.83,1448.95


113.22,6.98,0.67,1449.14


113.23,6.97,0.60,1449.31


113.25,7.00,0.78,1449.53


113.27,6.99,0.81,1449.76


113.29,6.99,0.81,1449.99


113.30,6.98,0.81,1450.21


113.32,6.99,0.81,1450.44


113.34,6.98,0.78,1450.66


113.35,6.98,0.78,1450.88


113.37,6.99,0.75,1451.09


113.39,6.97,0.75,1451.31


113.40,7.00,0.78,1451.53


113.42,6.98,0.62,1451.70


113.44,6.98,0.81,1451.93


113.45,7.00,0.60,1452.10


113.47,7.00,0.65,1452.28


113.49,6.98,0.81,1452.51


113.51,6.98,0.91,1452.76


113.52,6.97,0.73,1452.97


113.54,6.97,0.78,1453.19


113.56,7.00,0.83,1453.43


113.57,6.98,0.89,1453.67


113.59,6.98,0.78,1453.89


113.61,6.98,0.78,1454.11


113.62,6.99,0.73,1454.32


113.64,7.00,0.86,1454.56


113.66,6.97,0.67,1454.75


113.67,6.99,0.70,1454.95


113.69,6.99,0.75,1455.16


113.71,6.99,0.83,1455.40


113.73,7.01,0.73,1455.60


113.74,7.00,0.65,1455.79


113.76,6.98,0.67,1455.98


113.78,6.98,0.78,1456.20


113.79,6.97,0.65,1456.38


113.81,6.98,0.78,1456.60


113.83,6.99,0.75,1456.81


113.84,7.00,0.81,1457.04


113.86,7.00,0.91,1457.30


113.88,6.98,0.65,1457.48


113.89,6.99,0.70,1457.68


113.91,6.99,0.70,1457.87


113.93,7.00,0.78,1458.09


113.95,6.97,0.65,1458.28


113.96,6.98,0.73,1458.48


113.98,6.99,0.60,1458.65


114.00,7.00,0.62,1458.83


114.01,6.96,0.78,1459.05


114.03,6.98,0.73,1459.25


114.05,6.98,0.75,1459.46


114.06,6.97,0.67,1459.65


114.08,6.97,0.67,1459.84


114.10,7.00,0.75,1460.06


114.11,6.99,0.78,1460.28


114.13,6.99,0.78,1460.50


114.15,6.99,0.73,1460.70


114.17,6.99,0.83,1460.94


114.18,6.97,0.67,1461.13


114.20,7.00,0.67,1461.32


114.22,6.97,0.65,1461.50


114.23,6.97,0.75,1461.71


114.25,6.98,0.65,1461.90


114.27,6.97,0.67,1462.09


114.28,7.00,0.54,1462.24


114.30,6.99,0.75,1462.45


114.32,6.98,0.91,1462.71


114.34,6.96,0.52,1462.85


114.35,6.98,0.75,1463.07


114.37,6.96,0.75,1463.28


114.39,6.99,0.73,1463.48


114.40,6.99,0.78,1463.70


114.42,6.97,0.75,1463.92


114.44,6.96,0.62,1464.09


114.45,6.97,0.83,1464.33


114.47,6.98,0.78,1464.55


114.49,6.96,0.78,1464.77


114.50,6.98,0.89,1465.02


114.52,6.97,0.70,1465.22


114.54,6.98,0.81,1465.44


114.56,6.98,0.78,1465.66


114.57,6.97,0.60,1465.83


114.59,6.96,0.67,1466.02


114.61,6.98,0.86,1466.26


114.62,6.96,0.67,1466.45


114.64,6.99,0.91,1466.71


114.66,6.96,0.81,1466.94


114.67,6.99,0.81,1467.17


114.69,7.00,0.89,1467.42


114.71,6.96,0.83,1467.65


114.72,7.00,0.65,1467.83


114.74,6.96,0.81,1468.06


114.76,6.96,0.73,1468.27


114.78,6.98,0.81,1468.49


114.79,6.97,0.70,1468.69


114.81,6.97,0.73,1468.90


114.83,6.97,0.65,1469.08


114.84,6.98,0.65,1469.26


114.86,6.97,0.62,1469.44


114.88,6.97,0.99,1469.72


114.89,6.97,0.89,1469.97


114.91,6.96,0.78,1470.19


114.93,6.99,0.65,1470.37


114.94,6.97,0.70,1470.57


114.96,6.97,0.75,1470.78


114.98,6.97,0.75,1470.99


115.00,6.96,0.73,1471.20


115.01,6.97,0.60,1471.37


115.03,6.98,0.78,1471.59


115.05,6.98,0.89,1471.84


115.06,6.98,0.75,1472.05


115.08,6.97,0.81,1472.28


115.10,6.99,0.91,1472.53


115.11,6.98,0.78,1472.75


115.13,6.98,0.65,1472.94


115.15,6.98,0.65,1473.12


115.16,6.98,0.73,1473.33


115.18,6.98,0.54,1473.48


115.20,6.96,0.73,1473.68


115.22,6.99,0.62,1473.86


115.23,6.99,0.81,1474.09


115.25,6.98,0.70,1474.28


115.27,6.98,0.57,1474.44


115.28,7.00,0.86,1474.69


115.30,6.98,0.83,1474.92


115.32,6.97,0.62,1475.10


115.33,6.98,0.75,1475.31


115.35,6.97,1.02,1475.60


115.37,6.98,0.81,1475.83


115.38,6.97,0.70,1476.02


115.40,6.98,0.75,1476.24


115.42,6.96,0.73,1476.44


115.44,6.98,0.78,1476.66


115.45,7.00,0.75,1476.87


115.47,6.98,0.73,1477.08


115.49,6.98,0.75,1477.29


115.50,6.98,0.73,1477.50


115.52,6.96,0.70,1477.69


115.54,6.99,0.81,1477.92


115.55,6.98,0.70,1478.12


115.57,6.98,0.73,1478.33


115.59,6.99,0.75,1478.54


115.60,6.97,0.83,1478.77


115.62,6.98,0.65,1478.96


115.64,6.98,0.73,1479.16


115.66,6.98,0.78,1479.38


115.67,6.98,0.67,1479.57


115.69,6.98,0.78,1479.79


115.71,6.97,0.73,1480.00


115.72,6.98,0.89,1480.25


115.74,6.98,0.67,1480.44


115.76,6.99,0.73,1480.64


115.77,6.98,0.70,1480.84


115.79,6.97,0.83,1481.07


115.81,6.99,0.67,1481.26


115.82,6.98,0.75,1481.48


115.84,6.97,0.70,1481.67


115.86,6.97,0.70,1481.87


115.88,6.98,0.75,1482.08


115.89,6.96,0.78,1482.30


115.91,6.97,0.67,1482.49


115.93,6.96,0.75,1482.71


115.94,6.99,0.78,1482.93


115.96,6.96,0.52,1483.07


115.98,6.97,0.52,1483.22


115.99,6.98,0.78,1483.44


116.01,6.99,0.81,1483.67


116.03,6.96,0.73,1483.87


116.04,6.97,0.91,1484.13


116.06,6.98,0.83,1484.36


116.08,7.00,0.52,1484.51


116.10,6.99,0.81,1484.74


116.11,6.96,0.94,1485.00


116.13,6.99,0.78,1485.22


116.15,6.98,0.67,1485.41


116.16,6.97,0.75,1485.62


116.18,6.98,0.83,1485.86


116.20,6.97,0.75,1486.07


116.21,6.97,0.60,1486.24


116.23,6.99,0.83,1486.47


116.25,6.99,0.83,1486.71


116.26,6.97,0.75,1486.92


116.28,6.99,0.89,1487.17


116.30,6.98,0.89,1487.42


116.32,6.97,0.75,1487.63


116.33,6.96,0.86,1487.88


116.35,6.97,0.70,1488.07


116.37,6.96,0.73,1488.28


116.38,6.96,0.70,1488.48


116.40,6.96,0.75,1488.69


116.42,6.98,0.89,1488.94


116.43,6.99,0.89,1489.19


116.45,6.98,0.70,1489.39


116.47,6.96,0.75,1489.60


116.48,6.95,0.78,1489.82


116.50,6.97,0.78,1490.04


116.52,6.96,0.67,1490.23


116.54,6.99,0.89,1490.48


116.55,6.96,0.62,1490.65


116.57,6.98,0.65,1490.84


116.59,6.99,0.81,1491.07


116.60,6.97,0.70,1491.26


116.62,6.98,0.75,1491.48


116.64,6.97,0.67,1491.67


116.65,6.98,0.75,1491.88


116.67,6.96,0.73,1492.08


116.69,6.96,0.70,1492.28


116.70,6.98,0.83,1492.52


116.72,6.98,0.73,1492.72


116.74,6.97,0.81,1492.95


116.76,6.96,0.83,1493.18


116.77,6.97,0.70,1493.38


116.79,6.97,0.67,1493.57


116.81,6.98,0.73,1493.78


116.82,6.96,0.89,1494.03


116.84,6.97,0.67,1494.22


116.86,6.99,0.78,1494.44


116.87,7.00,0.62,1494.61


116.89,6.95,0.65,1494.80


116.91,6.96,0.78,1495.02


116.92,6.98,0.75,1495.23


116.94,6.98,0.75,1495.44


116.96,7.00,0.75,1495.65


116.98,6.96,0.78,1495.87


116.99,6.98,0.89,1496.12


117.01,6.98,0.75,1496.34


117.03,6.97,0.89,1496.59


117.04,6.98,0.70,1496.78


117.06,6.98,0.89,1497.03


117.08,6.98,0.81,1497.26


117.09,6.98,0.83,1497.50


117.11,6.96,0.70,1497.69


117.13,6.96,0.70,1497.89


117.14,6.97,0.86,1498.13


117.16,6.98,0.73,1498.34


117.18,6.95,0.75,1498.55


117.20,6.99,0.75,1498.76


117.21,6.98,0.73,1498.97


117.23,6.95,0.62,1499.15


117.25,6.98,0.78,1499.36


117.26,6.96,0.62,1499.54


117.28,6.98,0.89,1499.79


117.30,6.98,0.91,1500.05


117.31,6.97,0.62,1500.22


117.33,6.96,0.73,1500.43


117.35,6.98,0.78,1500.65


117.36,6.96,0.70,1500.85


117.38,6.98,0.54,1501.00


117.40,6.96,0.83,1501.23


117.42,6.98,0.73,1501.44


117.43,6.96,0.60,1501.61


117.45,6.96,0.86,1501.85


117.47,6.96,0.81,1502.08


117.48,6.96,0.75,1502.29


117.50,6.97,0.75,1502.50


117.52,6.96,0.81,1502.73


117.53,6.96,0.67,1502.92


117.55,6.96,0.70,1503.12


117.57,6.96,0.81,1503.34


117.58,6.96,0.70,1503.54


117.60,6.96,0.81,1503.77


117.62,6.96,0.78,1503.99


117.64,6.95,0.73,1504.20


117.65,6.98,0.75,1504.41


117.67,6.96,0.78,1504.63


117.69,6.96,0.65,1504.81


117.70,6.96,0.70,1505.01


117.72,6.96,0.89,1505.26


117.74,6.96,0.75,1505.47


117.75,6.99,0.70,1505.67


117.77,6.97,0.75,1505.88


117.79,6.98,0.78,1506.10


117.80,6.95,0.81,1506.33


117.82,6.96,0.73,1506.53


117.84,6.97,0.78,1506.75


117.86,6.96,0.73,1506.96


117.87,6.97,0.83,1507.19


117.89,6.96,0.78,1507.41


117.91,6.96,0.62,1507.59


117.92,6.96,0.60,1507.76


117.94,6.96,0.75,1507.97


117.96,6.97,0.73,1508.18


117.97,6.96,0.67,1508.37


117.99,6.96,0.73,1508.57


118.01,6.96,0.83,1508.81


118.02,6.98,0.73,1509.01


118.04,6.95,0.75,1509.22


118.06,6.96,0.75,1509.44


118.08,6.95,0.86,1509.68


118.09,6.96,0.73,1509.88


118.11,6.97,0.78,1510.10


118.13,6.96,0.78,1510.32


118.14,6.96,0.75,1510.54


118.16,6.95,0.83,1510.77


118.18,6.98,0.81,1511.00


118.19,6.96,0.81,1511.23


118.21,6.97,0.86,1511.47


118.23,6.97,0.78,1511.69


118.24,6.96,0.86,1511.93


118.26,6.97,0.75,1512.14


118.28,6.97,0.75,1512.36


118.30,6.94,0.91,1512.61


118.31,6.97,0.60,1512.78


118.33,6.97,0.65,1512.96


118.35,6.96,0.67,1513.15


118.36,6.97,0.81,1513.38


118.38,6.95,0.78,1513.60


118.40,6.96,0.73,1513.81


118.41,6.99,0.91,1514.06


118.43,6.96,0.65,1514.25


118.45,6.97,0.75,1514.46


118.46,6.97,0.78,1514.68


118.48,6.96,0.54,1514.83


118.50,6.97,0.70,1515.03


118.52,6.97,0.81,1515.26


118.53,6.98,0.78,1515.48


118.55,6.96,0.75,1515.69


118.57,6.96,0.75,1515.90


118.58,6.97,0.75,1516.12


118.60,6.98,0.75,1516.33


118.62,6.97,0.78,1516.55


118.63,6.98,0.67,1516.74


118.65,6.96,0.83,1516.97


118.67,6.97,0.67,1517.16


118.68,6.96,0.67,1517.35


118.70,6.95,0.60,1517.52


118.72,6.96,0.83,1517.76


118.74,6.97,0.81,1517.98


118.75,6.96,0.86,1518.23


118.77,6.96,0.89,1518.48


118.79,6.96,0.83,1518.71


118.80,6.96,0.86,1518.95


118.82,6.98,0.91,1519.21


118.84,6.94,0.75,1519.42


118.85,6.98,0.81,1519.65


118.87,6.96,0.70,1519.85


118.89,6.95,0.81,1520.08


118.90,6.96,0.65,1520.26


118.92,6.97,0.75,1520.47


118.94,6.96,0.60,1520.64


118.96,6.95,0.78,1520.86


118.97,6.95,0.70,1521.06


118.99,6.98,0.83,1521.29


119.01,6.97,0.70,1521.49


119.02,6.96,0.57,1521.65


119.04,6.96,0.67,1521.84


119.06,6.96,0.89,1522.09


119.07,6.96,0.83,1522.33


119.09,6.95,0.75,1522.54


119.11,6.98,0.78,1522.76


119.12,6.96,0.86,1523.00


119.14,6.96,0.62,1523.18


119.16,6.98,0.94,1523.44


119.18,6.95,0.83,1523.68


119.19,6.95,0.86,1523.92


119.21,6.97,0.65,1524.10


119.23,6.95,0.86,1524.34


119.24,6.96,0.83,1524.58


119.26,6.98,1.02,1524.87


119.28,6.96,0.70,1525.06


119.29,6.96,0.89,1525.31


119.31,6.96,0.67,1525.50


119.33,6.97,0.78,1525.72


119.34,6.96,0.70,1525.92


119.36,6.96,0.78,1526.14


119.38,6.98,0.73,1526.35


119.40,6.95,0.65,1526.53


119.41,6.96,0.83,1526.76


119.43,6.96,0.57,1526.92


119.45,6.94,0.65,1527.11


119.46,6.97,0.75,1527.32


119.48,6.96,0.65,1527.50


119.50,6.94,0.70,1527.70


119.51,6.96,0.86,1527.94


119.53,6.95,0.81,1528.17


119.55,6.97,0.91,1528.43


119.56,6.96,0.65,1528.61


119.58,6.96,0.78,1528.83


119.60,6.98,0.73,1529.04


119.62,6.94,0.83,1529.27


119.63,6.96,0.75,1529.48


119.65,6.97,0.60,1529.65


119.67,6.97,0.81,1529.88


119.68,6.98,0.73,1530.08


119.70,6.94,0.75,1530.30


119.72,6.96,0.91,1530.55


119.73,6.97,0.60,1530.72


119.75,6.94,0.73,1530.93


119.77,6.95,0.75,1531.14


119.79,6.96,0.67,1531.33


119.80,6.96,0.67,1531.52


119.82,6.96,0.67,1531.71


119.84,6.94,0.73,1531.92


119.85,6.96,0.73,1532.12


119.87,6.96,0.73,1532.33


119.89,6.96,0.75,1532.54


119.90,6.98,0.75,1532.75


119.92,6.95,0.91,1533.01


119.94,6.96,0.81,1533.24


119.95,6.96,0.89,1533.49


119.97,6.94,0.83,1533.72


119.99,6.97,0.81,1533.95


120.01,6.97,0.75,1534.16


120.02,6.95,0.70,1534.36


120.04,6.96,0.70,1534.56


120.06,6.95,0.75,1534.77


120.07,6.97,0.75,1534.98


120.09,6.94,0.83,1535.22


120.11,6.95,0.54,1535.37


120.12,6.95,0.73,1535.57


120.14,6.96,0.81,1535.80


120.16,6.98,0.75,1536.02


120.17,6.95,0.78,1536.23


120.19,6.96,0.75,1536.45


120.21,6.94,0.73,1536.65


120.23,6.96,0.62,1536.83


120.24,6.96,0.75,1537.04


120.26,6.95,0.73,1537.25


120.28,6.94,0.78,1537.47


120.29,6.96,0.73,1537.67


120.31,6.96,0.89,1537.92


120.33,6.94,0.75,1538.13


120.34,6.95,0.62,1538.31


120.36,6.96,0.81,1538.54


120.38,6.96,0.81,1538.76


120.39,6.94,0.78,1538.98


120.41,6.95,0.65,1539.17


120.43,6.95,0.83,1539.40


120.45,6.96,0.60,1539.57


120.46,6.94,0.75,1539.78


120.48,6.94,0.67,1539.97


120.50,6.94,0.75,1540.19


120.51,6.95,0.81,1540.41


120.53,6.94,0.78,1540.63


120.55,6.94,0.65,1540.82


120.56,6.96,0.83,1541.05


120.58,6.97,0.89,1541.30


120.60,6.95,0.67,1541.49


120.61,6.96,0.78,1541.71


120.63,6.93,0.86,1541.95


120.65,6.94,0.70,1542.15


120.67,6.95,0.75,1542.36


120.68,6.95,0.83,1542.60


120.70,6.97,0.62,1542.77


120.72,6.96,0.60,1542.94


120.73,6.96,0.75,1543.15


120.75,6.95,0.86,1543.40


120.77,6.95,0.81,1543.62


120.78,6.96,0.75,1543.84


120.80,6.95,0.81,1544.06


120.82,6.96,0.78,1544.28


120.83,6.96,0.70,1544.48


120.85,6.94,0.75,1544.70


120.87,6.95,0.73,1544.90


120.89,6.95,0.67,1545.09


120.90,6.94,0.62,1545.27


120.92,6.96,0.78,1545.49


120.94,6.94,0.78,1545.71


120.95,6.96,0.81,1545.93


120.97,6.94,0.62,1546.11


120.99,6.96,0.86,1546.35


121.00,6.94,0.75,1546.56


121.02,6.95,0.73,1546.77


121.04,6.97,0.70,1546.97


121.05,6.96,0.75,1547.18


121.07,6.94,0.81,1547.41


121.09,6.96,0.78,1547.63


121.11,6.96,0.65,1547.81


121.12,6.94,0.62,1547.98


121.14,6.94,0.81,1548.21


121.16,6.94,0.70,1548.41


121.17,6.94,0.73,1548.62


121.19,6.93,0.75,1548.83


121.21,6.96,0.81,1549.06


121.22,6.94,0.65,1549.24


121.24,6.94,0.78,1549.46


121.26,6.95,0.73,1549.66


121.27,6.96,0.86,1549.91


121.29,6.95,0.83,1550.14


121.31,6.96,0.78,1550.36


121.33,6.94,0.75,1550.57


121.34,6.94,0.83,1550.81


121.36,6.94,0.62,1550.98


121.38,6.95,0.81,1551.21


121.39,6.95,0.89,1551.46


121.41,6.95,0.70,1551.66


121.43,6.93,0.86,1551.90


121.44,6.93,0.67,1552.09


121.46,6.93,0.70,1552.29


121.48,6.95,0.65,1552.47


121.49,6.94,0.94,1552.74


121.51,6.92,0.75,1552.95


121.53,6.94,0.96,1553.22


121.55,6.94,0.78,1553.44


121.56,6.94,0.86,1553.68


121.58,6.93,0.75,1553.90


121.60,6.95,0.94,1554.16


121.61,6.96,0.78,1554.38


121.63,6.95,0.75,1554.59


121.65,6.94,0.78,1554.81


121.66,6.93,0.86,1555.06


121.68,6.95,0.89,1555.31


121.70,6.94,0.81,1555.53


121.71,6.94,0.75,1555.75


121.73,6.95,0.78,1555.97


121.75,6.94,0.75,1556.18


121.77,6.95,0.83,1556.41


121.78,6.94,0.81,1556.64


121.80,6.94,0.91,1556.90


121.82,6.95,0.70,1557.10


121.83,6.95,0.75,1557.31


121.85,6.96,0.73,1557.51


121.87,6.95,0.65,1557.70


121.88,6.94,0.81,1557.92


121.90,6.94,0.70,1558.12


121.92,6.95,0.91,1558.38


121.93,6.95,0.83,1558.61


121.95,6.94,0.81,1558.84


121.97,6.94,0.73,1559.05


121.99,6.92,0.60,1559.21


122.00,6.94,0.65,1559.40


122.02,6.94,0.65,1559.58


122.04,6.94,0.70,1559.78


122.05,6.94,0.73,1559.98


122.07,6.95,0.89,1560.23


122.09,6.95,0.81,1560.46


122.10,6.96,0.78,1560.68


122.12,6.95,0.83,1560.92


122.14,6.94,0.83,1561.15


122.15,6.95,0.75,1561.36


122.17,6.94,0.70,1561.56


122.19,6.94,0.67,1561.75


122.21,6.94,0.86,1561.99


122.22,6.96,0.60,1562.16


122.24,6.95,0.86,1562.40


122.26,6.94,0.89,1562.65


122.27,6.93,0.86,1562.90


122.29,6.92,0.83,1563.13


122.31,6.94,0.75,1563.34


122.32,6.92,0.81,1563.57


122.34,6.94,0.96,1563.84


122.36,6.95,0.75,1564.06


122.37,6.94,0.75,1564.27


122.39,6.96,0.81,1564.50


122.41,6.94,0.70,1564.69


122.43,6.94,0.62,1564.87


122.44,6.93,0.75,1565.08


122.46,6.93,0.70,1565.28


122.48,6.93,0.65,1565.46


122.49,6.95,0.70,1565.66


122.51,6.93,0.75,1565.87


122.53,6.93,0.75,1566.09


122.54,6.93,0.86,1566.33


122.56,6.94,0.78,1566.55


122.58,6.94,0.81,1566.78


122.59,6.92,0.73,1566.98


122.61,6.94,0.83,1567.22


122.63,6.94,0.73,1567.42


122.65,6.94,0.86,1567.66


122.66,6.94,0.78,1567.88


122.68,6.96,0.81,1568.11


122.70,6.94,0.73,1568.32


122.71,6.94,0.75,1568.53


122.73,6.96,0.81,1568.76


122.75,6.94,0.60,1568.92


122.76,6.95,0.78,1569.14


122.78,6.94,0.75,1569.36


122.80,6.94,0.70,1569.55


122.81,6.95,0.91,1569.81


122.83,6.93,0.81,1570.04


122.85,6.91,0.75,1570.25


122.87,6.93,0.83,1570.49


122.88,6.96,0.86,1570.73


122.90,6.94,0.81,1570.96


122.92,6.94,0.89,1571.21


122.93,6.93,0.70,1571.40


122.95,6.94,0.75,1571.62


122.97,6.93,0.83,1571.85


122.98,6.93,0.81,1572.08


123.00,6.93,0.81,1572.31


123.02,6.94,0.65,1572.49


123.03,6.93,0.83,1572.72


123.05,6.94,0.70,1572.92


123.07,6.93,0.75,1573.13


123.09,6.95,0.86,1573.38


123.10,6.94,0.75,1573.59


123.12,6.93,0.78,1573.81


123.14,6.92,0.91,1574.07


123.15,6.93,0.89,1574.32


123.17,6.95,0.73,1574.52


123.19,6.94,0.75,1574.73


123.20,6.93,0.83,1574.97


123.22,6.94,0.83,1575.20


123.24,6.95,0.62,1575.38


123.25,6.94,0.78,1575.60


123.27,6.92,0.75,1575.81


123.29,6.92,0.70,1576.01


123.31,6.93,0.75,1576.22


123.32,6.93,0.75,1576.43


123.34,6.94,0.94,1576.70


123.36,6.96,0.67,1576.89


123.37,6.95,0.67,1577.08


123.39,6.94,0.75,1577.29


123.41,6.94,0.78,1577.51


123.42,6.96,0.89,1577.76


123.44,6.93,0.67,1577.95


123.46,6.93,0.81,1578.18


123.47,6.94,0.83,1578.42


123.49,6.93,0.65,1578.60


123.51,6.92,0.81,1578.83


123.53,6.95,0.83,1579.06


123.54,6.96,0.65,1579.24


123.56,6.93,0.73,1579.45


123.58,6.94,0.78,1579.67


123.59,6.94,0.67,1579.86


123.61,6.94,0.70,1580.06


123.63,6.92,0.75,1580.27


123.64,6.93,0.62,1580.44


123.66,6.94,0.83,1580.68


123.68,6.94,0.70,1580.88


123.69,6.94,0.94,1581.14


123.71,6.94,0.70,1581.34


123.73,6.95,0.67,1581.53


123.75,6.95,0.70,1581.73


123.76,6.92,0.75,1581.94


123.78,6.94,0.89,1582.19


123.80,6.93,0.94,1582.45


123.81,6.95,0.78,1582.67


123.83,6.92,0.83,1582.91


123.85,6.94,0.73,1583.12


123.86,6.95,0.81,1583.34


123.88,6.93,0.70,1583.54


123.90,6.93,0.78,1583.76


123.91,6.94,0.75,1583.97


123.93,6.94,0.75,1584.19


123.95,6.94,0.91,1584.44


123.97,6.91,0.70,1584.64


123.98,6.91,0.78,1584.86


124.00,6.95,0.73,1585.07


124.02,6.93,0.83,1585.30


124.03,6.95,0.67,1585.49


124.05,6.92,0.86,1585.73


124.07,6.94,0.67,1585.92


124.08,6.93,0.75,1586.14


124.10,6.94,0.75,1586.35


124.12,6.94,1.02,1586.64


124.13,6.94,0.89,1586.89


124.15,6.95,0.78,1587.11


124.17,6.94,0.78,1587.33


124.19,6.92,0.78,1587.55


124.20,6.94,0.73,1587.75


124.22,6.93,0.70,1587.95


124.24,6.94,0.83,1588.18


124.25,6.93,0.89,1588.43


124.27,6.94,0.83,1588.67


124.29,6.92,0.70,1588.87


124.30,6.93,0.73,1589.07


124.32,6.95,0.73,1589.28


124.34,6.93,0.83,1589.51


124.35,6.93,0.81,1589.74


124.37,6.94,0.83,1589.97


124.39,6.96,0.73,1590.18


124.41,6.93,0.73,1590.38


124.42,6.95,0.86,1590.63


124.44,6.94,0.62,1590.80


124.46,6.92,0.75,1591.01


124.47,6.93,0.83,1591.25


124.49,6.94,0.73,1591.45


124.51,6.92,0.62,1591.63


124.52,6.94,0.70,1591.83


124.54,6.92,0.67,1592.02


124.56,6.94,0.73,1592.22


124.57,6.93,0.73,1592.43


124.59,6.94,0.75,1592.64


124.61,6.92,0.67,1592.83


124.63,6.95,0.73,1593.04


124.64,6.94,0.89,1593.29


124.66,6.93,0.81,1593.51


124.68,6.94,0.86,1593.76


124.69,6.94,0.81,1593.98


124.71,6.94,0.83,1594.22


124.73,6.93,0.81,1594.45


124.74,6.93,0.81,1594.67


124.76,6.92,0.81,1594.90


124.78,6.94,0.86,1595.14


124.79,6.93,0.67,1595.33


124.81,6.91,0.83,1595.57


124.83,6.91,0.81,1595.80


124.85,6.93,0.65,1595.98


124.86,6.92,0.60,1596.15


124.88,6.92,0.60,1596.32


124.90,6.93,0.73,1596.52


124.91,6.92,0.78,1596.74


124.93,6.94,0.78,1596.96


124.95,6.94,0.83,1597.20


124.96,6.95,0.81,1597.42


124.98,6.94,0.73,1597.63


125.00,6.94,0.70,1597.83


125.01,6.94,0.70,1598.02


125.03,6.91,0.65,1598.21


125.05,6.95,0.67,1598.40


125.07,6.93,0.70,1598.59


125.08,6.93,0.60,1598.76


125.10,6.93,0.75,1598.97


125.12,6.92,0.75,1599.19


125.13,6.92,0.78,1599.41


125.15,6.92,0.73,1599.61


125.17,6.92,0.73,1599.82


125.18,6.92,0.89,1600.07


125.20,6.91,0.73,1600.27


125.22,6.91,0.65,1600.46


125.23,6.92,0.83,1600.69


125.25,6.92,0.83,1600.93


125.27,6.91,0.81,1601.15


125.29,6.90,0.67,1601.34


125.30,6.92,0.65,1601.53


125.32,6.96,0.83,1601.76


125.34,6.91,0.75,1601.97


125.35,6.95,0.73,1602.18


125.37,6.92,0.99,1602.46


125.39,6.94,1.02,1602.75


125.40,6.91,0.91,1603.00


125.42,6.91,0.78,1603.22


125.44,6.93,0.78,1603.44


125.45,6.93,0.75,1603.66


125.47,6.93,0.81,1603.88


125.49,6.92,0.78,1604.10


125.51,6.93,0.75,1604.32


125.52,6.92,0.67,1604.51


125.54,6.93,0.81,1604.73


125.56,6.93,0.73,1604.94


125.57,6.92,0.78,1605.16


125.59,6.93,0.78,1605.38


125.61,6.94,0.70,1605.58


125.62,6.91,0.73,1605.78


125.64,6.93,0.94,1606.05


125.66,6.94,0.81,1606.27


125.67,6.92,0.83,1606.51


125.69,6.90,0.57,1606.67


125.71,6.93,0.75,1606.88


125.73,6.94,0.75,1607.09


125.74,6.94,0.62,1607.27


125.76,6.92,0.67,1607.46


125.78,6.94,0.67,1607.65


125.79,6.92,0.81,1607.88


125.81,6.94,0.86,1608.12


125.83,6.92,0.57,1608.28


125.84,6.91,0.81,1608.51


125.86,6.92,0.67,1608.70


125.88,6.93,0.75,1608.91


125.89,6.92,0.75,1609.13


125.91,6.94,0.78,1609.35


125.93,6.92,0.67,1609.54


125.95,6.92,0.83,1609.77


125.96,6.92,0.78,1609.99


125.98,6.94,0.91,1610.25


126.00,6.92,0.75,1610.46


126.01,6.91,0.78,1610.68


126.03,6.92,0.75,1610.89


126.05,6.92,0.78,1611.11


126.06,6.94,0.78,1611.33


126.08,6.93,0.91,1611.59


126.10,6.94,0.83,1611.83


126.11,6.90,0.83,1612.06


126.13,6.93,0.75,1612.27


126.15,6.92,0.67,1612.46


126.17,6.91,0.86,1612.71


126.18,6.92,0.70,1612.90


126.20,6.94,0.73,1613.11


126.22,6.91,0.67,1613.30


126.23,6.93,0.62,1613.47


126.25,6.92,0.86,1613.72


126.27,6.95,0.67,1613.91


126.28,6.92,0.89,1614.16


126.30,6.94,0.73,1614.36


126.32,6.94,0.75,1614.57


126.33,6.92,0.86,1614.82


126.35,6.92,0.78,1615.04


126.37,6.92,0.75,1615.25


126.39,6.92,0.83,1615.48


126.40,6.93,0.83,1615.72


126.42,6.94,0.60,1615.89


126.44,6.91,0.70,1616.09


126.45,6.95,0.75,1616.30


126.47,6.91,0.91,1616.56


126.49,6.92,0.57,1616.72


126.50,6.92,0.78,1616.94


126.52,6.92,0.81,1617.16


126.54,6.92,0.81,1617.39


126.56,6.91,0.75,1617.60


126.57,6.91,0.83,1617.84


126.59,6.93,0.73,1618.04


126.61,6.93,0.81,1618.27


126.62,6.93,0.67,1618.46


126.64,6.93,0.86,1618.71


126.66,6.93,0.81,1618.93


126.67,6.92,0.75,1619.15


126.69,6.93,0.70,1619.34


126.71,6.91,0.73,1619.55


126.72,6.92,0.73,1619.75


126.74,6.92,0.62,1619.93


126.76,6.94,0.73,1620.13


126.78,6.92,0.83,1620.37


126.79,6.92,0.75,1620.58


126.81,6.90,0.81,1620.81


126.83,6.92,0.75,1621.02


126.84,6.94,0.78,1621.24


126.86,6.93,0.70,1621.44


126.88,6.92,0.73,1621.64


126.89,6.92,0.75,1621.86


126.91,6.92,0.75,1622.07


126.93,6.90,0.75,1622.28


126.94,6.91,0.83,1622.52


126.96,6.91,0.83,1622.75


126.98,6.92,0.70,1622.95


127.00,6.93,0.73,1623.15


127.01,6.89,0.78,1623.37


127.03,6.92,0.81,1623.60


127.05,6.92,0.81,1623.83


127.06,6.93,0.75,1624.04


127.08,6.92,0.81,1624.27


127.10,6.92,0.67,1624.46


127.11,6.92,0.83,1624.69


127.13,6.92,0.70,1624.89


127.15,6.94,0.78,1625.11


127.16,6.92,0.75,1625.33


127.18,6.92,0.78,1625.55


127.20,6.93,0.75,1625.76


127.22,6.90,0.75,1625.97


127.23,6.92,0.83,1626.21


127.25,6.91,0.75,1626.42


127.27,6.91,0.86,1626.66


127.28,6.92,0.78,1626.88


127.30,6.91,0.89,1627.13


127.32,6.92,0.81,1627.36


127.33,6.90,0.70,1627.56


127.35,6.93,0.83,1627.79


127.37,6.91,0.60,1627.96


127.38,6.92,0.75,1628.17


127.40,6.92,0.81,1628.40


127.42,6.92,0.94,1628.66


127.44,6.91,0.75,1628.88


127.45,6.92,0.78,1629.10


127.47,6.93,0.86,1629.34


127.49,6.91,0.67,1629.53


127.50,6.92,0.81,1629.76


127.52,6.92,0.86,1630.00


127.54,6.94,0.86,1630.24


127.55,6.92,0.73,1630.45


127.57,6.90,0.57,1630.61


127.59,6.91,0.89,1630.86


127.60,6.92,0.78,1631.08


127.62,6.92,0.70,1631.27


127.64,6.92,0.78,1631.49


127.66,6.94,0.78,1631.71


127.67,6.91,0.75,1631.93


127.69,6.91,0.89,1632.18


127.71,6.93,0.70,1632.38


127.72,6.91,0.75,1632.59


127.74,6.91,0.75,1632.80


127.76,6.90,0.83,1633.04


127.77,6.94,0.73,1633.24


127.79,6.92,0.91,1633.50


127.81,6.90,0.83,1633.73


127.82,6.94,0.67,1633.92


127.84,6.91,0.62,1634.10


127.86,6.92,0.89,1634.35


127.88,6.92,0.65,1634.53


127.89,6.90,0.73,1634.74


127.91,6.94,0.89,1634.99


127.93,6.91,0.78,1635.21


127.94,6.90,0.67,1635.40


127.96,6.92,0.78,1635.62


127.98,6.92,0.75,1635.83


127.99,6.91,0.73,1636.03


128.01,6.91,0.62,1636.21


128.03,6.90,0.75,1636.42


128.04,6.92,0.83,1636.66


128.06,6.94,0.70,1636.85


128.08,6.93,0.70,1637.05


128.10,6.92,0.78,1637.27


128.11,6.92,0.75,1637.48


128.13,6.92,0.73,1637.69


128.15,6.90,0.86,1637.93


128.16,6.92,0.75,1638.15


128.18,6.90,0.91,1638.40


128.20,6.92,0.78,1638.62


128.21,6.92,0.73,1638.83


128.23,6.93,0.78,1639.05


128.25,6.93,0.60,1639.22


128.26,6.92,0.73,1639.42


128.28,6.94,0.89,1639.67


128.30,6.90,0.78,1639.89


128.32,6.90,0.81,1640.12


128.33,6.91,0.67,1640.31


128.35,6.90,0.86,1640.55


128.37,6.93,0.81,1640.78


128.38,6.92,0.86,1641.02


128.40,6.91,0.78,1641.24


128.42,6.92,0.70,1641.44


128.43,6.92,0.62,1641.61


128.45,6.91,0.78,1641.83


128.47,6.91,0.70,1642.03


128.48,6.92,0.86,1642.27


128.50,6.91,0.57,1642.43


128.52,6.90,0.73,1642.64


128.54,6.90,0.91,1642.90


128.55,6.92,0.99,1643.18


128.57,6.92,0.81,1643.40


128.59,6.90,0.78,1643.62


128.60,6.90,0.81,1643.85


128.62,6.93,0.75,1644.06


128.64,6.91,0.94,1644.33


128.65,6.92,0.86,1644.57


128.67,6.93,0.86,1644.81


128.69,6.91,0.70,1645.01


128.70,6.92,0.81,1645.24


128.72,6.91,0.89,1645.49


128.74,6.90,0.86,1645.73


128.76,6.92,0.89,1645.98


128.77,6.91,0.83,1646.22


128.79,6.92,0.89,1646.47


128.81,6.91,0.73,1646.67


128.82,6.92,0.81,1646.90


128.84,6.91,0.67,1647.09


128.86,6.94,0.78,1647.31


128.87,6.91,0.73,1647.51


128.89,6.91,0.75,1647.73


128.91,6.91,0.67,1647.92


128.92,6.92,0.86,1648.16


128.94,6.90,0.78,1648.38


128.96,6.91,0.81,1648.61


128.98,6.92,0.91,1648.86


128.99,6.91,0.70,1649.06


129.01,6.91,0.81,1649.29


129.03,6.90,0.78,1649.51


129.04,6.90,0.75,1649.72


129.06,6.90,0.91,1649.98


129.08,6.90,0.70,1650.18


129.09,6.91,0.75,1650.39


129.11,6.90,0.73,1650.59


129.13,6.91,0.70,1650.79


129.14,6.91,0.75,1651.01


129.16,6.92,0.75,1651.22


129.18,6.90,0.70,1651.42


129.20,6.90,0.78,1651.64


129.21,6.91,0.78,1651.86


129.23,6.90,0.89,1652.11


129.25,6.93,0.83,1652.34


129.26,6.92,0.67,1652.53


129.28,6.90,0.78,1652.75


129.30,6.90,0.65,1652.93


129.31,6.91,0.70,1653.13


129.33,6.90,0.67,1653.32


129.35,6.92,0.89,1653.57


129.36,6.91,0.81,1653.80


129.38,6.93,0.67,1653.99


129.40,6.93,0.60,1654.16


129.42,6.90,0.70,1654.35


129.43,6.90,0.62,1654.53


129.45,6.91,0.75,1654.74


129.47,6.90,0.70,1654.94


129.48,6.92,0.67,1655.13


129.50,6.91,0.83,1655.37


129.52,6.90,0.65,1655.55


129.53,6.90,0.78,1655.77


129.55,6.92,0.81,1656.00


129.57,6.90,0.78,1656.22


129.58,6.88,0.81,1656.44


129.60,6.91,0.96,1656.72


129.62,6.89,0.67,1656.91


129.64,6.91,0.67,1657.10


129.65,6.89,0.70,1657.29


129.67,6.90,0.78,1657.51


129.69,6.92,0.81,1657.74


129.70,6.90,0.78,1657.96


129.72,6.90,0.75,1658.17


129.74,6.92,0.86,1658.42


129.75,6.91,0.70,1658.61


129.77,6.90,0.75,1658.83


129.79,6.90,0.91,1659.08


129.80,6.91,0.94,1659.35


129.82,6.90,0.86,1659.59


129.84,6.90,0.73,1659.80


129.86,6.93,0.83,1660.03


129.87,6.89,0.65,1660.21


129.89,6.92,0.65,1660.40


129.91,6.92,0.81,1660.62


129.92,6.91,0.91,1660.88


129.94,6.92,0.83,1661.12


129.96,6.89,0.70,1661.31


129.97,6.93,0.70,1661.51


129.99,6.90,0.70,1661.71


130.01,6.90,0.70,1661.91


130.02,6.92,0.83,1662.14


130.04,6.89,0.86,1662.39


130.06,6.90,0.73,1662.59


130.08,6.90,0.67,1662.78


130.09,6.91,0.73,1662.99


130.11,6.91,0.86,1663.23


130.13,6.90,0.75,1663.44


130.14,6.90,0.86,1663.68


130.16,6.92,0.83,1663.92


130.18,6.91,0.65,1664.10


130.19,6.91,0.78,1664.32


130.21,6.92,0.83,1664.56


130.23,6.90,0.86,1664.80


130.24,6.90,0.91,1665.06


130.26,6.91,0.89,1665.31


130.28,6.91,0.91,1665.56


130.30,6.92,0.81,1665.79


130.31,6.90,0.73,1666.00


130.33,6.90,0.83,1666.23


130.35,6.91,0.83,1666.47


130.36,6.90,0.75,1666.68


130.38,6.88,0.81,1666.91


130.40,6.92,0.89,1667.16


130.41,6.91,0.60,1667.32


130.43,6.91,0.86,1667.57


130.45,6.90,0.75,1667.78


130.46,6.89,0.89,1668.03


130.48,6.89,0.60,1668.20


130.50,6.91,0.70,1668.39


130.52,6.89,0.78,1668.61


130.53,6.90,0.75,1668.83


130.55,6.90,0.70,1669.02


130.57,6.91,0.78,1669.24


130.58,6.88,0.75,1669.46


130.60,6.92,0.83,1669.69


130.62,6.91,0.70,1669.89


130.63,6.91,0.62,1670.06


130.65,6.90,0.86,1670.31


130.67,6.89,0.96,1670.58


130.68,6.90,0.81,1670.81


130.70,6.92,0.83,1671.04


130.72,6.90,0.62,1671.22


130.74,6.89,0.57,1671.38


130.75,6.90,0.81,1671.60


130.77,6.90,0.57,1671.77


130.79,6.90,0.81,1671.99


130.80,6.91,0.86,1672.23


130.82,6.90,0.89,1672.48


130.84,6.90,0.73,1672.69


130.85,6.92,0.83,1672.93


130.87,6.91,0.86,1673.17


130.89,6.90,0.70,1673.37


130.90,6.92,0.78,1673.59


130.92,6.89,0.67,1673.78


130.94,6.92,0.75,1673.99


130.96,6.91,0.78,1674.21


130.97,6.92,0.73,1674.41


130.99,6.90,0.81,1674.64


131.01,6.89,0.91,1674.90


131.02,6.90,0.81,1675.13


131.04,6.90,0.75,1675.34


131.06,6.90,0.83,1675.57


131.07,6.90,0.75,1675.79


131.09,6.90,0.60,1675.95


131.11,6.90,0.75,1676.17


131.12,6.89,0.62,1676.34


131.14,6.88,0.78,1676.56


131.16,6.89,0.78,1676.78


131.18,6.90,0.75,1676.99


131.19,6.90,0.67,1677.18


131.21,6.91,0.75,1677.40


131.23,6.91,0.78,1677.62


131.24,6.90,0.78,1677.84


131.26,6.90,0.67,1678.03


131.28,6.91,0.78,1678.25


131.29,6.91,0.81,1678.48


131.31,6.92,0.94,1678.74


131.33,6.91,0.86,1678.98


131.34,6.91,0.81,1679.21


131.36,6.91,0.73,1679.42


131.38,6.88,0.75,1679.63


131.40,6.90,0.83,1679.86


131.41,6.90,0.75,1680.08


131.43,6.90,0.81,1680.30


131.45,6.89,0.75,1680.52


131.46,6.91,0.86,1680.76


131.48,6.89,0.81,1680.99


131.50,6.90,0.70,1681.18


131.51,6.90,0.62,1681.36


131.53,6.89,0.67,1681.55


131.55,6.91,0.70,1681.75


131.56,6.90,0.73,1681.95


131.58,6.88,0.70,1682.15


131.60,6.89,0.78,1682.37


131.62,6.90,0.75,1682.58


131.63,6.91,0.75,1682.79


131.65,6.90,0.73,1683.00


131.67,6.91,0.83,1683.23


131.68,6.89,0.86,1683.48


131.70,6.90,0.75,1683.69


131.72,6.90,0.70,1683.89


131.73,6.90,0.81,1684.11


131.75,6.91,0.62,1684.29


131.77,6.90,0.83,1684.53


131.78,6.91,0.78,1684.75


131.80,6.91,0.62,1684.92


131.82,6.89,0.70,1685.12


131.84,6.91,0.60,1685.29


131.85,6.90,0.81,1685.51


131.87,6.90,0.73,1685.72


131.89,6.91,0.81,1685.95


131.90,6.90,0.91,1686.20


131.92,6.91,0.75,1686.42


131.94,6.90,0.78,1686.64


131.95,6.92,0.75,1686.85


131.97,6.91,0.86,1687.09


131.99,6.91,0.75,1687.30


132.00,6.90,0.75,1687.52


132.02,6.90,0.78,1687.74


132.04,6.89,0.78,1687.96


132.06,6.90,0.78,1688.18


132.07,6.88,0.70,1688.37


132.09,6.92,0.62,1688.55


132.11,6.92,0.78,1688.77


132.12,6.90,0.78,1688.99


132.14,6.91,0.83,1689.23


132.16,6.88,0.75,1689.44


132.17,6.88,0.94,1689.70


132.19,6.90,0.75,1689.92


132.21,6.90,0.99,1690.20


132.22,6.90,0.78,1690.42


132.24,6.90,0.78,1690.64


132.26,6.90,0.96,1690.91


132.28,6.89,0.65,1691.09


132.29,6.91,0.78,1691.31


132.31,6.89,0.75,1691.52


132.33,6.90,0.86,1691.77


132.34,6.89,0.78,1691.99


132.36,6.90,0.73,1692.19


132.38,6.89,0.62,1692.37


132.39,6.90,0.73,1692.57


132.41,6.90,0.83,1692.81


132.43,6.90,0.75,1693.02


132.44,6.90,0.70,1693.22


132.46,6.92,0.83,1693.45


132.48,6.89,0.73,1693.66


132.50,6.90,0.57,1693.82


132.51,6.92,0.67,1694.01


132.53,6.89,0.83,1694.24


132.55,6.89,0.78,1694.46


132.56,6.90,0.70,1694.66


132.58,6.91,0.83,1694.90


132.60,6.90,0.67,1695.09


132.61,6.90,0.83,1695.32


132.63,6.88,0.86,1695.56


132.65,6.91,0.89,1695.81


132.67,6.90,0.78,1696.03


132.68,6.90,0.75,1696.25


132.70,6.91,0.81,1696.47


132.72,6.91,0.91,1696.73


132.73,6.90,0.83,1696.97


132.75,6.90,0.86,1697.21


132.77,6.91,0.91,1697.47


132.78,6.91,0.70,1697.66


132.80,6.89,0.86,1697.91


132.82,6.90,0.83,1698.14


132.83,6.92,0.81,1698.37


132.85,6.90,0.65,1698.55


132.87,6.89,0.89,1698.80


132.89,6.89,0.65,1698.98


132.90,6.88,0.73,1699.19


132.92,6.89,0.81,1699.42


132.94,6.90,0.73,1699.62


132.95,6.90,0.78,1699.84


132.97,6.93,0.91,1700.10


132.99,6.90,0.83,1700.33


133.00,6.90,0.65,1700.52


133.02,6.90,0.67,1700.71


133.04,6.87,0.91,1700.96


133.05,6.90,0.78,1701.18


133.07,6.92,0.86,1701.43


133.09,6.89,0.70,1701.62


133.11,6.90,0.81,1701.85


133.12,6.92,0.73,1702.06


133.14,6.92,0.96,1702.33


133.16,6.92,0.78,1702.55


133.17,6.90,0.86,1702.79


133.19,6.90,0.89,1703.04


133.21,6.88,0.62,1703.22


133.22,6.88,0.83,1703.45


133.24,6.90,0.83,1703.69


133.26,6.91,0.86,1703.93


133.27,6.90,0.65,1704.11


133.29,6.90,0.81,1704.34


133.31,6.90,0.78,1704.56


133.33,6.90,0.57,1704.72


133.34,6.90,0.73,1704.93


133.36,6.89,0.81,1705.15


133.38,6.90,0.60,1705.32


133.39,6.93,0.75,1705.53


133.41,6.88,0.78,1705.75


133.43,6.92,0.83,1705.99


133.44,6.92,0.89,1706.24


133.46,6.90,0.62,1706.41


133.48,6.90,0.75,1706.63


133.49,6.90,0.89,1706.88


133.51,6.90,0.78,1707.10


133.53,6.90,0.83,1707.33


133.55,6.90,0.81,1707.56


133.56,6.91,0.83,1707.79


133.58,6.89,0.73,1708.00


133.60,6.90,0.57,1708.16


133.61,6.90,0.73,1708.36


133.63,6.91,0.81,1708.59


133.65,6.90,0.83,1708.83


133.66,6.90,0.89,1709.08


133.68,6.89,0.91,1709.33


133.70,6.88,0.62,1709.51


133.71,6.90,0.73,1709.71


133.73,6.91,0.52,1709.86


133.75,6.92,0.70,1710.06


133.77,6.90,0.73,1710.26


133.78,6.89,0.75,1710.48


133.80,6.89,0.86,1710.72


133.82,6.91,0.78,1710.94


133.83,6.90,0.89,1711.19


133.85,6.91,0.94,1711.45


133.87,6.92,0.65,1711.64


133.88,6.91,0.75,1711.85


133.90,6.89,0.62,1712.02


133.92,6.90,0.86,1712.27


133.93,6.90,0.67,1712.46


133.95,6.89,0.81,1712.68


133.97,6.88,0.86,1712.93


133.99,6.91,0.78,1713.15


134.00,6.88,0.83,1713.38


134.02,6.89,0.81,1713.61


134.04,6.88,0.81,1713.84


134.05,6.89,0.83,1714.07


134.07,6.88,0.81,1714.30


134.09,6.90,0.81,1714.53


134.10,6.88,0.67,1714.72


134.12,6.90,0.70,1714.91


134.14,6.90,0.89,1715.16


134.15,6.89,0.62,1715.34


134.17,6.88,0.89,1715.59


134.19,6.91,0.81,1715.82


134.21,6.93,0.94,1716.08


134.22,6.90,0.96,1716.35


134.24,6.90,0.75,1716.57


134.26,6.90,0.73,1716.77


134.27,6.90,0.78,1716.99


134.29,6.88,0.62,1717.17


134.31,6.90,0.75,1717.38


134.32,6.87,0.70,1717.58


134.34,6.89,0.86,1717.82


134.36,6.90,0.65,1718.00


134.37,6.88,0.86,1718.24


134.39,6.91,0.70,1718.44


134.41,6.90,0.83,1718.68


134.43,6.88,0.81,1718.90


134.44,6.90,0.70,1719.10


134.46,6.90,0.65,1719.29


134.48,6.88,0.70,1719.48


134.49,6.90,0.78,1719.70


134.51,6.90,0.75,1719.92


134.53,6.88,0.78,1720.14


134.54,6.90,0.81,1720.36


134.56,6.90,0.75,1720.58


134.58,6.92,0.96,1720.85


134.59,6.88,0.78,1721.07


134.61,6.90,0.73,1721.27


134.63,6.90,0.70,1721.47


134.65,6.90,0.78,1721.69


134.66,6.88,0.62,1721.87


134.68,6.91,0.81,1722.09


134.70,6.89,0.62,1722.27


134.71,6.90,0.86,1722.51


134.73,6.90,0.70,1722.71


134.75,6.91,0.62,1722.88


134.76,6.89,0.75,1723.10


134.78,6.89,0.75,1723.31


134.80,6.90,0.78,1723.53


134.81,6.89,0.89,1723.78


134.83,6.91,0.73,1723.99


134.85,6.89,0.70,1724.18


134.87,6.91,0.81,1724.41


134.88,6.90,0.67,1724.60


134.90,6.91,0.86,1724.84


134.92,6.88,0.70,1725.04


134.93,6.86,0.67,1725.23


134.95,6.89,0.81,1725.46


134.97,6.88,0.86,1725.70


134.98,6.90,0.73,1725.91


135.00,6.92,0.91,1726.16


135.02,6.90,0.78,1726.38


135.03,6.89,0.67,1726.57


135.05,6.91,0.94,1726.84


135.07,6.89,0.78,1727.06


135.09,6.90,0.75,1727.27


135.10,6.90,0.70,1727.47


135.12,6.90,0.70,1727.67


135.14,6.88,0.70,1727.86


135.15,6.89,0.78,1728.08


135.17,6.90,0.78,1728.30


135.19,6.90,0.91,1728.56


135.20,6.89,0.70,1728.76


135.22,6.90,0.73,1728.96


135.24,6.90,0.78,1729.19


135.25,6.88,0.60,1729.35


135.27,6.90,0.67,1729.54


135.29,6.91,0.62,1729.72


135.31,6.88,0.83,1729.95


135.32,6.87,0.67,1730.14


135.34,6.90,0.67,1730.33


135.36,6.88,0.78,1730.55


135.37,6.88,0.86,1730.80


135.39,6.90,0.78,1731.02


135.41,6.89,0.96,1731.29


135.42,6.89,0.70,1731.49


135.44,6.90,0.73,1731.69


135.46,6.90,0.75,1731.90


135.47,6.90,0.73,1732.11


135.49,6.88,0.60,1732.28


135.51,6.90,0.89,1732.53


135.53,6.90,0.75,1732.74


135.54,6.89,0.67,1732.93


135.56,6.88,0.73,1733.14


135.58,6.89,0.78,1733.36


135.59,6.88,0.70,1733.55


135.61,6.90,0.83,1733.79


135.63,6.89,0.81,1734.02


135.64,6.89,0.86,1734.26


135.66,6.90,0.75,1734.47


135.68,6.89,0.83,1734.71


135.69,6.90,0.67,1734.90


135.71,6.88,0.73,1735.10


135.73,6.90,0.86,1735.34


135.75,6.89,0.81,1735.57


135.76,6.88,0.70,1735.77


135.78,6.88,0.89,1736.02


135.80,6.90,0.83,1736.25


135.81,6.89,0.78,1736.47


135.83,6.89,0.73,1736.68


135.85,6.88,0.75,1736.89


135.86,6.90,0.78,1737.11


135.88,6.87,0.78,1737.33


135.90,6.89,0.75,1737.54


135.91,6.88,0.81,1737.77


135.93,6.88,0.75,1737.98


135.95,6.90,0.86,1738.23


135.97,6.88,0.75,1738.44


135.98,6.91,0.94,1738.70


136.00,6.90,0.78,1738.92


136.02,6.90,0.89,1739.17


136.03,6.89,0.73,1739.38


136.05,6.88,0.70,1739.58


136.07,6.90,0.75,1739.79


136.08,6.90,0.75,1740.00


136.10,6.87,0.70,1740.20


136.12,6.87,0.73,1740.40


136.13,6.90,0.81,1740.63


136.15,6.89,0.78,1740.85


136.17,6.87,0.89,1741.10


136.19,6.89,0.78,1741.32


136.20,6.88,0.75,1741.54


136.22,6.89,0.86,1741.78


136.24,6.89,0.78,1742.00


136.25,6.88,0.89,1742.25


136.27,6.89,0.78,1742.47


136.29,6.91,0.86,1742.71


136.30,6.88,0.70,1742.91


136.32,6.89,0.75,1743.12


136.34,6.90,0.83,1743.36


136.35,6.89,0.60,1743.52


136.37,6.90,0.70,1743.72


136.39,6.89,0.70,1743.92


136.41,6.87,0.86,1744.16


136.42,6.89,0.75,1744.37


136.44,6.88,0.75,1744.59


136.46,6.90,0.73,1744.79


136.47,6.90,0.75,1745.00


136.49,6.89,0.62,1745.18


136.51,6.88,0.75,1745.39


136.52,6.88,0.78,1745.61


136.54,6.89,0.78,1745.83


136.56,6.90,0.83,1746.07


136.57,6.89,0.83,1746.30


136.59,6.90,0.83,1746.54


136.61,6.86,0.78,1746.76


136.63,6.91,0.86,1747.00


136.64,6.88,0.65,1747.18


136.66,6.90,0.62,1747.36


136.68,6.91,0.62,1747.53


136.69,6.89,0.65,1747.72


136.71,6.90,0.73,1747.92


136.73,6.88,0.75,1748.13


136.74,6.89,0.73,1748.34


136.76,6.88,0.78,1748.56


136.78,6.91,0.83,1748.79


136.79,6.87,0.73,1749.00


136.81,6.88,0.65,1749.18


136.83,6.90,0.86,1749.42


136.85,6.88,0.81,1749.65


136.86,6.90,0.70,1749.85


136.88,6.88,0.62,1750.02


136.90,6.88,0.89,1750.27


136.91,6.90,0.91,1750.53


136.93,6.86,0.75,1750.74


136.95,6.90,0.73,1750.95


136.96,6.87,0.83,1751.18


136.98,6.90,0.54,1751.34


137.00,6.88,0.81,1751.56


137.01,6.88,0.70,1751.76


137.03,6.88,0.75,1751.97


137.05,6.87,0.86,1752.22


137.07,6.89,0.91,1752.47


137.08,6.89,0.89,1752.72


137.10,6.88,0.78,1752.94


137.12,6.88,0.86,1753.19


137.13,6.88,0.70,1753.39


137.15,6.88,0.73,1753.59


137.17,6.88,0.83,1753.83


137.18,6.87,0.73,1754.03


137.20,6.91,0.62,1754.21


137.22,6.87,0.78,1754.43


137.23,6.88,0.73,1754.63


137.25,6.90,0.91,1754.89


137.27,6.88,0.89,1755.14


137.29,6.88,0.78,1755.36


137.30,6.89,0.75,1755.57


137.32,6.90,0.75,1755.78


137.34,6.88,0.94,1756.05


137.35,6.91,0.78,1756.27


137.37,6.88,0.81,1756.50


137.39,6.87,0.75,1756.71


137.40,6.88,0.89,1756.96


137.42,6.88,0.83,1757.19


137.44,6.87,0.54,1757.35


137.45,6.89,0.89,1757.60


137.47,6.87,0.62,1757.77


137.49,6.88,0.89,1758.02


137.51,6.90,0.75,1758.23


137.52,6.88,0.94,1758.50


137.54,6.88,0.70,1758.70


137.56,6.88,0.75,1758.91


137.57,6.88,0.86,1759.15


137.59,6.90,0.89,1759.40


137.61,6.86,0.60,1759.57


137.62,6.86,0.62,1759.74


137.64,6.87,0.86,1759.99


137.66,6.89,0.83,1760.22


137.67,6.90,0.67,1760.41


137.69,6.86,0.99,1760.69


137.71,6.89,0.83,1760.93


137.73,6.89,0.81,1761.15


137.74,6.88,0.81,1761.38


137.76,6.90,0.89,1761.63


137.78,6.87,0.73,1761.84


137.79,6.91,0.78,1762.06


137.81,6.87,0.73,1762.26


137.83,6.89,0.83,1762.50


137.84,6.88,0.96,1762.77


137.86,6.90,0.86,1763.01


137.88,6.88,0.70,1763.21


137.89,6.89,0.62,1763.38


137.91,6.90,0.73,1763.59


137.93,6.89,0.78,1763.81


137.95,6.89,0.75,1764.02


137.96,6.88,0.67,1764.21


137.98,6.90,0.75,1764.42


138.00,6.88,0.83,1764.66


138.01,6.88,0.75,1764.87


138.03,6.88,0.89,1765.12


138.05,6.89,0.73,1765.33


138.06,6.89,0.67,1765.52


138.08,6.88,0.78,1765.74


138.10,6.87,0.81,1765.97


138.11,6.87,0.81,1766.19


138.13,6.88,0.70,1766.39


138.15,6.88,0.86,1766.63


138.17,6.88,0.73,1766.84


138.18,6.89,0.62,1767.01


138.20,6.88,0.83,1767.25


138.22,6.87,0.89,1767.50


138.23,6.87,0.73,1767.70


138.25,6.87,0.81,1767.93


138.27,6.89,0.73,1768.14


138.28,6.88,0.67,1768.33


138.30,6.89,0.75,1768.54


138.32,6.89,0.83,1768.77


138.33,6.88,0.70,1768.97


138.35,6.89,0.73,1769.18


138.37,6.90,0.91,1769.43


138.39,6.88,0.81,1769.66


138.40,6.89,0.75,1769.87


138.42,6.86,0.78,1770.09


138.44,6.88,0.75,1770.31


138.45,6.88,0.75,1770.52


138.47,6.90,0.83,1770.75


138.49,6.86,0.91,1771.01


138.50,6.89,0.67,1771.20


138.52,6.89,0.70,1771.40


138.54,6.88,0.91,1771.66


138.55,6.88,0.83,1771.89


138.57,6.88,0.67,1772.08


138.59,6.88,0.89,1772.33


138.61,6.88,0.73,1772.54


138.62,6.90,0.73,1772.74


138.64,6.89,0.89,1772.99


138.66,6.87,0.75,1773.20


138.67,6.88,0.73,1773.41


138.69,6.88,0.73,1773.61


138.71,6.90,0.81,1773.84


138.72,6.89,0.75,1774.05


138.74,6.87,0.67,1774.25


138.76,6.86,0.83,1774.48


138.77,6.86,0.73,1774.69


138.79,6.86,0.65,1774.87


138.81,6.90,0.83,1775.10


138.83,6.86,0.78,1775.32


138.84,6.87,0.70,1775.52


138.86,6.88,0.73,1775.73


138.88,6.88,0.83,1775.96


138.89,6.89,0.73,1776.17


138.91,6.86,0.86,1776.41


138.93,6.88,0.78,1776.63


138.94,6.87,0.86,1776.87


138.96,6.86,0.83,1777.11


138.98,6.89,0.65,1777.29


138.99,6.87,0.86,1777.53


139.01,6.90,0.65,1777.71


139.03,6.88,0.83,1777.95


139.05,6.88,0.81,1778.18


139.06,6.90,0.86,1778.42


139.08,6.88,0.62,1778.59


139.10,6.89,0.91,1778.85


139.11,6.86,0.91,1779.11


139.13,6.88,0.86,1779.35


139.15,6.86,0.78,1779.57


139.16,6.89,0.81,1779.80


139.18,6.88,0.73,1780.00


139.20,6.86,0.89,1780.25


139.21,6.88,0.73,1780.46


139.23,6.87,0.81,1780.69


139.25,6.88,0.65,1780.87


139.27,6.86,0.67,1781.06


139.28,6.88,0.75,1781.27


139.30,6.86,0.70,1781.47


139.32,6.88,0.94,1781.73


139.33,6.90,0.62,1781.91


139.35,6.86,0.83,1782.14


139.37,6.86,0.94,1782.41


139.38,6.89,0.78,1782.63


139.40,6.88,0.81,1782.86


139.42,6.88,0.73,1783.06


139.44,6.87,0.81,1783.29


139.45,6.88,0.65,1783.47


139.47,6.89,0.81,1783.70


139.49,6.86,0.67,1783.89


139.50,6.88,0.75,1784.10


139.52,6.88,0.70,1784.30


139.54,6.90,0.78,1784.52


139.55,6.87,0.91,1784.78


139.57,6.87,0.78,1785.00


139.59,6.90,0.67,1785.19


139.60,6.87,0.75,1785.40


139.62,6.88,0.91,1785.66


139.64,6.87,0.78,1785.88


139.66,6.88,0.81,1786.11


139.67,6.89,0.81,1786.33


139.69,6.86,0.96,1786.61


139.71,6.88,0.60,1786.77


139.72,6.87,0.70,1786.97


139.74,6.87,0.65,1787.15


139.76,6.86,0.83,1787.39


139.77,6.88,0.62,1787.56


139.79,6.86,0.75,1787.78


139.81,6.88,0.75,1787.99


139.82,6.87,0.81,1788.22


139.84,6.90,0.78,1788.44


139.86,6.87,0.70,1788.63


139.88,6.87,0.70,1788.83


139.89,6.88,0.73,1789.04


139.91,6.89,0.91,1789.29


139.93,6.87,0.89,1789.54


139.94,6.86,0.89,1789.79


139.96,6.87,0.75,1790.01


139.98,6.86,0.89,1790.26


139.99,6.88,0.67,1790.45


140.01,6.87,0.83,1790.68


140.03,6.87,0.70,1790.88


140.04,6.88,0.81,1791.11


140.06,6.88,0.89,1791.36


140.08,6.86,0.83,1791.59


140.10,6.88,0.83,1791.83


140.11,6.87,0.60,1791.99


140.13,6.87,0.73,1792.20


140.15,6.85,0.81,1792.43


140.16,6.88,0.70,1792.63


140.18,6.88,0.65,1792.81


140.20,6.87,1.04,1793.10


140.21,6.86,0.75,1793.32


140.23,6.88,0.78,1793.54


140.25,6.90,0.75,1793.75


140.26,6.88,0.89,1794.00


140.28,6.87,0.75,1794.21


140.30,6.88,0.81,1794.44


140.32,6.88,0.94,1794.70


140.33,6.89,0.62,1794.88


140.35,6.86,0.83,1795.11


140.37,6.87,0.57,1795.27


140.38,6.86,0.78,1795.49


140.40,6.88,0.70,1795.69


140.42,6.87,0.81,1795.92


140.43,6.89,0.73,1796.12


140.45,6.86,0.62,1796.30


140.47,6.89,0.75,1796.51


140.48,6.88,0.83,1796.75


140.50,6.88,0.73,1796.95


140.52,6.87,0.75,1797.16


140.54,6.87,0.60,1797.33


140.55,6.88,0.75,1797.55


140.57,6.90,0.70,1797.74


140.59,6.86,0.86,1797.99


140.60,6.86,0.67,1798.18


140.62,6.88,0.75,1798.39


140.64,6.87,0.86,1798.63


140.65,6.88,0.75,1798.84


140.67,6.88,0.83,1799.08


140.69,6.87,0.67,1799.27


140.70,6.87,0.89,1799.52


140.72,6.86,0.78,1799.74


140.74,6.88,0.60,1799.91


140.76,6.87,0.78,1800.13


140.77,6.88,0.75,1800.34


140.79,6.87,0.81,1800.57


140.81,6.86,0.89,1800.82


140.82,6.87,0.73,1801.02


140.84,6.86,0.75,1801.23


140.86,6.86,0.75,1801.45


140.87,6.86,0.75,1801.66


140.89,6.88,0.75,1801.87


140.91,6.88,0.86,1802.11


140.92,6.88,0.78,1802.33


140.94,6.87,0.75,1802.55


140.96,6.87,0.81,1802.78


140.98,6.89,0.83,1803.01


140.99,6.87,0.60,1803.18


141.01,6.89,0.73,1803.38


141.03,6.86,0.75,1803.60


141.04,6.87,0.86,1803.84


141.06,6.86,0.70,1804.04


141.08,6.88,0.89,1804.29


141.09,6.87,0.81,1804.51


141.11,6.86,0.83,1804.75


141.13,6.88,0.70,1804.95


141.14,6.89,0.78,1805.17


141.16,6.88,0.91,1805.42


141.18,6.88,0.89,1805.67


141.20,6.88,0.73,1805.88


141.21,6.84,0.83,1806.11


141.23,6.87,0.62,1806.29


141.25,6.88,0.75,1806.50


141.26,6.89,0.75,1806.71


141.28,6.88,0.67,1806.90


141.30,6.86,0.70,1807.10


141.31,6.88,0.89,1807.35


141.33,6.87,0.75,1807.56


141.35,6.88,0.75,1807.78


141.36,6.87,0.83,1808.01


141.38,6.87,0.65,1808.19


141.40,6.87,0.60,1808.36


141.42,6.87,0.75,1808.58


141.43,6.87,0.83,1808.81


141.45,6.86,0.81,1809.04


141.47,6.87,0.73,1809.24


141.48,6.88,0.81,1809.47


141.50,6.88,0.67,1809.66


141.52,6.89,0.81,1809.89


141.53,6.87,0.86,1810.13


141.55,6.88,0.75,1810.34


141.57,6.88,0.62,1810.52


141.58,6.87,0.73,1810.72


141.60,6.87,0.78,1810.94


141.62,6.89,0.67,1811.13


141.64,6.90,0.75,1811.35


141.65,6.87,0.89,1811.60


141.67,6.88,0.78,1811.82


141.69,6.88,0.75,1812.03


141.70,6.88,0.67,1812.22


141.72,6.87,0.81,1812.45


141.74,6.86,0.75,1812.66


141.75,6.86,0.73,1812.87


141.77,6.87,0.78,1813.09


141.79,6.87,0.73,1813.29


141.80,6.88,0.83,1813.53


141.82,6.84,0.75,1813.74


141.84,6.87,0.70,1813.94


141.86,6.88,0.73,1814.14


141.87,6.88,0.67,1814.33


141.89,6.88,0.89,1814.58


141.91,6.88,0.78,1814.80


141.92,6.88,0.78,1815.02


141.94,6.89,0.70,1815.22


141.96,6.88,0.70,1815.42


141.97,6.86,0.86,1815.66


141.99,6.86,0.73,1815.86


142.01,6.86,0.75,1816.08


142.02,6.87,0.75,1816.29


142.04,6.88,0.78,1816.51


142.06,6.87,0.73,1816.71


142.08,6.88,0.60,1816.88


142.09,6.88,0.70,1817.08


142.11,6.88,0.78,1817.30


142.13,6.86,0.75,1817.51


142.14,6.88,0.89,1817.76


142.16,6.88,0.86,1818.01


142.18,6.87,0.70,1818.20


142.19,6.89,1.02,1818.49


142.21,6.86,0.70,1818.69


142.23,6.86,0.70,1818.89


142.24,6.87,0.86,1819.13


142.26,6.86,0.83,1819.36


142.28,6.88,0.75,1819.58


142.30,6.88,0.91,1819.83


142.31,6.88,0.75,1820.05


142.33,6.86,0.70,1820.24


142.35,6.86,0.89,1820.49


142.36,6.86,0.78,1820.71


142.38,6.87,0.83,1820.95


142.40,6.86,0.46,1821.08


142.41,6.86,0.75,1821.29


142.43,6.85,0.83,1821.53


142.45,6.87,0.89,1821.78


142.46,6.86,0.89,1822.03


142.48,6.87,0.78,1822.25


142.50,6.87,0.78,1822.47


142.52,6.87,0.78,1822.69


142.53,6.87,0.70,1822.88


142.55,6.86,0.67,1823.07


142.57,6.87,0.81,1823.30


142.58,6.88,0.83,1823.54


142.60,6.86,0.62,1823.71


142.62,6.89,1.04,1824.01


142.63,6.87,0.67,1824.20


142.65,6.88,0.83,1824.43


142.67,6.86,0.65,1824.61


142.68,6.85,0.78,1824.83


142.70,6.86,0.81,1825.06


142.72,6.86,0.78,1825.28


142.74,6.87,0.78,1825.50


142.75,6.86,0.65,1825.68


142.77,6.86,1.02,1825.97


142.79,6.86,0.78,1826.19


142.80,6.86,0.81,1826.42


142.82,6.87,0.65,1826.60


142.84,6.88,0.78,1826.82


142.85,6.86,0.70,1827.02


142.87,6.86,0.81,1827.25


142.89,6.86,0.78,1827.47


142.90,6.87,0.75,1827.68


142.92,6.86,0.73,1827.89


142.94,6.88,0.86,1828.13


142.96,6.86,0.81,1828.36


142.97,6.86,0.91,1828.61


142.99,6.88,0.73,1828.82


143.01,6.87,0.78,1829.04


143.02,6.85,0.81,1829.26


143.04,6.85,0.89,1829.51


143.06,6.87,0.75,1829.73


143.07,6.89,0.86,1829.97


143.09,6.87,0.73,1830.18


143.11,6.87,0.60,1830.34


143.12,6.88,0.73,1830.55


143.14,6.86,0.94,1830.81


143.16,6.88,0.70,1831.01


143.18,6.87,0.65,1831.19


143.19,6.85,0.75,1831.41


143.21,6.87,0.78,1831.63


143.23,6.86,0.78,1831.85


143.24,6.85,0.75,1832.06


143.26,6.86,0.78,1832.28


143.28,6.87,0.83,1832.51


143.29,6.88,0.75,1832.73


143.31,6.84,0.89,1832.98


143.33,6.87,0.65,1833.16


143.34,6.86,0.70,1833.36


143.36,6.86,0.81,1833.59


143.38,6.86,0.83,1833.82


143.40,6.85,0.78,1834.04


143.41,6.86,0.78,1834.26


143.43,6.86,0.78,1834.48


143.45,6.86,0.86,1834.72


143.46,6.88,0.99,1835.00


143.48,6.84,0.78,1835.22


143.50,6.86,0.83,1835.46


143.51,6.86,0.73,1835.66


143.53,6.86,0.78,1835.88


143.55,6.86,0.73,1836.09


143.56,6.87,0.89,1836.34


143.58,6.86,0.81,1836.57


143.60,6.86,0.86,1836.81


143.62,6.88,0.89,1837.06


143.63,6.88,0.70,1837.26


143.65,6.86,0.91,1837.51


143.67,6.86,0.94,1837.78


143.68,6.87,0.81,1838.01


143.70,6.84,0.60,1838.17


143.72,6.86,0.96,1838.45


143.73,6.87,0.83,1838.68


143.75,6.86,0.78,1838.90


143.77,6.87,0.70,1839.10


143.78,6.86,0.62,1839.27


143.80,6.85,0.75,1839.49


143.82,6.86,0.70,1839.68


143.84,6.86,0.78,1839.90


143.85,6.87,0.73,1840.11


143.87,6.86,0.75,1840.32


143.89,6.87,0.83,1840.56


143.90,6.86,0.86,1840.80


143.92,6.85,0.78,1841.02


143.94,6.86,0.75,1841.23


143.95,6.86,0.73,1841.44


143.97,6.86,0.86,1841.68


143.99,6.85,0.67,1841.87


144.00,6.89,0.91,1842.13


144.02,6.86,0.70,1842.32


144.04,6.87,0.75,1842.54


144.06,6.86,0.73,1842.74


144.07,6.87,0.83,1842.98


144.09,6.86,0.81,1843.20


144.11,6.85,0.81,1843.43


144.12,6.85,0.78,1843.65


144.14,6.88,0.83,1843.89


144.16,6.86,0.70,1844.08


144.17,6.87,0.81,1844.31


144.19,6.87,0.83,1844.55


144.21,6.86,0.81,1844.77


144.22,6.86,0.73,1844.98


144.24,6.88,0.89,1845.23


144.26,6.86,0.65,1845.41


144.28,6.88,0.73,1845.62


144.29,6.87,0.75,1845.83


144.31,6.87,0.73,1846.04


144.33,6.86,0.75,1846.25


144.34,6.87,0.67,1846.44


144.36,6.89,0.83,1846.67


144.38,6.88,0.78,1846.89


144.39,6.86,0.78,1847.11


144.41,6.87,0.75,1847.33


144.43,6.88,0.57,1847.49


144.44,6.86,0.73,1847.69


144.46,6.88,0.86,1847.93


144.48,6.86,0.78,1848.15


144.50,6.87,0.73,1848.36


144.51,6.87,0.75,1848.57


144.53,6.86,0.73,1848.78


144.55,6.84,0.86,1849.02


144.56,6.85,0.73,1849.22


144.58,6.86,0.73,1849.43


144.60,6.88,0.81,1849.66


144.61,6.87,0.73,1849.86


144.63,6.86,0.62,1850.04


144.65,6.86,0.86,1850.28


144.66,6.88,0.86,1850.52


144.68,6.87,0.83,1850.76


144.70,6.86,0.91,1851.01


144.72,6.87,0.89,1851.26


144.73,6.86,0.67,1851.45


144.75,6.86,0.75,1851.67


144.77,6.87,0.70,1851.86


144.78,6.86,0.67,1852.05


144.80,6.87,0.73,1852.26


144.82,6.85,0.70,1852.46


144.83,6.84,0.78,1852.68


144.85,6.87,0.83,1852.91


144.87,6.86,0.83,1853.15


144.88,6.84,0.67,1853.34


144.90,6.86,0.78,1853.56


144.92,6.84,0.75,1853.77


144.94,6.86,0.67,1853.96


144.95,6.85,0.81,1854.19


144.97,6.85,0.70,1854.39


144.99,6.86,0.67,1854.58


145.00,6.86,0.86,1854.82


145.02,6.87,0.75,1855.03


145.04,6.85,0.67,1855.22


145.05,6.87,0.81,1855.45


145.07,6.86,0.73,1855.65


145.09,6.86,0.65,1855.84


145.10,6.86,0.75,1856.05


145.12,6.88,0.73,1856.25


145.14,6.88,0.83,1856.49


145.16,6.84,0.70,1856.69


145.17,6.86,0.78,1856.91


145.19,6.84,0.73,1857.11


145.21,6.84,0.62,1857.29


145.22,6.88,0.73,1857.49


145.24,6.85,0.86,1857.74


145.26,6.86,0.67,1857.93


145.27,6.86,0.78,1858.15


145.29,6.85,0.65,1858.33


145.31,6.85,0.75,1858.54


145.33,6.87,0.75,1858.75


145.34,6.86,0.73,1858.96


145.36,6.84,0.78,1859.18


145.38,6.86,0.70,1859.38


145.39,6.87,0.73,1859.58


145.41,6.86,0.83,1859.82


145.43,6.86,0.78,1860.04


145.44,6.86,0.81,1860.26


145.46,6.85,0.62,1860.44


145.48,6.87,0.91,1860.70


145.49,6.86,0.62,1860.87


145.51,6.86,0.86,1861.11


145.53,6.85,0.99,1861.39


145.55,6.88,0.83,1861.63


145.56,6.86,0.83,1861.86


145.58,6.84,0.73,1862.07


145.60,6.84,0.67,1862.26


145.61,6.84,0.96,1862.53


145.63,6.86,0.75,1862.75


145.65,6.85,0.86,1862.99


145.66,6.87,0.73,1863.19


145.68,6.85,0.60,1863.36


145.70,6.85,0.86,1863.60


145.71,6.87,0.86,1863.85


145.73,6.87,0.81,1864.07


145.75,6.86,0.62,1864.25


145.77,6.85,0.78,1864.47


145.78,6.84,0.62,1864.64


145.80,6.87,0.86,1864.89


145.82,6.85,0.81,1865.11


145.83,6.84,0.78,1865.33


145.85,6.85,0.70,1865.53


145.87,6.87,0.75,1865.74


145.88,6.85,0.75,1865.96


145.90,6.86,0.73,1866.16


145.92,6.84,0.78,1866.38


145.93,6.86,0.78,1866.60


145.95,6.86,0.73,1866.81


145.97,6.86,0.75,1867.02


145.99,6.87,0.54,1867.17


146.00,6.85,0.89,1867.42


146.02,6.86,0.78,1867.64


146.04,6.87,0.86,1867.89


146.05,6.84,0.78,1868.11


146.07,6.86,0.73,1868.31


146.09,6.87,0.73,1868.52


146.10,6.87,0.67,1868.71


146.12,6.84,0.75,1868.92


146.14,6.86,1.04,1869.21


146.15,6.86,0.78,1869.43


146.17,6.86,0.70,1869.63


146.19,6.84,0.83,1869.87


146.21,6.86,0.89,1870.12


146.22,6.86,0.81,1870.34


146.24,6.85,0.67,1870.53


146.26,6.83,0.75,1870.75


146.27,6.84,0.78,1870.97


146.29,6.86,0.62,1871.14


146.31,6.86,0.65,1871.33


146.32,6.86,0.75,1871.54


146.34,6.84,0.81,1871.77


146.36,6.86,0.65,1871.95


146.37,6.85,0.86,1872.19


146.39,6.86,0.75,1872.40


146.41,6.86,0.75,1872.62


146.43,6.86,0.91,1872.87


146.44,6.86,0.73,1873.08


146.46,6.86,0.57,1873.24


146.48,6.85,0.81,1873.47


146.49,6.85,0.86,1873.71


146.51,6.85,0.75,1873.92


146.53,6.85,0.78,1874.14


146.54,6.86,0.86,1874.38


146.56,6.84,0.86,1874.63


146.58,6.86,0.78,1874.85


146.59,6.88,0.86,1875.09


146.61,6.86,0.83,1875.32


146.63,6.84,0.78,1875.54


146.65,6.86,0.73,1875.75


146.66,6.87,0.70,1875.95


146.68,6.85,0.78,1876.17


146.70,6.83,0.65,1876.35


146.71,6.86,0.83,1876.59


146.73,6.88,0.83,1876.82


146.75,6.86,0.83,1877.05


146.76,6.87,0.83,1877.29


146.78,6.85,0.65,1877.47


146.80,6.86,0.78,1877.69


146.81,6.86,0.78,1877.91


146.83,6.86,0.83,1878.15


146.85,6.88,0.73,1878.35


146.87,6.87,0.73,1878.56


146.88,6.88,0.73,1878.76


146.90,6.87,0.70,1878.96


146.92,6.85,0.78,1879.18


146.93,6.87,0.81,1879.41


146.95,6.84,0.65,1879.59


146.97,6.86,0.89,1879.84


146.98,6.85,0.78,1880.06


147.00,6.87,0.81,1880.29


147.02,6.84,0.65,1880.47


147.03,6.84,0.81,1880.70


147.05,6.87,0.81,1880.93


147.07,6.87,0.73,1881.13


147.09,6.85,0.75,1881.34


147.10,6.87,0.83,1881.58


147.12,6.84,0.70,1881.78


147.14,6.85,0.78,1882.00


147.15,6.86,0.83,1882.23


147.17,6.86,0.73,1882.44


147.19,6.86,0.83,1882.67


147.20,6.84,0.70,1882.87


147.22,6.85,0.81,1883.10


147.24,6.84,0.86,1883.34


147.25,6.82,0.75,1883.55


147.27,6.89,0.94,1883.82


147.29,6.88,0.83,1884.05


147.31,6.84,0.89,1884.30


147.32,6.85,0.70,1884.50


147.34,6.86,0.83,1884.73


147.36,6.87,0.83,1884.97


147.37,6.86,0.86,1885.21


147.39,6.85,0.78,1885.43


147.41,6.86,0.67,1885.62


147.42,6.84,0.83,1885.86


147.44,6.84,0.75,1886.07


147.46,6.86,0.89,1886.32


147.47,6.85,0.73,1886.52


147.49,6.85,0.83,1886.76


147.51,6.86,0.78,1886.98


147.53,6.84,0.73,1887.18


147.54,6.86,0.83,1887.42


147.56,6.86,0.75,1887.63


147.58,6.85,0.86,1887.87


147.59,6.86,0.78,1888.09


147.61,6.87,0.89,1888.34


147.63,6.87,0.73,1888.55


147.64,6.86,0.86,1888.79


147.66,6.85,0.86,1889.03


147.68,6.86,0.96,1889.31


147.69,6.87,0.86,1889.55


147.71,6.85,0.75,1889.76


147.73,6.86,0.70,1889.96


147.75,6.86,0.75,1890.17


147.76,6.86,0.81,1890.40


147.78,6.87,0.60,1890.57


147.80,6.84,0.86,1890.81


147.81,6.84,0.65,1890.99


147.83,6.85,0.62,1891.17


147.85,6.84,0.75,1891.38


147.86,6.83,0.67,1891.57


147.88,6.84,0.70,1891.77


147.90,6.85,0.96,1892.04


147.91,6.84,0.83,1892.28


147.93,6.87,0.75,1892.49


147.95,6.83,0.81,1892.72


147.97,6.84,0.65,1892.90


147.98,6.85,0.67,1893.09


148.00,6.85,0.91,1893.35


148.02,6.85,0.70,1893.54


148.03,6.85,0.67,1893.73


148.05,6.84,0.60,1893.90


148.07,6.87,0.65,1894.08


148.08,6.87,0.70,1894.28


148.10,6.86,0.81,1894.51


148.12,6.85,0.78,1894.73


148.13,6.86,0.75,1894.94


148.15,6.84,0.60,1895.11


148.17,6.85,0.78,1895.33


148.19,6.84,0.89,1895.58


148.20,6.85,0.65,1895.76


148.22,6.86,0.86,1896.00


148.24,6.88,0.73,1896.21


148.25,6.86,0.81,1896.44


148.27,6.84,0.81,1896.66


148.29,6.84,0.75,1896.88


148.30,6.85,0.65,1897.06


148.32,6.86,0.75,1897.27


148.34,6.84,0.78,1897.49


148.35,6.86,0.73,1897.70


148.37,6.86,0.73,1897.90


148.39,6.84,0.62,1898.08


148.41,6.85,0.67,1898.27


148.42,6.85,0.81,1898.50


148.44,6.84,0.75,1898.71


148.46,6.84,0.73,1898.91


148.47,6.84,0.65,1899.10


148.49,6.84,0.65,1899.28


148.51,6.84,0.78,1899.50


148.52,6.86,0.81,1899.73


148.54,6.85,0.94,1899.99


148.56,6.83,0.65,1900.18


148.57,6.86,0.70,1900.37


148.59,6.85,0.70,1900.57


148.61,6.85,0.94,1900.84


148.63,6.85,0.73,1901.04


148.64,6.86,0.81,1901.27


148.66,6.85,0.83,1901.50


148.68,6.85,0.78,1901.72


148.69,6.85,0.81,1901.95


148.71,6.84,0.78,1902.17


148.73,6.86,0.73,1902.38


148.74,6.82,0.67,1902.57


148.76,6.86,0.83,1902.80


148.78,6.83,0.73,1903.01


148.79,6.84,0.75,1903.22


148.81,6.85,0.86,1903.46


148.83,6.82,0.73,1903.67


148.85,6.85,0.75,1903.88


148.86,6.86,0.70,1904.08


148.88,6.84,0.78,1904.30


148.90,6.85,0.65,1904.48


148.91,6.87,0.91,1904.74


148.93,6.86,0.89,1904.99


148.95,6.84,0.89,1905.24


148.96,6.86,0.78,1905.46


148.98,6.82,0.75,1905.67


149.00,6.85,0.89,1905.92


149.01,6.87,0.57,1906.08


149.03,6.84,0.75,1906.29


149.05,6.84,0.81,1906.52


149.07,6.85,0.83,1906.75


149.08,6.83,0.83,1906.99


149.10,6.85,0.81,1907.22


149.12,6.84,0.75,1907.43


149.13,6.84,0.73,1907.63


149.15,6.87,0.70,1907.83


149.17,6.85,0.86,1908.07


149.18,6.84,0.81,1908.30


149.20,6.85,0.75,1908.51


149.22,6.86,0.65,1908.70


149.23,6.84,0.73,1908.90


149.25,6.85,0.81,1909.13


149.27,6.84,0.67,1909.32


149.29,6.85,0.86,1909.56


149.30,6.85,0.73,1909.77


149.32,6.86,0.83,1910.00


149.34,6.83,0.78,1910.22


149.35,6.84,0.75,1910.44


149.37,6.86,0.91,1910.69


149.39,6.85,0.78,1910.91


149.40,6.84,0.96,1911.19


149.42,6.86,0.75,1911.40


149.44,6.85,0.73,1911.60


149.45,6.85,0.70,1911.80


149.47,6.84,0.67,1911.99


149.49,6.85,0.75,1912.20


149.51,6.86,0.89,1912.45


149.52,6.84,0.73,1912.66


149.54,6.84,0.75,1912.87


149.56,6.83,0.83,1913.11


149.57,6.86,0.81,1913.33


149.59,6.86,0.73,1913.54


149.61,6.84,0.78,1913.76


149.62,6.84,0.70,1913.96


149.64,6.86,0.75,1914.17


149.66,6.86,0.78,1914.39


149.67,6.84,0.67,1914.58


149.69,6.83,0.78,1914.80


149.71,6.84,0.75,1915.01


149.73,6.83,0.91,1915.27


149.74,6.87,0.70,1915.47


149.76,6.85,0.78,1915.69


149.78,6.84,0.67,1915.88


149.79,6.85,0.83,1916.11


149.81,6.85,0.67,1916.30


149.83,6.84,0.94,1916.57


149.84,6.86,0.83,1916.80


149.86,6.84,0.78,1917.02


149.88,6.82,0.75,1917.24


149.89,6.84,0.89,1917.49


149.91,6.87,0.67,1917.68


149.93,6.85,0.75,1917.89


149.95,6.84,0.60,1918.06


149.96,6.85,0.91,1918.31


149.98,6.85,0.78,1918.53


150.00,6.85,0.65,1918.72


150.01,6.84,0.89,1918.97


150.03,6.84,0.73,1919.17


150.05,6.85,0.86,1919.41


150.06,6.83,0.81,1919.64


150.08,6.83,0.65,1919.82


150.10,6.86,0.81,1920.05


150.11,6.84,0.78,1920.27


150.13,6.83,0.65,1920.45


150.15,6.84,0.78,1920.67


150.17,6.84,0.81,1920.90


150.18,6.86,0.70,1921.10


150.20,6.84,0.70,1921.30


150.22,6.84,0.75,1921.51


150.23,6.83,0.78,1921.73


150.25,6.85,0.81,1921.96


150.27,6.85,0.86,1922.20


150.28,6.82,0.75,1922.41


150.30,6.85,0.83,1922.65


150.32,6.83,0.86,1922.89


150.33,6.82,0.83,1923.12


150.35,6.85,0.75,1923.34


150.37,6.85,0.81,1923.57


150.39,6.86,0.73,1923.77


150.40,6.84,0.75,1923.98


150.42,6.83,0.78,1924.20


150.44,6.82,0.83,1924.44


150.45,6.82,0.89,1924.69


150.47,6.84,0.62,1924.86


150.49,6.85,0.65,1925.05


150.50,6.84,0.75,1925.26


150.52,6.82,0.89,1925.51


150.54,6.84,0.75,1925.72


150.55,6.84,0.89,1925.97


150.57,6.85,0.73,1926.18


150.59,6.84,0.75,1926.39


150.61,6.84,0.83,1926.62


150.62,6.86,0.65,1926.81


150.64,6.84,0.83,1927.04


150.66,6.84,0.83,1927.28


150.67,6.86,0.81,1927.50


150.69,6.85,0.75,1927.72


150.71,6.82,0.81,1927.94


150.72,6.84,0.65,1928.13


150.74,6.85,0.75,1928.34


150.76,6.86,0.73,1928.54


150.77,6.84,0.70,1928.74


150.79,6.82,0.65,1928.93


150.81,6.85,0.83,1929.16


150.83,6.82,0.91,1929.42


150.84,6.83,0.75,1929.63


150.86,6.83,0.75,1929.84


150.88,6.86,0.75,1930.06


150.89,6.83,0.83,1930.29


150.91,6.84,0.81,1930.52


150.93,6.83,0.83,1930.75


150.94,6.84,0.78,1930.97


150.96,6.86,0.81,1931.20


150.98,6.83,0.83,1931.44


151.00,6.84,0.78,1931.66


151.01,6.83,0.65,1931.84


151.03,6.84,0.67,1932.03


151.05,6.84,0.75,1932.24


151.06,6.84,0.81,1932.47


151.08,6.83,0.75,1932.68


151.10,6.83,0.83,1932.92


151.11,6.84,0.78,1933.14


151.13,6.83,0.86,1933.38


151.15,6.83,0.75,1933.59


151.16,6.86,0.81,1933.82


151.18,6.86,0.99,1934.10


151.20,6.84,0.75,1934.31


151.22,6.85,0.73,1934.52


151.23,6.84,0.70,1934.71


151.25,6.84,0.83,1934.95


151.27,6.85,0.83,1935.18


151.28,6.84,0.65,1935.37


151.30,6.83,0.73,1935.57


151.32,6.84,0.91,1935.83


151.33,6.83,0.65,1936.01


151.35,6.84,0.70,1936.21


151.37,6.86,1.04,1936.50


151.38,6.82,0.86,1936.75


151.40,6.83,0.65,1936.93


151.42,6.84,0.67,1937.12


151.44,6.84,0.83,1937.36


151.45,6.84,0.75,1937.57


151.47,6.85,0.91,1937.83


151.49,6.86,0.78,1938.05


151.50,6.83,0.67,1938.24


151.52,6.86,0.73,1938.44


151.54,6.83,0.78,1938.66


151.55,6.84,0.83,1938.90


151.57,6.84,0.73,1939.10


151.59,6.83,0.67,1939.29


151.60,6.84,0.70,1939.49


151.62,6.85,0.94,1939.75


151.64,6.84,0.94,1940.02


151.66,6.84,0.86,1940.26


151.67,6.85,0.81,1940.49


151.69,6.82,0.75,1940.70


151.71,6.85,0.83,1940.94


151.72,6.84,0.60,1941.10


151.74,6.84,0.70,1941.30


151.76,6.84,0.73,1941.51


151.77,6.84,0.62,1941.68


151.79,6.85,0.75,1941.89


151.81,6.84,0.75,1942.11


151.82,6.84,0.81,1942.33


151.84,6.84,0.81,1942.56


151.86,6.85,0.70,1942.76


151.88,6.84,0.89,1943.01


151.89,6.85,0.96,1943.28


151.91,6.83,0.67,1943.47


151.93,6.85,0.83,1943.71


151.94,6.84,0.62,1943.88


151.96,6.84,0.65,1944.07


151.98,6.84,0.81,1944.29


151.99,6.86,0.78,1944.51


152.01,6.82,0.75,1944.73


152.03,6.84,0.81,1944.95


152.04,6.86,0.62,1945.13


152.06,6.86,0.70,1945.33


152.08,6.85,0.81,1945.55


152.10,6.85,0.75,1945.77


152.11,6.84,0.81,1945.99


152.13,6.84,0.67,1946.18


152.15,6.84,0.86,1946.43


152.16,6.84,0.78,1946.65


152.18,6.85,0.83,1946.88


152.20,6.83,0.62,1947.06


152.21,6.83,0.73,1947.26


152.23,6.84,0.75,1947.47


152.25,6.84,0.94,1947.74


152.26,6.83,0.73,1947.94


152.28,6.86,0.94,1948.21


152.30,6.84,0.67,1948.40


152.32,6.82,0.81,1948.63


152.33,6.84,0.78,1948.85


152.35,6.84,0.70,1949.04


152.37,6.86,0.62,1949.22


152.38,6.85,0.81,1949.45


152.40,6.84,0.75,1949.66


152.42,6.84,0.91,1949.92


152.43,6.82,0.73,1950.12


152.45,6.84,0.70,1950.32


152.47,6.83,0.73,1950.52


152.48,6.82,0.70,1950.72


152.50,6.84,0.81,1950.95


152.52,6.82,0.62,1951.13


152.54,6.86,0.99,1951.40


152.55,6.84,0.65,1951.59


152.57,6.84,0.70,1951.79


152.59,6.85,0.83,1952.02


152.60,6.83,0.81,1952.25


152.62,6.84,0.73,1952.45


152.64,6.82,0.83,1952.69


152.65,6.84,0.73,1952.89


152.67,6.83,0.89,1953.14


152.69,6.84,0.75,1953.36


152.70,6.83,0.75,1953.57


152.72,6.84,0.81,1953.80


152.74,6.84,0.89,1954.05


152.76,6.83,0.78,1954.27


152.77,6.83,0.81,1954.49


152.79,6.83,0.78,1954.71


152.81,6.82,0.91,1954.97


152.82,6.84,0.73,1955.18


152.84,6.84,0.73,1955.38


152.86,6.84,0.75,1955.59


152.87,6.84,0.86,1955.84


152.89,6.83,0.67,1956.03


152.91,6.86,0.91,1956.28


152.92,6.85,0.96,1956.56


152.94,6.84,0.81,1956.78


152.96,6.82,0.81,1957.01


152.98,6.84,0.78,1957.23


152.99,6.83,0.89,1957.48


153.01,6.84,0.67,1957.67


153.03,6.82,0.75,1957.88


153.04,6.86,0.86,1958.13


153.06,6.85,0.89,1958.38


153.08,6.84,0.78,1958.60


153.09,6.83,0.75,1958.81


153.11,6.86,0.78,1959.03


153.13,6.84,0.81,1959.26


153.14,6.84,0.60,1959.42


153.16,6.85,0.86,1959.67


153.18,6.83,0.78,1959.89


153.20,6.86,0.78,1960.11


153.21,6.85,0.89,1960.36


153.23,6.82,0.78,1960.58


153.25,6.85,0.70,1960.77


153.26,6.85,0.67,1960.96


153.28,6.83,0.75,1961.18


153.30,6.83,0.67,1961.37


153.31,6.82,0.73,1961.57


153.33,6.82,0.62,1961.75


153.35,6.82,0.73,1961.95


153.36,6.83,0.91,1962.21


153.38,6.83,0.75,1962.42


153.40,6.83,0.81,1962.65


153.42,6.83,0.86,1962.89


153.43,6.83,0.70,1963.09


153.45,6.83,0.83,1963.33


153.47,6.81,0.73,1963.53


153.48,6.82,0.70,1963.73


153.50,6.82,0.65,1963.91


153.52,6.83,0.78,1964.13


153.53,6.82,0.62,1964.31


153.55,6.83,0.73,1964.51


153.57,6.83,0.67,1964.70


153.58,6.84,0.73,1964.91


153.60,6.82,0.83,1965.14


153.62,6.84,0.78,1965.36


153.64,6.82,0.96,1965.63


153.65,6.84,0.75,1965.85


153.67,6.83,0.83,1966.08


153.69,6.82,0.78,1966.30


153.70,6.82,0.78,1966.52


153.72,6.85,0.70,1966.72


153.74,6.84,0.78,1966.94


153.75,6.83,0.70,1967.14


153.77,6.84,0.70,1967.33


153.79,6.82,0.67,1967.52


153.80,6.83,0.67,1967.72


153.82,6.83,0.83,1967.95


153.84,6.82,0.65,1968.13


153.86,6.82,0.86,1968.38


153.87,6.83,0.73,1968.58


153.89,6.82,0.75,1968.79


153.91,6.83,0.83,1969.03


153.92,6.83,0.78,1969.25


153.94,6.82,0.83,1969.48


153.96,6.83,0.73,1969.69


153.97,6.86,0.99,1969.97


153.99,6.83,0.81,1970.20


154.01,6.84,0.75,1970.41


154.02,6.85,0.70,1970.61


154.04,6.82,0.70,1970.80


154.06,6.84,0.81,1971.03


154.08,6.83,0.86,1971.27


154.09,6.85,0.62,1971.45


154.11,6.83,0.81,1971.68


154.13,6.82,0.83,1971.91


154.14,6.84,0.73,1972.12


154.16,6.84,0.81,1972.34


154.18,6.84,0.73,1972.55


154.19,6.85,0.73,1972.75


154.21,6.82,0.67,1972.94


154.23,6.86,0.67,1973.13


154.24,6.84,0.83,1973.37


154.26,6.84,0.81,1973.60


154.28,6.83,0.75,1973.81


154.30,6.84,0.60,1973.98


154.31,6.82,0.60,1974.15


154.33,6.82,0.73,1974.35


154.35,6.84,0.75,1974.56


154.36,6.83,0.70,1974.76


154.38,6.82,0.78,1974.98


154.40,6.85,0.75,1975.19


154.41,6.84,0.73,1975.40


154.43,6.82,0.81,1975.63


154.45,6.82,0.73,1975.83


154.46,6.84,0.81,1976.06


154.48,6.83,0.65,1976.24


154.50,6.82,0.75,1976.45


154.52,6.82,0.81,1976.68


154.53,6.83,0.65,1976.87


154.55,6.83,0.62,1977.04


154.57,6.82,0.65,1977.22


154.58,6.82,0.78,1977.44


154.60,6.83,0.75,1977.66


154.62,6.82,0.75,1977.87


154.63,6.84,0.70,1978.07


154.65,6.83,0.78,1978.29


154.67,6.84,0.75,1978.50


154.68,6.85,0.78,1978.72


154.70,6.82,0.83,1978.95


154.72,6.84,0.70,1979.15


154.74,6.81,0.67,1979.34


154.75,6.82,0.78,1979.56


154.77,6.84,0.73,1979.77


154.79,6.82,0.75,1979.98


154.80,6.83,0.75,1980.19


154.82,6.81,0.73,1980.40


154.84,6.84,0.75,1980.61


154.85,6.81,0.70,1980.81


154.87,6.83,0.75,1981.02


154.89,6.83,0.70,1981.22


154.90,6.82,0.65,1981.40


154.92,6.83,0.73,1981.61


154.94,6.84,0.89,1981.86


154.96,6.85,0.81,1982.08


154.97,6.84,0.89,1982.33


154.99,6.83,0.57,1982.49


155.01,6.82,0.83,1982.73


155.02,6.83,0.83,1982.96


155.04,6.82,0.83,1983.20


155.06,6.82,0.62,1983.37


155.07,6.83,0.62,1983.55


155.09,6.83,0.78,1983.77


155.11,6.82,0.75,1983.98


155.12,6.84,0.86,1984.22


155.14,6.83,0.75,1984.44


155.16,6.83,0.89,1984.69


155.18,6.81,0.65,1984.87


155.19,6.82,0.70,1985.07


155.21,6.82,0.91,1985.32


155.23,6.84,0.78,1985.54


155.24,6.84,0.81,1985.77


155.26,6.82,0.73,1985.98


155.28,6.84,0.81,1986.21


155.29,6.83,0.78,1986.43


155.31,6.84,0.73,1986.63


155.33,6.84,0.70,1986.83


155.34,6.84,0.67,1987.02


155.36,6.84,0.75,1987.23


155.38,6.82,0.94,1987.50


155.40,6.84,0.73,1987.70


155.41,6.82,0.73,1987.91


155.43,6.80,0.86,1988.15


155.45,6.83,0.81,1988.38


155.46,6.83,0.89,1988.63


155.48,6.82,0.78,1988.85


155.50,6.83,0.83,1989.08


155.51,6.84,0.81,1989.31


155.53,6.82,0.78,1989.53


155.55,6.83,0.70,1989.73


155.56,6.84,0.70,1989.92


155.58,6.84,0.54,1990.08


155.60,6.82,0.78,1990.30


155.62,6.83,0.75,1990.51


155.63,6.83,0.89,1990.76


155.65,6.82,0.83,1990.99


155.67,6.82,0.86,1991.24


155.68,6.84,0.67,1991.43


155.70,6.84,0.70,1991.62


155.72,6.83,0.78,1991.84


155.73,6.84,0.73,1992.05


155.75,6.83,0.73,1992.26


155.77,6.82,0.67,1992.45


155.78,6.83,0.78,1992.67


155.80,6.83,0.67,1992.86


155.82,6.82,0.83,1993.09


155.84,6.82,0.81,1993.32


155.85,6.82,0.67,1993.51


155.87,6.83,0.86,1993.75


155.89,6.84,0.70,1993.95


155.90,6.84,0.86,1994.19


155.92,6.84,0.70,1994.39


155.94,6.83,0.73,1994.59


155.95,6.83,0.91,1994.85


155.97,6.84,0.81,1995.08


155.99,6.82,0.81,1995.31


156.00,6.84,0.78,1995.53


156.02,6.83,0.81,1995.75


156.04,6.83,0.86,1996.00


156.06,6.82,0.67,1996.19


156.07,6.82,0.78,1996.41


156.09,6.82,0.89,1996.66


156.11,6.82,0.78,1996.88


156.12,6.82,0.75,1997.09


156.14,6.82,0.67,1997.28


156.16,6.82,0.83,1997.51


156.17,6.84,0.75,1997.73


156.19,6.82,0.78,1997.95


156.21,6.82,0.86,1998.19


156.22,6.82,0.70,1998.39


156.24,6.83,0.75,1998.60


156.26,6.83,0.70,1998.80


156.28,6.82,0.65,1998.98


156.29,6.83,0.78,1999.20


156.31,6.82,0.60,1999.37


156.33,6.84,0.81,1999.59


156.34,6.82,0.73,1999.80


156.36,6.82,0.78,2000.02


156.38,6.83,0.75,2000.23


156.39,6.84,0.73,2000.44


156.41,6.82,0.73,2000.64


156.43,6.82,0.94,2000.91


156.44,6.84,0.75,2001.12


156.46,6.83,0.54,2001.27


156.48,6.80,0.67,2001.46


156.50,6.81,0.73,2001.67


156.51,6.81,0.54,2001.82


156.53,6.84,0.81,2002.05


156.55,6.84,0.81,2002.28


156.56,6.83,0.81,2002.50


156.58,6.82,0.70,2002.70


156.60,6.84,0.83,2002.94


156.61,6.82,0.75,2003.15


156.63,6.82,0.81,2003.38


156.65,6.83,0.75,2003.59


156.66,6.84,0.75,2003.80


156.68,6.83,0.73,2004.01


156.70,6.82,0.60,2004.18


156.72,6.83,0.91,2004.43


156.73,6.84,0.78,2004.65


156.75,6.85,0.75,2004.87


156.77,6.82,0.75,2005.08


156.78,6.83,0.81,2005.31


156.80,6.80,0.78,2005.53


156.82,6.81,0.81,2005.75


156.83,6.82,0.94,2006.02


156.85,6.82,0.83,2006.25


156.87,6.84,0.81,2006.48


156.88,6.82,0.94,2006.75


156.90,6.83,0.67,2006.94


156.92,6.82,0.81,2007.16


156.94,6.81,0.78,2007.38


156.95,6.82,0.70,2007.58


156.97,6.83,0.70,2007.78


156.99,6.80,0.67,2007.97


157.00,6.80,0.91,2008.23


157.02,6.82,0.73,2008.43


157.04,6.81,0.65,2008.61


157.05,6.82,0.67,2008.80


157.07,6.83,0.75,2009.02


157.09,6.83,0.75,2009.23


157.10,6.84,0.70,2009.43


157.12,6.82,0.78,2009.65


157.14,6.80,0.73,2009.85


157.16,6.82,0.78,2010.07


157.17,6.82,0.83,2010.31


157.19,6.83,0.70,2010.50


157.21,6.82,0.81,2010.73


157.22,6.82,0.86,2010.97


157.24,6.83,0.67,2011.16


157.26,6.83,0.75,2011.38


157.27,6.82,0.60,2011.55


157.29,6.82,0.83,2011.78


157.31,6.82,0.57,2011.94


157.32,6.81,0.75,2012.15


157.34,6.83,0.86,2012.40


157.36,6.81,0.81,2012.62


157.38,6.83,0.75,2012.84


157.39,6.84,0.83,2013.07


157.41,6.82,0.86,2013.31


157.43,6.82,0.70,2013.51


157.44,6.83,0.78,2013.73


157.46,6.81,0.70,2013.93


157.48,6.81,0.70,2014.13


157.49,6.83,0.60,2014.29


157.51,6.82,0.73,2014.50


157.53,6.81,0.67,2014.69


157.54,6.81,0.73,2014.89


157.56,6.82,0.75,2015.11


157.58,6.84,0.94,2015.37


157.60,6.83,0.83,2015.61


157.61,6.83,0.78,2015.83


157.63,6.81,0.86,2016.07


157.65,6.81,0.73,2016.27


157.66,6.78,0.78,2016.49


157.68,6.80,0.67,2016.68


157.70,6.83,0.83,2016.92


157.71,6.85,0.83,2017.15


157.73,6.81,0.73,2017.36


157.75,6.82,0.67,2017.55


157.76,6.81,0.73,2017.76


157.78,6.84,0.75,2017.97


157.80,6.83,0.81,2018.20


157.82,6.84,0.75,2018.41


157.83,6.81,0.62,2018.58


157.85,6.81,0.83,2018.82


157.87,6.83,0.67,2019.01


157.88,6.81,0.73,2019.21


157.90,6.81,0.73,2019.42


157.92,6.82,0.65,2019.60


157.93,6.82,0.62,2019.78


157.95,6.82,0.78,2020.00


157.97,6.80,0.65,2020.18


157.98,6.82,0.75,2020.39


158.00,6.82,0.78,2020.61


158.02,6.81,0.78,2020.83


158.04,6.83,0.83,2021.07


158.05,6.84,0.86,2021.31


158.07,6.81,0.62,2021.49


158.09,6.82,0.86,2021.73


158.10,6.82,0.94,2021.99


158.12,6.84,0.96,2022.27


158.14,6.82,0.75,2022.48


158.15,6.78,0.83,2022.71


158.17,6.83,0.78,2022.93


158.19,6.81,0.75,2023.15


158.20,6.82,0.89,2023.40


158.22,6.82,0.57,2023.56


158.24,6.83,0.70,2023.75


158.26,6.82,0.62,2023.93


158.27,6.80,0.78,2024.15


158.29,6.83,0.91,2024.41


158.31,6.82,0.89,2024.66


158.32,6.82,0.83,2024.89


158.34,6.83,0.70,2025.09


158.36,6.80,0.75,2025.30


158.37,6.81,0.62,2025.48


158.39,6.83,0.91,2025.73


158.41,6.80,0.83,2025.97


158.42,6.82,0.81,2026.20


158.44,6.81,0.94,2026.46


158.46,6.81,0.65,2026.65


158.48,6.81,0.78,2026.86


158.49,6.82,0.78,2027.09


158.51,6.83,0.78,2027.31


158.53,6.82,0.81,2027.53


158.54,6.81,0.75,2027.75


158.56,6.80,0.73,2027.95


158.58,6.82,0.83,2028.19


158.59,6.82,0.65,2028.37


158.61,6.80,0.91,2028.63


158.63,6.81,0.83,2028.86


158.64,6.81,0.89,2029.11


158.66,6.80,0.67,2029.30


158.68,6.83,0.75,2029.51


158.70,6.82,0.83,2029.75


158.71,6.80,0.70,2029.95


158.73,6.80,0.78,2030.17


158.75,6.81,0.81,2030.39


158.76,6.82,0.70,2030.59


158.78,6.78,0.54,2030.74


158.80,6.80,0.62,2030.92


158.81,6.81,0.75,2031.13


158.83,6.82,0.70,2031.33


158.85,6.82,0.70,2031.53


158.87,6.83,0.62,2031.70


158.88,6.82,0.78,2031.92


158.90,6.83,0.86,2032.17


158.92,6.82,0.83,2032.40


158.93,6.82,0.86,2032.64


158.95,6.80,0.78,2032.86


158.97,6.84,0.75,2033.08


158.98,6.82,0.67,2033.27


159.00,6.84,0.81,2033.49


159.02,6.82,0.70,2033.69


159.03,6.81,0.67,2033.88


159.05,6.82,0.75,2034.09


159.07,6.82,0.75,2034.31


159.09,6.79,0.81,2034.53


159.10,6.80,0.60,2034.70


159.12,6.82,0.75,2034.92


159.14,6.81,0.83,2035.15


159.15,6.80,0.89,2035.40


159.17,6.82,0.89,2035.65


159.19,6.81,0.89,2035.90


159.20,6.82,0.83,2036.14


159.22,6.80,0.83,2036.37


159.24,6.84,0.89,2036.62


159.25,6.81,0.73,2036.82


159.27,6.82,0.86,2037.07


159.29,6.80,0.83,2037.30


159.31,6.83,0.86,2037.54


159.32,6.82,0.70,2037.74


159.34,6.82,0.78,2037.96


159.36,6.80,0.94,2038.23


159.37,6.83,0.89,2038.48


159.39,6.81,0.67,2038.67


159.41,6.80,0.75,2038.88


159.42,6.80,0.67,2039.07


159.44,6.82,0.73,2039.28


159.46,6.82,0.83,2039.51


159.47,6.82,0.78,2039.73


159.49,6.80,0.75,2039.94


159.51,6.81,0.75,2040.16


159.53,6.81,0.75,2040.37


159.54,6.80,0.94,2040.63


159.56,6.80,0.81,2040.86


159.58,6.83,0.91,2041.12


159.59,6.80,0.62,2041.29


159.61,6.83,0.89,2041.54


159.63,6.82,0.65,2041.73


159.64,6.81,0.65,2041.91


159.66,6.81,0.78,2042.13


159.68,6.81,0.75,2042.34


159.69,6.81,0.94,2042.61


159.71,6.82,0.78,2042.83


159.73,6.82,0.62,2043.00


159.75,6.82,0.70,2043.20


159.76,6.81,0.73,2043.40


159.78,6.83,0.73,2043.61


159.80,6.80,0.57,2043.77


159.81,6.81,0.73,2043.98


159.83,6.83,0.89,2044.23


159.85,6.80,0.75,2044.44


159.86,6.80,0.78,2044.66


159.88,6.80,0.65,2044.84


159.90,6.81,0.75,2045.05


159.91,6.81,0.73,2045.26


159.93,6.80,0.67,2045.45


159.95,6.81,0.89,2045.70


159.97,6.81,0.67,2045.89


159.98,6.81,0.73,2046.09


160.00,6.83,0.89,2046.34


160.02,6.81,0.73,2046.55


160.03,6.81,0.73,2046.75


160.05,6.82,0.86,2047.00


160.07,6.82,0.81,2047.22


160.08,6.81,0.91,2047.48


160.10,6.80,0.67,2047.67


160.12,6.82,0.91,2047.93


160.13,6.79,0.86,2048.17


160.15,6.81,0.67,2048.36


160.17,6.80,0.75,2048.57


160.19,6.80,0.81,2048.80


160.20,6.80,0.73,2049.01


160.22,6.80,0.75,2049.22


160.24,6.81,0.78,2049.44


160.25,6.81,0.81,2049.67


160.27,6.81,0.65,2049.85


160.29,6.80,0.73,2050.06


160.30,6.80,0.91,2050.31


160.32,6.81,0.83,2050.55


160.34,6.82,0.83,2050.78


160.35,6.80,0.83,2051.02


160.37,6.80,0.65,2051.20


160.39,6.80,0.70,2051.40


160.41,6.81,0.86,2051.64


160.42,6.80,0.96,2051.91


160.44,6.79,0.91,2052.17


160.46,6.80,0.62,2052.34


160.47,6.82,0.99,2052.62


160.49,6.80,0.91,2052.88


160.51,6.81,0.73,2053.09


160.52,6.81,0.73,2053.29


160.54,6.80,0.73,2053.50


160.56,6.80,0.73,2053.70


160.57,6.81,0.86,2053.94


160.59,6.81,0.75,2054.16


160.61,6.81,0.78,2054.38


160.63,6.80,0.81,2054.60


160.64,6.81,0.73,2054.81


160.66,6.80,0.81,2055.04


160.68,6.82,0.75,2055.25


160.69,6.80,0.86,2055.49


160.71,6.83,0.81,2055.72


160.73,6.80,0.75,2055.93


160.74,6.80,0.73,2056.14


160.76,6.82,0.67,2056.33


160.78,6.81,0.75,2056.54


160.79,6.81,0.78,2056.76


160.81,6.82,0.83,2056.99


160.83,6.80,0.81,2057.22


160.85,6.80,0.75,2057.43


160.86,6.82,0.75,2057.65


160.88,6.82,0.75,2057.86


160.90,6.80,0.81,2058.09


160.91,6.79,0.75,2058.30


160.93,6.80,0.81,2058.53


160.95,6.79,0.81,2058.75


160.96,6.80,0.83,2058.99


160.98,6.81,0.91,2059.25


161.00,6.79,0.78,2059.47


161.01,6.82,0.83,2059.70


161.03,6.82,0.78,2059.92


161.05,6.80,0.81,2060.15


161.07,6.80,0.78,2060.37


161.08,6.79,0.86,2060.61


161.10,6.83,0.75,2060.82


161.12,6.82,0.86,2061.07


161.13,6.80,0.57,2061.23


161.15,6.81,0.83,2061.46


161.17,6.79,0.75,2061.67


161.18,6.82,0.86,2061.92


161.20,6.81,0.73,2062.12


161.22,6.80,0.86,2062.36


161.23,6.82,0.81,2062.59


161.25,6.79,0.70,2062.79


161.27,6.79,0.75,2063.00


161.29,6.79,0.75,2063.21


161.30,6.80,0.75,2063.43


161.32,6.79,0.83,2063.66


161.34,6.80,0.65,2063.84


161.35,6.80,0.78,2064.06


161.37,6.79,0.81,2064.29


161.39,6.81,0.78,2064.51


161.40,6.80,0.81,2064.74


161.42,6.80,0.81,2064.97


161.44,6.81,0.78,2065.19


161.45,6.79,0.81,2065.41


161.47,6.81,0.94,2065.68


161.49,6.80,0.81,2065.91


161.51,6.78,0.67,2066.10


161.52,6.80,0.83,2066.33


161.54,6.79,0.67,2066.52


161.56,6.82,0.81,2066.75


161.57,6.80,0.78,2066.97


161.59,6.79,0.81,2067.20


161.61,6.82,0.78,2067.42


161.62,6.81,0.89,2067.67


161.64,6.79,0.54,2067.82


161.66,6.80,0.75,2068.03


161.67,6.81,0.67,2068.22


161.69,6.80,0.81,2068.45


161.71,6.81,0.94,2068.71


161.73,6.81,0.89,2068.96


161.74,6.81,0.81,2069.19


161.76,6.81,0.70,2069.39


161.78,6.81,0.70,2069.59


161.79,6.80,0.75,2069.80


161.81,6.81,0.70,2070.00


161.83,6.81,0.78,2070.22


161.84,6.82,0.89,2070.47


161.86,6.82,0.81,2070.69


161.88,6.79,0.65,2070.88


161.89,6.79,0.70,2071.07


161.91,6.80,0.78,2071.29


161.93,6.80,0.83,2071.53


161.95,6.80,0.75,2071.74


161.96,6.82,0.86,2071.98


161.98,6.81,0.83,2072.22


162.00,6.81,0.70,2072.42


162.01,6.79,0.65,2072.60


162.03,6.81,0.70,2072.80


162.05,6.82,0.81,2073.02


162.06,6.81,0.73,2073.23


162.08,6.82,0.70,2073.43


162.10,6.80,0.62,2073.60


162.11,6.82,0.60,2073.77


162.13,6.80,0.75,2073.98


162.15,6.80,0.73,2074.19


162.17,6.82,0.73,2074.39


162.18,6.80,0.81,2074.62


162.20,6.80,0.83,2074.86


162.22,6.81,0.60,2075.02


162.23,6.80,0.83,2075.26


162.25,6.81,0.70,2075.46


162.27,6.82,0.78,2075.68


162.28,6.80,0.78,2075.90


162.30,6.80,0.83,2076.13


162.32,6.80,0.70,2076.33


162.33,6.81,0.81,2076.56


162.35,6.79,0.81,2076.78


162.37,6.80,0.86,2077.03


162.39,6.78,0.75,2077.24


162.40,6.80,0.78,2077.46


162.42,6.80,0.75,2077.67


162.44,6.79,0.83,2077.91


162.45,6.80,0.73,2078.11


162.47,6.82,0.89,2078.36


162.49,6.80,0.70,2078.56


162.50,6.78,0.89,2078.81


162.52,6.78,0.67,2079.00


162.54,6.82,0.86,2079.24


162.55,6.81,0.86,2079.48


162.57,6.82,0.81,2079.71


162.59,6.80,0.73,2079.92


162.61,6.79,0.86,2080.16


162.62,6.81,0.86,2080.40


162.64,6.80,0.73,2080.61


162.66,6.79,0.81,2080.83


162.67,6.79,0.67,2081.02


162.69,6.78,0.83,2081.26


162.71,6.80,0.73,2081.46


162.72,6.80,0.75,2081.68


162.74,6.79,0.75,2081.89


162.76,6.80,0.94,2082.15


162.77,6.80,0.62,2082.33


162.79,6.80,0.73,2082.53


162.81,6.81,0.75,2082.75


162.83,6.83,0.83,2082.98


162.84,6.80,0.89,2083.23


162.86,6.80,0.78,2083.45


162.88,6.81,0.89,2083.70


162.89,6.80,0.60,2083.87


162.91,6.79,0.78,2084.09


162.93,6.79,0.81,2084.32


162.94,6.80,0.65,2084.50


162.96,6.81,0.81,2084.73


162.98,6.79,0.67,2084.92


162.99,6.80,0.67,2085.11


163.01,6.80,0.67,2085.30


163.03,6.82,0.67,2085.49


163.05,6.80,0.81,2085.72


163.06,6.80,0.78,2085.94


163.08,6.80,0.86,2086.18


163.10,6.77,0.75,2086.39


163.11,6.78,0.75,2086.60


163.13,6.80,0.62,2086.78


163.15,6.81,0.89,2087.03


163.16,6.81,0.81,2087.26


163.18,6.80,0.70,2087.45


163.20,6.80,0.75,2087.67


163.21,6.80,0.81,2087.89


163.23,6.82,0.57,2088.05


163.25,6.81,0.60,2088.22


163.27,6.80,0.60,2088.39


163.28,6.79,0.78,2088.61


163.30,6.82,0.75,2088.82


163.32,6.81,0.83,2089.06


163.33,6.82,0.81,2089.29


163.35,6.81,0.75,2089.50


163.37,6.80,0.67,2089.69


163.38,6.82,0.83,2089.92


163.40,6.80,0.78,2090.14


163.42,6.80,0.81,2090.37


163.43,6.79,0.83,2090.61


163.45,6.79,0.86,2090.85


163.47,6.80,0.67,2091.04


163.49,6.79,0.78,2091.26


163.50,6.80,0.81,2091.49


163.52,6.79,0.75,2091.70


163.54,6.79,0.60,2091.87


163.55,6.81,0.73,2092.07


163.57,6.81,0.83,2092.31


163.59,6.81,0.86,2092.55


163.60,6.80,0.86,2092.79


163.62,6.79,0.83,2093.03


163.64,6.81,0.70,2093.22


163.65,6.80,0.81,2093.45


163.67,6.80,0.73,2093.66


163.69,6.80,0.75,2093.87


163.71,6.78,0.70,2094.07


163.72,6.79,0.91,2094.32


163.74,6.80,0.75,2094.54


163.76,6.82,0.91,2094.79


163.77,6.80,0.91,2095.05


163.79,6.80,0.67,2095.24


163.81,6.80,0.65,2095.42


163.82,6.81,0.81,2095.65


163.84,6.78,0.67,2095.84


163.86,6.78,0.75,2096.05


163.87,6.80,0.91,2096.31


163.89,6.82,0.78,2096.53


163.91,6.82,0.57,2096.69


163.93,6.82,0.73,2096.90


163.94,6.77,0.83,2097.13


163.96,6.80,0.78,2097.35


163.98,6.78,0.78,2097.57


163.99,6.79,0.78,2097.79


164.01,6.80,0.70,2097.99


164.03,6.80,0.91,2098.25


164.04,6.81,0.83,2098.48


164.06,6.80,0.67,2098.67


164.08,6.81,0.86,2098.91


164.09,6.78,0.70,2099.11


164.11,6.81,0.78,2099.33


164.13,6.78,0.65,2099.51


164.15,6.79,0.62,2099.69


164.16,6.79,0.67,2099.88


164.18,6.80,0.75,2100.09


164.20,6.80,0.86,2100.34


164.21,6.78,0.70,2100.53


164.23,6.78,0.83,2100.77


164.25,6.82,0.81,2101.00


164.26,6.78,0.78,2101.22


164.28,6.79,0.67,2101.41


164.30,6.78,0.67,2101.60


164.31,6.80,0.73,2101.80


164.33,6.80,0.70,2102.00


164.35,6.81,0.73,2102.20


164.37,6.81,0.86,2102.45


164.38,6.80,0.78,2102.67


164.40,6.81,0.78,2102.89


164.42,6.78,0.73,2103.09


164.43,6.82,0.60,2103.26


164.45,6.80,0.65,2103.44


164.47,6.80,0.78,2103.66


164.48,6.81,0.96,2103.94


164.50,6.78,0.62,2104.11


164.52,6.82,0.78,2104.33


164.54,6.80,0.73,2104.54


164.55,6.79,0.83,2104.77


164.57,6.81,0.86,2105.01


164.59,6.80,0.78,2105.23


164.60,6.80,0.78,2105.45


164.62,6.82,0.83,2105.69


164.64,6.77,0.67,2105.88


164.65,6.78,0.91,2106.14


164.67,6.79,0.75,2106.35


164.69,6.78,0.67,2106.54


164.70,6.78,0.78,2106.76


164.72,6.79,0.94,2107.02


164.74,6.80,0.67,2107.21


164.76,6.79,0.52,2107.36


164.77,6.79,0.89,2107.61


164.79,6.79,0.86,2107.85


164.81,6.79,0.78,2108.07


164.82,6.79,0.81,2108.30


164.84,6.79,0.75,2108.51


164.86,6.81,0.78,2108.73


164.87,6.80,0.86,2108.97


164.89,6.79,0.81,2109.20


164.91,6.80,0.78,2109.42


164.92,6.79,0.86,2109.66


164.94,6.80,0.81,2109.89


164.96,6.82,0.78,2110.11


164.98,6.80,0.73,2110.32


164.99,6.81,0.73,2110.52


165.01,6.80,0.70,2110.72


165.03,6.80,0.78,2110.94


165.04,6.81,0.91,2111.20


165.06,6.81,0.73,2111.40


165.08,6.80,0.67,2111.59


165.09,6.81,0.75,2111.80


165.11,6.80,0.99,2112.08


165.13,6.80,0.70,2112.28


165.14,6.78,0.65,2112.47


165.16,6.78,0.75,2112.68


165.18,6.81,0.75,2112.89


165.20,6.80,0.73,2113.10


165.21,6.78,0.75,2113.31


165.23,6.78,0.62,2113.48


165.25,6.81,0.83,2113.72


165.26,6.79,0.70,2113.92


165.28,6.78,0.78,2114.14


165.30,6.79,0.57,2114.30


165.31,6.80,0.75,2114.51


165.33,6.78,0.91,2114.77


165.35,6.79,0.96,2115.04


165.36,6.79,0.67,2115.23


165.38,6.80,0.78,2115.45


165.40,6.79,0.89,2115.70


165.42,6.81,0.65,2115.88


165.43,6.80,0.81,2116.11


165.45,6.77,0.73,2116.31


165.47,6.79,0.91,2116.57


165.48,6.80,0.83,2116.81


165.50,6.78,0.81,2117.03


165.52,6.79,0.81,2117.26


165.53,6.79,0.81,2117.49


165.55,6.81,0.89,2117.74


165.57,6.79,0.78,2117.96


165.58,6.78,0.78,2118.18


165.60,6.78,0.73,2118.38


165.62,6.80,0.70,2118.58


165.64,6.80,0.83,2118.82


165.65,6.80,0.67,2119.01


165.67,6.80,0.78,2119.23


165.69,6.79,0.73,2119.43


165.70,6.81,0.62,2119.61


165.72,6.79,0.65,2119.79


165.74,6.79,0.62,2119.96


165.75,6.81,0.73,2120.17


165.77,6.78,0.81,2120.40


165.79,6.79,0.86,2120.64


165.80,6.79,0.86,2120.88


165.82,6.81,0.78,2121.10


165.84,6.80,0.94,2121.37


165.86,6.78,0.75,2121.58


165.87,6.80,0.83,2121.81


165.89,6.79,0.73,2122.02


165.91,6.78,0.86,2122.26


165.92,6.79,0.67,2122.45


165.94,6.79,0.70,2122.65


165.96,6.78,0.89,2122.90


165.97,6.81,0.60,2123.07


165.99,6.79,0.73,2123.27


166.01,6.80,0.86,2123.52


166.02,6.81,0.91,2123.77


166.04,6.78,0.62,2123.95


166.06,6.79,0.81,2124.18


166.08,6.79,0.62,2124.35


166.09,6.80,0.70,2124.55


166.11,6.80,0.78,2124.77


166.13,6.78,0.70,2124.97


166.14,6.78,0.70,2125.16


166.16,6.80,0.94,2125.43


166.18,6.79,0.96,2125.70


166.19,6.78,0.81,2125.93


166.21,6.80,0.75,2126.14


166.23,6.77,0.75,2126.35


166.24,6.80,0.86,2126.59


166.26,6.78,0.78,2126.81


166.28,6.80,0.65,2127.00


166.30,6.76,0.78,2127.22


166.31,6.79,0.73,2127.42


166.33,6.79,0.91,2127.68


166.35,6.78,0.75,2127.89


166.36,6.79,0.81,2128.12


166.38,6.80,0.81,2128.35


166.40,6.80,0.65,2128.53


166.41,6.78,0.62,2128.71


166.43,6.81,0.73,2128.91


166.45,6.81,0.67,2129.10


166.46,6.79,0.73,2129.31


166.48,6.78,0.83,2129.54


166.50,6.81,0.75,2129.75


166.52,6.81,0.62,2129.93


166.53,6.80,0.75,2130.14


166.55,6.78,0.81,2130.37


166.57,6.78,0.75,2130.58


166.58,6.79,0.89,2130.83


166.60,6.79,0.75,2131.04


166.62,6.79,0.83,2131.28


166.63,6.77,0.78,2131.50


166.65,6.82,0.75,2131.71


166.67,6.78,0.81,2131.94


166.68,6.78,0.78,2132.16


166.70,6.79,0.94,2132.43


166.72,6.79,0.73,2132.63


166.74,6.79,0.78,2132.85


166.75,6.81,0.70,2133.05


166.77,6.78,0.67,2133.24


166.79,6.81,0.65,2133.42


166.80,6.80,0.73,2133.63


166.82,6.79,0.86,2133.87


166.84,6.80,0.70,2134.07


166.85,6.79,0.75,2134.28


166.87,6.80,0.75,2134.49


166.89,6.78,0.91,2134.75


166.90,6.80,0.49,2134.89


166.92,6.78,0.81,2135.11


166.94,6.79,0.86,2135.36


166.96,6.79,0.75,2135.57


166.97,6.79,0.83,2135.80


166.99,6.80,0.70,2136.00


167.01,6.80,0.86,2136.24


167.02,6.80,0.73,2136.45


167.04,6.78,0.94,2136.72


167.06,6.80,0.78,2136.94


167.07,6.81,0.70,2137.13


167.09,6.80,0.86,2137.38


167.11,6.81,0.89,2137.62


167.12,6.80,0.70,2137.82


167.14,6.78,0.91,2138.08


167.16,6.78,0.83,2138.31


167.18,6.79,0.83,2138.55


167.19,6.80,0.83,2138.78


167.21,6.78,0.75,2139.00


167.23,6.79,0.94,2139.26


167.24,6.80,0.78,2139.48


167.26,6.80,0.73,2139.69


167.28,6.80,0.86,2139.93


167.29,6.80,0.70,2140.13


167.31,6.78,0.62,2140.30


167.33,6.78,0.73,2140.51


167.34,6.77,0.78,2140.73


167.36,6.80,0.89,2140.98


167.38,6.78,0.62,2141.15


167.40,6.77,0.81,2141.38


167.41,6.81,0.86,2141.62


167.43,6.78,0.78,2141.84


167.45,6.79,0.67,2142.03


167.46,6.79,0.62,2142.21


167.48,6.79,0.75,2142.42


167.50,6.78,0.78,2142.64


167.51,6.78,0.83,2142.88


167.53,6.79,0.81,2143.10


167.55,6.80,0.73,2143.31


167.56,6.79,0.73,2143.51


167.58,6.78,0.86,2143.76


167.60,6.79,0.81,2143.98


167.62,6.77,0.89,2144.23


167.63,6.80,0.70,2144.43


167.65,6.81,0.75,2144.64


167.67,6.80,0.86,2144.89


167.68,6.79,0.75,2145.10


167.70,6.77,0.60,2145.27


167.72,6.78,0.62,2145.44


167.73,6.81,0.81,2145.67


167.75,6.78,0.83,2145.90


167.77,6.77,0.81,2146.13


167.78,6.79,0.83,2146.37


167.80,6.78,0.75,2146.58


167.82,6.78,0.73,2146.78


167.84,6.79,0.54,2146.94


167.85,6.77,0.81,2147.16


167.87,6.79,0.83,2147.40


167.89,6.76,0.65,2147.58


167.90,6.78,0.70,2147.78


167.92,6.79,0.75,2147.99


167.94,6.80,0.81,2148.22


167.95,6.81,0.89,2148.47


167.97,6.78,0.75,2148.68


167.99,6.80,0.78,2148.90


168.00,6.78,0.91,2149.16


168.02,6.80,0.89,2149.41


168.04,6.79,0.65,2149.59


168.06,6.79,0.73,2149.80


168.07,6.79,0.81,2150.02


168.09,6.81,0.67,2150.21


168.11,6.79,0.62,2150.39


168.12,6.77,0.67,2150.58


168.14,6.80,0.83,2150.82


168.16,6.77,0.78,2151.04


168.17,6.79,0.78,2151.26


168.19,6.76,0.83,2151.49


168.21,6.80,0.78,2151.71


168.22,6.77,0.70,2151.91


168.24,6.77,0.83,2152.14


168.26,6.79,0.81,2152.37


168.28,6.77,0.73,2152.58


168.29,6.80,0.70,2152.77


168.31,6.76,0.67,2152.96


168.33,6.76,0.78,2153.18


168.34,6.78,0.70,2153.38


168.36,6.78,0.75,2153.59


168.38,6.78,0.75,2153.81


168.39,6.79,0.81,2154.03


168.41,6.77,0.70,2154.23


168.43,6.79,0.73,2154.44


168.44,6.79,0.75,2154.65


168.46,6.78,0.91,2154.91


168.48,6.80,0.75,2155.12


168.50,6.78,0.75,2155.33


168.51,6.78,0.81,2155.56


168.53,6.78,0.67,2155.75


168.55,6.78,0.65,2155.93


168.56,6.78,0.70,2156.13


168.58,6.78,0.86,2156.37


168.60,6.78,0.78,2156.59


168.61,6.77,0.73,2156.80


168.63,6.79,0.86,2157.04


168.65,6.77,0.67,2157.23


168.66,6.78,0.67,2157.42


168.68,6.78,0.73,2157.63


168.70,6.78,0.83,2157.86


168.72,6.77,0.49,2158.00


168.73,6.80,0.91,2158.26


168.75,6.77,0.70,2158.45


168.77,6.77,0.81,2158.68


168.78,6.78,0.75,2158.89


168.80,6.78,0.78,2159.11


168.82,6.78,0.89,2159.36


168.83,6.78,0.81,2159.59


168.85,6.77,0.73,2159.80


168.87,6.78,0.75,2160.01


168.88,6.81,0.60,2160.18


168.90,6.79,0.75,2160.39


168.92,6.77,0.73,2160.59


168.94,6.80,0.83,2160.83


168.95,6.78,0.67,2161.02


168.97,6.78,0.78,2161.24


168.99,6.77,0.73,2161.44


169.00,6.76,0.78,2161.66


169.02,6.78,0.89,2161.91


169.04,6.78,0.67,2162.10


169.05,6.76,0.81,2162.33


169.07,6.78,0.67,2162.52


169.09,6.79,0.73,2162.73


169.10,6.78,0.75,2162.94


169.12,6.77,0.91,2163.20


169.14,6.78,0.70,2163.39


169.16,6.76,0.81,2163.62


169.17,6.79,0.75,2163.83


169.19,6.77,0.83,2164.07


169.21,6.78,0.67,2164.26


169.22,6.76,0.75,2164.47


169.24,6.78,0.75,2164.68


169.26,6.76,0.86,2164.93


169.27,6.78,0.75,2165.14


169.29,6.78,0.89,2165.39


169.31,6.79,0.78,2165.61


169.32,6.80,0.70,2165.81


169.34,6.78,0.89,2166.06


169.36,6.77,0.78,2166.28


169.38,6.78,0.83,2166.51


169.39,6.76,0.73,2166.72


169.41,6.77,0.73,2166.92


169.43,6.78,0.78,2167.14


169.44,6.78,0.78,2167.36


169.46,6.77,0.65,2167.55


169.48,6.77,0.70,2167.74


169.49,6.79,0.86,2167.99


169.51,6.77,0.67,2168.18


169.53,6.77,0.81,2168.40


169.54,6.76,0.73,2168.61


169.56,6.77,0.73,2168.81


169.58,6.77,0.86,2169.06


169.60,6.78,0.81,2169.28


169.61,6.78,0.78,2169.50


169.63,6.78,0.65,2169.69


169.65,6.78,0.81,2169.91


169.66,6.78,0.62,2170.09


169.68,6.79,0.83,2170.32


169.70,6.77,0.86,2170.57


169.71,6.78,0.65,2170.75


169.73,6.77,0.86,2170.99


169.75,6.76,0.75,2171.20


169.76,6.77,0.89,2171.45


169.78,6.76,0.70,2171.65


169.80,6.75,0.70,2171.85


169.82,6.80,0.86,2172.09


169.83,6.78,0.78,2172.31


169.85,6.78,0.70,2172.51


169.87,6.78,0.75,2172.72


169.88,6.77,0.65,2172.90


169.90,6.77,0.75,2173.12


169.92,6.74,0.78,2173.34


169.93,6.78,0.89,2173.59


169.95,6.78,0.70,2173.78


169.97,6.76,0.67,2173.97


169.98,6.76,0.57,2174.13


170.00,6.80,0.78,2174.35


170.02,6.78,0.86,2174.60


170.04,6.80,0.70,2174.79


170.05,6.78,0.73,2175.00


170.07,6.78,0.70,2175.20


170.09,6.78,0.75,2175.41


170.10,6.77,0.75,2175.62


170.12,6.79,0.86,2175.86


170.14,6.76,0.73,2176.07


170.15,6.78,0.81,2176.30


170.17,6.80,0.81,2176.52


170.19,6.77,0.67,2176.72


170.21,6.78,0.65,2176.90


170.22,6.78,0.86,2177.14


170.24,6.78,0.70,2177.34


170.26,6.78,0.78,2177.56


170.27,6.78,0.73,2177.76


170.29,6.77,0.81,2177.99


170.31,6.78,0.70,2178.19


170.32,6.79,0.75,2178.40


170.34,6.75,0.81,2178.63


170.36,6.77,0.94,2178.89


170.37,6.76,0.70,2179.09


170.39,6.77,0.75,2179.30


170.41,6.76,0.70,2179.50


170.43,6.78,0.75,2179.71


170.44,6.80,0.70,2179.91


170.46,6.76,0.91,2180.17


170.48,6.78,0.73,2180.37


170.49,6.78,0.67,2180.56


170.51,6.79,0.62,2180.74


170.53,6.80,0.81,2180.97


170.54,6.77,0.70,2181.16


170.56,6.78,0.75,2181.38


170.58,6.78,0.81,2181.60


170.59,6.77,0.78,2181.82


170.61,6.76,0.78,2182.04


170.63,6.77,0.65,2182.23


170.65,6.78,0.94,2182.49


170.66,6.76,0.62,2182.67


170.68,6.78,0.62,2182.84


170.70,6.78,0.73,2183.05


170.71,6.79,0.83,2183.28


170.73,6.79,0.67,2183.47


170.75,6.77,0.75,2183.69


170.76,6.76,0.86,2183.93


170.78,6.77,0.60,2184.10


170.80,6.78,0.70,2184.29


170.81,6.78,0.67,2184.48


170.83,6.79,0.65,2184.67


170.85,6.78,0.99,2184.95


170.87,6.78,0.83,2185.18


170.88,6.78,0.65,2185.36


170.90,6.78,0.94,2185.63


170.92,6.78,0.86,2185.87


170.93,6.77,0.86,2186.11


170.95,6.78,0.81,2186.34


170.97,6.76,0.70,2186.54


170.98,6.76,0.73,2186.74


171.00,6.76,0.73,2186.95


171.02,6.78,0.70,2187.15


171.03,6.79,0.75,2187.36


171.05,6.77,0.73,2187.56


171.07,6.79,0.86,2187.81


171.09,6.78,0.67,2188.00


171.10,6.78,0.78,2188.22


171.12,6.76,0.67,2188.41


171.14,6.78,0.67,2188.60


171.15,6.78,0.75,2188.81


171.17,6.76,0.67,2189.00


171.19,6.78,0.94,2189.27


171.20,6.77,0.83,2189.50


171.22,6.78,0.67,2189.69


171.24,6.78,0.78,2189.91


171.25,6.77,0.75,2190.12


171.27,6.77,0.75,2190.34


171.29,6.78,0.60,2190.50


171.31,6.78,0.70,2190.70


171.32,6.76,0.75,2190.91


171.34,6.78,0.73,2191.12


171.36,6.78,0.86,2191.36


171.37,6.77,0.60,2191.53


171.39,6.78,0.70,2191.73


171.41,6.79,0.86,2191.97


171.42,6.79,1.02,2192.26


171.44,6.80,0.78,2192.48


171.46,6.77,0.73,2192.68


171.47,6.77,0.78,2192.90


171.49,6.78,0.73,2193.11


171.51,6.77,0.75,2193.32


171.53,6.78,0.81,2193.55


171.54,6.74,0.70,2193.74


171.56,6.80,0.86,2193.99


171.58,6.76,0.78,2194.21


171.59,6.77,0.73,2194.41


171.61,6.77,0.67,2194.60


171.63,6.78,0.73,2194.81


171.64,6.79,0.70,2195.00


171.66,6.78,0.65,2195.19


171.68,6.78,0.75,2195.40


171.69,6.75,0.73,2195.60


171.71,6.78,0.67,2195.80


171.73,6.79,0.78,2196.02


171.75,6.78,0.86,2196.26


171.76,6.77,0.62,2196.43


171.78,6.76,0.65,2196.62


171.80,6.76,0.70,2196.81


171.81,6.79,0.89,2197.06


171.83,6.76,0.73,2197.27


171.85,6.78,0.73,2197.47


171.86,6.78,0.75,2197.69


171.88,6.78,0.67,2197.88


171.90,6.78,0.75,2198.09


171.91,6.79,0.67,2198.28


171.93,6.78,0.67,2198.47


171.95,6.76,0.65,2198.65


171.97,6.79,0.83,2198.89


171.98,6.77,0.78,2199.11


172.00,6.76,0.70,2199.31


172.02,6.77,0.70,2199.50


172.03,6.76,0.65,2199.69


172.05,6.78,0.83,2199.92


172.07,6.80,0.75,2200.13


172.08,6.76,0.75,2200.35


172.10,6.79,0.83,2200.58


172.12,6.75,0.89,2200.83


172.13,6.78,0.67,2201.02


172.15,6.76,0.65,2201.20


172.17,6.76,0.75,2201.42


172.19,6.78,0.60,2201.58


172.20,6.80,0.83,2201.82


172.22,6.77,0.78,2202.04


172.24,6.78,0.62,2202.21


172.25,6.75,0.70,2202.41


172.27,6.76,0.78,2202.63


172.29,6.75,0.60,2202.80


172.30,6.80,0.94,2203.06


172.32,6.77,0.83,2203.30


172.34,6.77,0.78,2203.52


172.35,6.76,0.60,2203.69


172.37,6.79,0.81,2203.91


172.39,6.78,0.89,2204.16


172.41,6.77,0.60,2204.33


172.42,6.78,0.67,2204.52


172.44,6.76,0.75,2204.74


172.46,6.76,0.73,2204.94


172.47,6.78,0.67,2205.13


172.49,6.79,0.81,2205.36


172.51,6.78,0.81,2205.59


172.52,6.79,0.65,2205.77


172.54,6.77,0.94,2206.03


172.56,6.76,0.75,2206.25


172.57,6.76,0.65,2206.43


172.59,6.76,0.73,2206.63


172.61,6.79,0.86,2206.88


172.63,6.76,0.65,2207.06


172.64,6.76,0.65,2207.24


172.66,6.77,0.65,2207.42


172.68,6.76,0.57,2207.58


172.69,6.78,0.81,2207.81


172.71,6.75,0.78,2208.03


172.73,6.76,0.83,2208.27


172.74,6.77,0.65,2208.45


172.76,6.78,0.70,2208.65


172.78,6.79,0.81,2208.88


172.79,6.74,0.52,2209.02


172.81,6.75,0.70,2209.22


172.83,6.76,0.75,2209.43


172.85,6.77,0.62,2209.61


172.86,6.75,0.70,2209.80


172.88,6.78,0.65,2209.99


172.90,6.76,0.83,2210.22


172.91,6.75,0.70,2210.42


172.93,6.76,0.60,2210.59


172.95,6.76,0.65,2210.77


172.96,6.74,0.78,2210.99


172.98,6.76,0.81,2211.22


173.00,6.78,0.78,2211.44


173.01,6.76,0.70,2211.63


173.03,6.78,0.81,2211.86


173.05,6.76,0.94,2212.13


173.07,6.77,0.70,2212.32


173.08,6.77,0.75,2212.54


173.10,6.76,0.81,2212.76


173.12,6.77,0.65,2212.95


173.13,6.76,0.75,2213.16


173.15,6.76,0.70,2213.36


173.17,6.79,0.73,2213.56


173.18,6.74,0.60,2213.73


173.20,6.77,0.75,2213.94


173.22,6.75,0.65,2214.13


173.23,6.76,0.86,2214.37


173.25,6.78,0.83,2214.60


173.27,6.77,0.81,2214.83


173.29,6.78,0.65,2215.01


173.30,6.77,0.78,2215.23


173.32,6.76,0.67,2215.42


173.34,6.78,0.86,2215.67


173.35,6.77,0.89,2215.92


173.37,6.76,0.67,2216.11


173.39,6.76,0.57,2216.27


173.40,6.77,0.75,2216.48


173.42,6.76,0.75,2216.69


173.44,6.74,0.65,2216.87


173.45,6.78,0.75,2217.09


173.47,6.76,0.70,2217.28


173.49,6.78,0.73,2217.49


173.51,6.75,0.65,2217.67


173.52,6.76,0.86,2217.91


173.54,6.76,0.78,2218.13


173.56,6.77,0.81,2218.36


173.57,6.76,0.73,2218.57


173.59,6.76,0.60,2218.73


173.61,6.76,0.65,2218.92


173.62,6.76,0.73,2219.12


173.64,6.77,0.83,2219.36


173.66,6.76,0.91,2219.61


173.67,6.76,0.70,2219.81


173.69,6.80,0.54,2219.96


173.71,6.76,0.67,2220.16


173.73,6.77,0.67,2220.35


173.74,6.75,0.78,2220.57


173.76,6.75,0.81,2220.79


173.78,6.75,0.81,2221.02


173.79,6.76,0.62,2221.20


173.81,6.75,0.73,2221.40


173.83,6.77,0.73,2221.61


173.84,6.77,0.73,2221.81


173.86,6.77,0.86,2222.05


173.88,6.77,0.75,2222.27


173.89,6.76,0.70,2222.46


173.91,6.76,0.75,2222.68


173.93,6.75,0.65,2222.86


173.95,6.77,0.91,2223.12


173.96,6.77,0.89,2223.37


173.98,6.77,0.78,2223.59


174.00,6.77,0.62,2223.76


174.01,6.74,0.62,2223.94


174.03,6.77,0.89,2224.19


174.05,6.76,0.70,2224.38


174.06,6.76,0.86,2224.63


174.08,6.77,0.65,2224.81


174.10,6.77,0.75,2225.02


174.11,6.78,0.83,2225.26


174.13,6.77,0.78,2225.48


174.15,6.74,0.65,2225.66


174.17,6.78,0.81,2225.89


174.18,6.77,0.60,2226.05


174.20,6.75,0.81,2226.28


174.22,6.78,0.75,2226.49


174.23,6.78,0.86,2226.74


174.25,6.75,0.73,2226.94


174.27,6.74,0.83,2227.18


174.28,6.76,0.78,2227.40


174.30,6.75,0.75,2227.61


174.32,6.78,0.75,2227.82


174.33,6.78,0.89,2228.07


174.35,6.76,0.81,2228.30


174.37,6.77,0.67,2228.49


174.39,6.75,0.75,2228.70


174.40,6.76,0.73,2228.91


174.42,6.76,0.78,2229.13


174.44,6.77,0.73,2229.33


174.45,6.76,0.75,2229.54


174.47,6.76,0.70,2229.74


174.49,6.76,0.78,2229.96


174.50,6.76,0.73,2230.17


174.52,6.76,0.83,2230.40


174.54,6.77,0.75,2230.62


174.55,6.77,0.73,2230.82


174.57,6.77,0.78,2231.04


174.59,6.76,0.86,2231.28


174.61,6.74,0.67,2231.47


174.62,6.77,0.70,2231.67


174.64,6.75,0.65,2231.85


174.66,6.77,0.75,2232.07


174.67,6.76,0.78,2232.29


174.69,6.75,0.62,2232.46


174.71,6.76,0.75,2232.67


174.72,6.76,0.78,2232.89


174.74,6.77,0.75,2233.11


174.76,6.75,0.62,2233.28


174.77,6.76,0.70,2233.48


174.79,6.78,0.81,2233.71


174.81,6.76,0.73,2233.91


174.83,6.76,0.73,2234.12


174.84,6.74,0.65,2234.30


174.86,6.76,0.62,2234.48


174.88,6.75,0.65,2234.66


174.89,6.77,0.81,2234.89


174.91,6.79,0.67,2235.08


174.93,6.74,0.78,2235.30


174.94,6.76,0.81,2235.52


174.96,6.77,0.86,2235.77


174.98,6.77,0.67,2235.96


174.99,6.77,0.67,2236.15


175.01,6.75,0.75,2236.36


175.03,6.76,0.60,2236.53


175.05,6.76,0.75,2236.74


175.06,6.76,0.78,2236.96


175.08,6.78,0.78,2237.18


175.10,6.76,0.62,2237.35


175.11,6.76,0.67,2237.54


175.13,6.77,0.67,2237.74


175.15,6.76,0.67,2237.93


175.16,6.76,0.78,2238.15


175.18,6.76,0.70,2238.34


175.20,6.75,0.67,2238.53


175.21,6.76,0.67,2238.72


175.23,6.76,0.78,2238.94


175.25,6.75,0.70,2239.14


175.27,6.75,0.78,2239.36


175.28,6.76,0.73,2239.57


175.30,6.77,0.65,2239.75


175.32,6.76,0.65,2239.93


175.33,6.75,0.70,2240.13


175.35,6.77,0.75,2240.34


175.37,6.77,0.62,2240.52


175.38,6.76,0.86,2240.76


175.40,6.77,0.73,2240.97


175.42,6.75,0.65,2241.15


175.43,6.74,0.89,2241.40


175.45,6.75,0.62,2241.57


175.47,6.76,0.89,2241.82


175.49,6.76,0.62,2242.00


175.50,6.77,0.83,2242.23


175.52,6.77,0.62,2242.41


175.54,6.77,0.81,2242.64


175.55,6.74,0.91,2242.89


175.57,6.77,0.70,2243.09


175.59,6.77,0.73,2243.30


175.60,6.79,0.75,2243.51


175.62,6.76,0.94,2243.77


175.64,6.76,0.70,2243.97


175.65,6.76,0.94,2244.24


175.67,6.77,0.81,2244.46


175.69,6.74,0.67,2244.65


175.71,6.76,0.81,2244.88


175.72,6.76,0.78,2245.10


175.74,6.76,0.75,2245.31


175.76,6.77,0.75,2245.53


175.77,6.75,0.73,2245.73


175.79,6.76,0.81,2245.96


175.81,6.75,0.73,2246.16


175.82,6.75,0.83,2246.40


175.84,6.76,0.65,2246.58


175.86,6.74,0.65,2246.76


175.87,6.76,0.75,2246.98


175.89,6.76,0.67,2247.17


175.91,6.76,0.75,2247.38


175.93,6.74,0.70,2247.58


175.94,6.76,0.67,2247.77


175.96,6.76,0.94,2248.03


175.98,6.75,0.86,2248.28


175.99,6.72,0.67,2248.47


176.01,6.78,0.70,2248.66


176.03,6.75,0.81,2248.89


176.04,6.75,0.83,2249.13


176.06,6.75,0.70,2249.32


176.08,6.76,0.75,2249.54


176.09,6.77,0.62,2249.71


176.11,6.74,0.70,2249.91


176.13,6.77,0.65,2250.09


176.15,6.77,0.67,2250.28


176.16,6.76,0.75,2250.49


176.18,6.77,0.62,2250.67


176.20,6.75,0.75,2250.88


176.21,6.77,0.73,2251.09


176.23,6.74,0.81,2251.31


176.25,6.73,0.83,2251.55


176.26,6.74,0.86,2251.79


176.28,6.74,0.83,2252.03


176.30,6.76,0.83,2252.26


176.31,6.77,0.70,2252.46


176.33,6.75,0.70,2252.66


176.35,6.75,0.54,2252.81


176.37,6.77,0.70,2253.01


176.38,6.75,0.83,2253.24


176.40,6.76,0.67,2253.43


176.42,6.76,0.62,2253.61


176.43,6.76,0.78,2253.83


176.45,6.76,0.73,2254.03


176.47,6.75,0.73,2254.24


176.48,6.78,0.81,2254.47


176.50,6.77,0.86,2254.71


176.52,6.76,0.75,2254.92


176.53,6.76,0.81,2255.15


176.55,6.75,0.67,2255.34


176.57,6.75,0.78,2255.56


176.59,6.75,0.73,2255.76


176.60,6.74,0.81,2255.99


176.62,6.75,0.75,2256.20


176.64,6.74,0.62,2256.38


176.65,6.76,0.78,2256.60


176.67,6.76,0.75,2256.81


176.69,6.76,0.70,2257.01


176.70,6.76,0.78,2257.23


176.72,6.74,0.73,2257.43


176.74,6.75,0.75,2257.65


176.75,6.75,0.81,2257.88


176.77,6.74,0.73,2258.08


176.79,6.75,0.81,2258.31


176.81,6.74,0.73,2258.51


176.82,6.76,0.73,2258.72


176.84,6.77,0.81,2258.95


176.86,6.75,0.65,2259.13


176.87,6.76,0.78,2259.35


176.89,6.74,0.65,2259.53


176.91,6.77,0.60,2259.70


176.92,6.74,0.81,2259.93


176.94,6.73,0.75,2260.14


176.96,6.75,0.70,2260.34


176.98,6.75,0.73,2260.54


176.99,6.75,0.83,2260.78


177.01,6.75,0.89,2261.03


177.03,6.74,0.49,2261.16


177.04,6.74,0.67,2261.35


177.06,6.75,0.57,2261.52


177.08,6.74,0.70,2261.71


177.09,6.73,0.75,2261.93


177.11,6.76,0.70,2262.12


177.13,6.76,0.78,2262.34


177.14,6.76,0.73,2262.55


177.16,6.76,0.89,2262.80


177.18,6.75,0.70,2263.00


177.20,6.75,0.65,2263.18


177.21,6.77,0.67,2263.37


177.23,6.74,0.86,2263.61


177.25,6.74,0.65,2263.79


177.26,6.75,0.73,2264.00


177.28,6.74,0.65,2264.18


177.30,6.74,0.86,2264.42


177.31,6.75,0.70,2264.62


177.33,6.74,0.83,2264.86


177.35,6.75,0.67,2265.05


177.36,6.75,0.75,2265.26


177.38,6.73,0.75,2265.47


177.40,6.75,0.83,2265.71


177.42,6.76,0.78,2265.93


177.43,6.74,0.78,2266.15


177.45,6.74,0.65,2266.33


177.47,6.76,0.75,2266.54


177.48,6.76,0.73,2266.75


177.50,6.74,0.60,2266.92


177.52,6.75,0.78,2267.14


177.53,6.75,0.73,2267.34


177.55,6.73,0.89,2267.59


177.57,6.75,0.73,2267.80


177.58,6.74,0.67,2267.99


177.60,6.76,0.70,2268.18


177.62,6.74,0.65,2268.37


177.64,6.75,0.81,2268.59


177.65,6.76,0.73,2268.80


177.67,6.75,0.78,2269.02


177.69,6.74,0.62,2269.19


177.70,6.74,0.78,2269.41


177.72,6.76,0.73,2269.62


177.74,6.77,0.78,2269.84


177.75,6.75,0.75,2270.05


177.77,6.75,0.73,2270.26


177.79,6.74,0.91,2270.51


177.80,6.75,0.67,2270.70


177.82,6.74,0.67,2270.90


177.84,6.73,0.81,2271.12


177.86,6.72,0.73,2271.33


177.87,6.75,0.75,2271.54


177.89,6.74,0.73,2271.75


177.91,6.75,0.73,2271.95


177.92,6.75,0.65,2272.13


177.94,6.74,0.75,2272.35


177.96,6.74,0.86,2272.59


177.97,6.73,0.78,2272.81


177.99,6.74,0.70,2273.01


178.01,6.75,0.81,2273.23


178.02,6.76,0.65,2273.42


178.04,6.74,0.65,2273.60


178.06,6.75,0.52,2273.75


178.08,6.73,0.75,2273.96


178.09,6.72,0.91,2274.22


178.11,6.74,0.62,2274.39


178.13,6.74,0.78,2274.61


178.14,6.74,0.81,2274.84


178.16,6.74,0.70,2275.04


178.18,6.72,0.62,2275.21


178.19,6.76,0.70,2275.41


178.21,6.74,0.75,2275.62


178.23,6.75,0.75,2275.83


178.24,6.72,0.67,2276.02


178.26,6.73,0.73,2276.23


178.28,6.74,0.75,2276.44


178.30,6.74,0.75,2276.65


178.31,6.74,0.70,2276.85


178.33,6.75,0.86,2277.09


178.35,6.76,0.75,2277.31


178.36,6.74,0.75,2277.52


178.38,6.74,0.65,2277.70


178.40,6.74,0.75,2277.91


178.41,6.75,0.73,2278.12


178.43,6.74,0.81,2278.35


178.45,6.73,0.83,2278.58


178.46,6.76,0.83,2278.82


178.48,6.76,0.57,2278.98


178.50,6.73,0.67,2279.17


178.52,6.76,0.65,2279.35


178.53,6.74,0.81,2279.58


178.55,6.75,0.86,2279.82


178.57,6.72,0.89,2280.07


178.58,6.74,0.78,2280.29


178.60,6.76,0.78,2280.51


178.62,6.75,0.81,2280.74


178.63,6.74,0.89,2280.99


178.65,6.73,0.73,2281.19


178.67,6.73,0.73,2281.40


178.68,6.76,0.65,2281.58


178.70,6.75,0.75,2281.79


178.72,6.75,0.67,2281.98


178.74,6.73,0.75,2282.20


178.75,6.76,0.65,2282.38


178.77,6.75,0.75,2282.59


178.79,6.72,0.67,2282.78


178.80,6.75,0.81,2283.01


178.82,6.75,0.65,2283.19


178.84,6.76,0.89,2283.44


178.85,6.77,0.62,2283.62


178.87,6.74,0.81,2283.84


178.89,6.73,0.60,2284.01


178.90,6.74,0.78,2284.23


178.92,6.73,0.73,2284.44


178.94,6.72,0.78,2284.66


178.96,6.74,0.73,2284.86


178.97,6.76,0.89,2285.11


178.99,6.73,0.89,2285.36


179.01,6.74,0.81,2285.59


179.02,6.73,0.70,2285.79


179.04,6.75,0.86,2286.03


179.06,6.74,0.75,2286.24


179.07,6.76,0.67,2286.43


179.09,6.72,0.75,2286.65


179.11,6.72,0.62,2286.82


179.12,6.74,0.75,2287.03


179.14,6.74,0.65,2287.22


179.16,6.74,0.65,2287.40


179.18,6.75,0.62,2287.57


179.19,6.75,0.70,2287.77


179.21,6.74,0.70,2287.97


179.23,6.73,0.78,2288.19


179.24,6.74,0.62,2288.37


179.26,6.75,0.78,2288.59


179.28,6.72,0.62,2288.76


179.29,6.73,0.78,2288.98


179.31,6.74,0.60,2289.15


179.33,6.75,0.73,2289.35


179.34,6.75,0.62,2289.53


179.36,6.74,0.62,2289.70


179.38,6.72,0.67,2289.90


179.40,6.75,0.67,2290.09


179.41,6.71,0.78,2290.31


179.43,6.74,0.70,2290.50


179.45,6.75,0.81,2290.73


179.46,6.73,0.73,2290.94


179.48,6.73,0.70,2291.13


179.50,6.72,0.81,2291.36


179.51,6.73,0.73,2291.57


179.53,6.74,0.70,2291.76


179.55,6.75,0.73,2291.97


179.56,6.74,0.75,2292.18


179.58,6.74,0.78,2292.40


179.60,6.73,0.65,2292.58


179.62,6.74,0.73,2292.79


179.63,6.74,0.57,2292.95


179.65,6.73,0.83,2293.18


179.67,6.72,0.96,2293.46


179.68,6.72,0.94,2293.72


179.70,6.72,1.02,2294.01


179.72,6.72,0.60,2294.18


179.73,6.74,0.62,2294.35


179.75,6.74,0.89,2294.60


179.77,6.72,0.67,2294.79


179.78,6.73,0.75,2295.00


179.80,6.73,0.57,2295.16


179.82,6.72,0.73,2295.37


179.84,6.73,0.67,2295.56


179.85,6.72,0.78,2295.78


179.87,6.72,0.81,2296.01


179.89,6.71,0.70,2296.21


179.90,6.72,0.70,2296.40


179.92,6.74,0.73,2296.61


179.94,6.72,0.54,2296.76


179.95,6.74,0.81,2296.99


179.97,6.71,0.78,2297.21


179.99,6.73,0.52,2297.35


180.00,6.74,0.67,2297.54


180.02,6.72,0.83,2297.78


180.04,6.73,0.81,2298.01


180.06,6.73,0.83,2298.24


180.07,6.74,0.65,2298.42


180.09,6.72,0.86,2298.67


180.11,6.73,0.62,2298.84


180.12,6.73,0.73,2299.05


180.14,6.74,0.75,2299.26


180.16,6.75,0.83,2299.50


180.17,6.72,0.83,2299.73


180.19,6.73,0.81,2299.96


180.21,6.72,0.94,2300.22


180.22,6.73,0.60,2300.39


180.24,6.73,0.75,2300.60


180.26,6.73,0.67,2300.79


180.28,6.72,0.73,2301.00


180.29,6.71,0.89,2301.25


180.31,6.72,0.78,2301.47


180.33,6.72,0.70,2301.67


180.34,6.73,0.81,2301.89


180.36,6.74,0.65,2302.08


180.38,6.71,0.67,2302.27


180.39,6.74,0.86,2302.51


180.41,6.72,0.78,2302.73


180.43,6.71,0.78,2302.95


180.44,6.74,0.94,2303.21


180.46,6.72,0.89,2303.46


180.48,6.74,0.73,2303.67


180.50,6.71,0.83,2303.90


180.51,6.73,0.78,2304.12


180.53,6.74,0.67,2304.31


180.55,6.73,0.70,2304.51


180.56,6.74,0.67,2304.70


180.58,6.74,0.67,2304.89


180.60,6.74,0.81,2305.12


180.61,6.71,0.75,2305.33


180.63,6.74,0.60,2305.50


180.65,6.71,0.94,2305.76


180.66,6.71,0.78,2305.99


180.68,6.74,0.86,2306.23


180.70,6.74,0.81,2306.45


180.72,6.72,0.78,2306.68


180.73,6.74,0.94,2306.94


180.75,6.72,0.73,2307.14


180.77,6.72,0.78,2307.36


180.78,6.73,0.67,2307.56


180.80,6.73,0.91,2307.81


180.82,6.74,0.65,2308.00


180.83,6.72,0.57,2308.16


180.85,6.72,0.73,2308.36


180.87,6.72,0.73,2308.57


180.88,6.72,0.65,2308.75


180.90,6.72,0.73,2308.95


180.92,6.72,0.67,2309.14


180.94,6.75,0.73,2309.35


180.95,6.73,0.73,2309.55


180.97,6.73,0.57,2309.71


180.99,6.70,0.65,2309.90


181.00,6.72,0.83,2310.13


181.02,6.72,0.65,2310.32


181.04,6.70,0.75,2310.53


181.05,6.73,0.91,2310.79


181.07,6.74,0.67,2310.98


181.09,6.72,0.81,2311.20


181.10,6.73,0.67,2311.39


181.12,6.70,0.81,2311.62


181.14,6.72,0.83,2311.86


181.16,6.72,0.70,2312.05


181.17,6.72,0.83,2312.29


181.19,6.75,0.86,2312.53


181.21,6.72,0.78,2312.75


181.22,6.72,0.75,2312.96


181.24,6.75,0.94,2313.23


181.26,6.71,0.70,2313.43


181.27,6.73,0.70,2313.62


181.29,6.74,0.73,2313.83


181.31,6.73,0.78,2314.05


181.32,6.75,0.83,2314.28


181.34,6.72,0.96,2314.56


181.36,6.71,0.78,2314.78


181.38,6.72,0.75,2314.99


181.39,6.72,0.57,2315.15


181.41,6.72,0.57,2315.31


181.43,6.74,0.89,2315.56


181.44,6.73,0.78,2315.78


181.46,6.74,0.83,2316.01


181.48,6.73,0.70,2316.21


181.49,6.72,0.67,2316.40


181.51,6.70,0.70,2316.60


181.53,6.72,0.83,2316.83


181.55,6.72,0.73,2317.04


181.56,6.74,0.65,2317.22


181.58,6.71,0.86,2317.47


181.60,6.73,0.86,2317.71


181.61,6.72,0.73,2317.91


181.63,6.73,0.65,2318.10


181.65,6.73,0.75,2318.31


181.66,6.74,0.75,2318.52


181.68,6.72,0.78,2318.74


181.70,6.74,0.81,2318.97


181.71,6.72,0.70,2319.17


181.73,6.73,0.96,2319.44


181.75,6.70,0.65,2319.62


181.77,6.72,0.83,2319.86


181.78,6.74,0.62,2320.03


181.80,6.72,0.78,2320.25


181.82,6.74,0.83,2320.49


181.83,6.74,0.70,2320.68


181.85,6.72,0.73,2320.89


181.87,6.74,0.67,2321.08


181.88,6.71,0.91,2321.34


181.90,6.73,0.83,2321.57


181.92,6.74,0.83,2321.81


181.93,6.72,0.75,2322.02


181.95,6.72,0.89,2322.27


181.97,6.72,0.75,2322.48


181.99,6.72,0.78,2322.70


182.00,6.73,0.91,2322.96


182.02,6.72,0.83,2323.20


182.04,6.70,0.78,2323.42


182.05,6.74,0.73,2323.62


182.07,6.74,0.81,2323.85


182.09,6.72,0.73,2324.05


182.10,6.71,0.83,2324.29


182.12,6.73,0.75,2324.50


182.14,6.70,0.81,2324.73


182.15,6.70,0.67,2324.92


182.17,6.70,0.75,2325.13


182.19,6.72,0.67,2325.32


182.21,6.71,0.70,2325.52


182.22,6.72,0.83,2325.75


182.24,6.72,0.65,2325.94


182.26,6.70,0.75,2326.15


182.27,6.72,0.70,2326.35


182.29,6.72,0.83,2326.58


182.31,6.72,0.67,2326.77


182.32,6.70,0.81,2327.00


182.34,6.72,0.73,2327.20


182.36,6.74,0.49,2327.34


182.37,6.71,0.70,2327.54


182.39,6.72,0.75,2327.75


182.41,6.71,0.67,2327.94


182.43,6.72,0.62,2328.12


182.44,6.70,0.62,2328.29


182.46,6.73,0.73,2328.50


182.48,6.71,0.94,2328.76


182.49,6.70,0.89,2329.01


182.51,6.71,0.81,2329.24


182.53,6.72,0.75,2329.45


182.54,6.72,0.78,2329.67


182.56,6.72,0.89,2329.92


182.58,6.72,0.96,2330.20


182.59,6.72,0.78,2330.42


182.61,6.71,0.62,2330.59


182.63,6.72,0.70,2330.79


182.65,6.69,0.83,2331.02


182.66,6.70,0.67,2331.21


182.68,6.70,0.75,2331.43


182.70,6.72,0.91,2331.68


182.71,6.71,0.81,2331.91


182.73,6.70,0.73,2332.12


182.75,6.73,0.81,2332.34


182.76,6.70,0.78,2332.56


182.78,6.70,0.81,2332.79


182.80,6.70,0.91,2333.05


182.81,6.69,0.67,2333.24


182.83,6.71,0.70,2333.44


182.85,6.72,0.70,2333.63


182.87,6.69,0.86,2333.88


182.88,6.71,0.73,2334.08


182.90,6.73,0.78,2334.30


182.92,6.70,0.65,2334.49


182.93,6.69,0.73,2334.69


182.95,6.73,0.75,2334.90


182.97,6.68,0.89,2335.15


182.98,6.71,0.94,2335.42


183.00,6.72,0.75,2335.63


183.02,6.72,0.57,2335.79


183.03,6.71,0.75,2336.00


183.05,6.69,0.99,2336.28


183.07,6.70,0.78,2336.50


183.09,6.70,0.73,2336.71


183.10,6.71,0.86,2336.95


183.12,6.70,0.75,2337.16


183.14,6.72,0.78,2337.38


183.15,6.70,0.78,2337.60


183.17,6.72,0.62,2337.78


183.19,6.72,0.75,2337.99


183.20,6.71,0.89,2338.24


183.22,6.70,0.70,2338.44


183.24,6.72,0.70,2338.64


183.25,6.71,0.67,2338.83


183.27,6.72,0.75,2339.04


183.29,6.69,0.62,2339.21


183.31,6.70,0.75,2339.43


183.32,6.70,0.62,2339.60


183.34,6.72,0.65,2339.78


183.36,6.72,0.70,2339.98


183.37,6.70,0.62,2340.16


183.39,6.70,0.65,2340.34


183.41,6.71,0.78,2340.56


183.42,6.70,0.75,2340.77


183.44,6.72,0.73,2340.98


183.46,6.72,0.73,2341.18


183.47,6.72,0.65,2341.37


183.49,6.70,0.75,2341.58


183.51,6.72,0.89,2341.83


183.53,6.70,0.81,2342.05


183.54,6.74,0.62,2342.23


183.56,6.71,0.81,2342.46


183.58,6.73,0.62,2342.63


183.59,6.70,0.78,2342.85


183.61,6.71,0.67,2343.04


183.63,6.70,0.62,2343.22


183.64,6.71,0.73,2343.42


183.66,6.70,0.78,2343.64


183.68,6.70,0.62,2343.82


183.69,6.72,0.78,2344.04


183.71,6.72,0.65,2344.22


183.73,6.70,0.70,2344.42


183.75,6.71,0.73,2344.63


183.76,6.70,0.78,2344.85


183.78,6.69,0.57,2345.01


183.80,6.70,0.67,2345.20


183.81,6.72,0.67,2345.39


183.83,6.70,0.70,2345.58


183.85,6.72,0.75,2345.80


183.86,6.70,0.81,2346.02


183.88,6.70,0.83,2346.26


183.90,6.70,0.70,2346.46


183.91,6.70,0.62,2346.63


183.93,6.70,0.70,2346.83


183.95,6.68,0.73,2347.03


183.97,6.72,0.78,2347.25


183.98,6.70,0.65,2347.44


184.00,6.70,0.78,2347.66


184.02,6.68,0.81,2347.89


184.03,6.69,0.62,2348.06


184.05,6.72,0.67,2348.25


184.07,6.72,0.65,2348.43


184.08,6.71,0.86,2348.68


184.10,6.69,0.62,2348.85


184.12,6.71,0.73,2349.06


184.13,6.72,0.75,2349.27


184.15,6.71,0.62,2349.44


184.17,6.70,0.81,2349.67


184.19,6.69,0.70,2349.87


184.20,6.71,0.78,2350.09


184.22,6.73,0.78,2350.31


184.24,6.71,0.78,2350.53


184.25,6.71,0.73,2350.73


184.27,6.70,0.81,2350.96


184.29,6.69,0.75,2351.17


184.30,6.69,0.65,2351.36


184.32,6.69,0.89,2351.61


184.34,6.70,0.75,2351.82


184.35,6.71,0.65,2352.00


184.37,6.70,0.54,2352.16


184.39,6.69,0.75,2352.37


184.41,6.69,0.91,2352.62


184.42,6.71,0.78,2352.84


184.44,6.70,0.75,2353.06


184.46,6.70,0.81,2353.28


184.47,6.70,0.86,2353.53


184.49,6.71,0.75,2353.74


184.51,6.70,0.89,2353.99


184.52,6.70,0.75,2354.20


184.54,6.69,0.83,2354.44


184.56,6.70,0.78,2354.66


184.57,6.71,0.67,2354.85


184.59,6.68,0.78,2355.07


184.61,6.70,0.83,2355.30


184.63,6.71,0.67,2355.49


184.64,6.71,0.73,2355.70


184.66,6.70,0.67,2355.89


184.68,6.70,0.78,2356.11


184.69,6.70,0.67,2356.30


184.71,6.72,0.75,2356.51


184.73,6.71,0.86,2356.75


184.74,6.69,0.62,2356.93


184.76,6.69,0.65,2357.11


184.78,6.70,0.73,2357.32


184.79,6.70,0.78,2357.54


184.81,6.70,0.70,2357.73


184.83,6.70,0.67,2357.92


184.85,6.71,0.73,2358.13


184.86,6.70,0.89,2358.38


184.88,6.72,0.83,2358.61


184.90,6.68,0.75,2358.83


184.91,6.68,0.78,2359.05


184.93,6.71,0.73,2359.25


184.95,6.70,0.62,2359.43


184.96,6.70,0.70,2359.63


184.98,6.71,0.83,2359.86


185.00,6.70,0.70,2360.06


185.01,6.70,0.73,2360.26


185.03,6.70,0.75,2360.48


185.05,6.69,0.83,2360.71


185.07,6.71,0.78,2360.93


185.08,6.70,0.75,2361.14


185.10,6.69,0.73,2361.35


185.12,6.68,0.78,2361.57


185.13,6.68,0.73,2361.77


185.15,6.70,0.75,2361.99


185.17,6.70,0.67,2362.18


185.18,6.70,0.73,2362.38


185.20,6.68,0.73,2362.59


185.22,6.71,0.62,2362.76


185.23,6.69,0.73,2362.97


185.25,6.70,0.67,2363.16


185.27,6.72,0.54,2363.31


185.29,6.70,0.75,2363.52


185.30,6.69,0.78,2363.74


185.32,6.69,0.78,2363.96


185.34,6.68,0.62,2364.14


185.35,6.70,0.83,2364.37


185.37,6.69,0.86,2364.62


185.39,6.72,0.70,2364.81


185.40,6.68,0.65,2365.00


185.42,6.69,0.78,2365.22


185.44,6.68,0.89,2365.47


185.45,6.68,0.75,2365.68


185.47,6.69,0.78,2365.90


185.49,6.70,0.75,2366.11


185.51,6.69,0.81,2366.34


185.52,6.68,0.67,2366.53


185.54,6.70,0.78,2366.75


185.56,6.69,0.81,2366.98


185.57,6.70,0.75,2367.19


185.59,6.71,0.78,2367.41


185.61,6.68,0.81,2367.64


185.62,6.68,0.89,2367.89


185.64,6.69,0.70,2368.08


185.66,6.70,0.67,2368.27


185.67,6.70,0.86,2368.52


185.69,6.71,0.81,2368.74


185.71,6.69,0.75,2368.96


185.73,6.68,0.70,2369.15


185.74,6.69,0.78,2369.37


185.76,6.70,0.81,2369.60


185.78,6.70,0.78,2369.82


185.79,6.69,0.81,2370.05


185.81,6.70,0.78,2370.27


185.83,6.70,0.83,2370.50


185.84,6.69,0.73,2370.71


185.86,6.68,0.78,2370.93


185.88,6.68,0.73,2371.13


185.89,6.70,0.83,2371.37


185.91,6.71,0.91,2371.63


185.93,6.70,0.78,2371.85


185.95,6.69,0.75,2372.06


185.96,6.71,0.73,2372.26


185.98,6.70,0.83,2372.50


186.00,6.71,0.73,2372.70


186.01,6.69,0.67,2372.89


186.03,6.71,0.65,2373.08


186.05,6.70,0.57,2373.24


186.06,6.69,0.86,2373.48


186.08,6.68,0.86,2373.72


186.10,6.69,0.73,2373.93


186.11,6.70,0.70,2374.12


186.13,6.69,0.65,2374.31


186.15,6.70,0.83,2374.54


186.17,6.70,0.75,2374.75


186.18,6.68,0.78,2374.97


186.20,6.68,0.78,2375.19


186.22,6.69,0.73,2375.40


186.23,6.70,0.75,2375.61


186.25,6.69,0.78,2375.83


186.27,6.69,0.83,2376.07


186.28,6.70,0.86,2376.31


186.30,6.68,0.75,2376.52


186.32,6.69,0.60,2376.69


186.33,6.67,0.75,2376.90


186.35,6.68,0.62,2377.08


186.37,6.71,0.91,2377.34


186.39,6.69,0.81,2377.56


186.40,6.68,0.81,2377.79


186.42,6.68,0.67,2377.98


186.44,6.70,0.67,2378.17


186.45,6.69,0.60,2378.34


186.47,6.71,0.70,2378.54


186.49,6.68,0.73,2378.74


186.50,6.70,0.78,2378.96


186.52,6.68,0.70,2379.16


186.54,6.69,0.62,2379.33


186.55,6.69,0.67,2379.52


186.57,6.67,0.57,2379.69


186.59,6.69,0.81,2379.91


186.61,6.69,0.81,2380.14


186.62,6.68,0.73,2380.34


186.64,6.69,0.67,2380.54


186.66,6.72,0.81,2380.76


186.67,6.67,0.73,2380.97


186.69,6.70,0.94,2381.23


186.71,6.68,0.75,2381.45


186.72,6.67,0.65,2381.63


186.74,6.68,0.67,2381.82


186.76,6.68,0.78,2382.04


186.77,6.67,0.81,2382.27


186.79,6.70,0.81,2382.49


186.81,6.70,0.75,2382.71


186.83,6.70,0.62,2382.88


186.84,6.68,0.52,2383.03


186.86,6.68,0.60,2383.19


186.88,6.68,0.99,2383.47


186.89,6.68,0.75,2383.69


186.91,6.69,0.65,2383.87


186.93,6.68,0.78,2384.09


186.94,6.69,0.75,2384.30


186.96,6.68,0.65,2384.48


186.98,6.68,0.99,2384.76


186.99,6.68,0.54,2384.92


187.01,6.68,0.86,2385.16


187.03,6.68,0.89,2385.41


187.05,6.68,0.83,2385.64


187.06,6.69,0.73,2385.85


187.08,6.68,0.60,2386.02


187.10,6.68,0.70,2386.22


187.11,6.69,0.70,2386.41


187.13,6.68,0.57,2386.57


187.15,6.68,0.75,2386.79


187.16,6.68,0.62,2386.96


187.18,6.69,0.67,2387.15


187.20,6.69,0.60,2387.32


187.21,6.68,0.57,2387.48


187.23,6.68,0.70,2387.68


187.25,6.68,0.86,2387.92


187.27,6.67,0.44,2388.04


187.28,6.69,0.75,2388.26


187.30,6.69,0.73,2388.46


187.32,6.69,0.75,2388.67


187.33,6.66,0.67,2388.86


187.35,6.69,0.62,2389.04


187.37,6.68,0.67,2389.23


187.38,6.70,0.81,2389.46


187.40,6.70,0.78,2389.68


187.42,6.67,0.70,2389.87


187.43,6.69,0.83,2390.11


187.45,6.70,0.83,2390.34


187.47,6.69,0.81,2390.57


187.49,6.68,0.86,2390.81


187.50,6.69,0.81,2391.04


187.52,6.67,0.73,2391.25


187.54,6.69,0.86,2391.49


187.55,6.67,0.73,2391.69


187.57,6.64,0.67,2391.88


187.59,6.68,0.67,2392.07


187.60,6.69,0.83,2392.31


187.62,6.69,0.78,2392.53


187.64,6.67,0.73,2392.74


187.65,6.68,0.83,2392.97


187.67,6.69,0.73,2393.18


187.69,6.69,0.75,2393.39


187.71,6.68,0.86,2393.63


187.72,6.70,0.78,2393.85


187.74,6.67,0.73,2394.06


187.76,6.69,0.91,2394.31


187.77,6.68,0.75,2394.53


187.79,6.67,0.70,2394.72


187.81,6.69,0.86,2394.96


187.82,6.68,0.73,2395.17


187.84,6.69,0.70,2395.37


187.86,6.68,0.70,2395.57


187.87,6.67,0.73,2395.77


187.89,6.67,0.73,2395.98


187.91,6.68,0.60,2396.14


187.93,6.66,0.81,2396.37


187.94,6.68,0.70,2396.57


187.96,6.69,0.65,2396.75


187.98,6.67,0.81,2396.98


187.99,6.67,0.78,2397.20


188.01,6.68,0.62,2397.37


188.03,6.66,0.60,2397.54


188.04,6.68,0.62,2397.72


188.06,6.68,0.67,2397.91


188.08,6.66,0.91,2398.16


188.09,6.68,0.54,2398.32


188.11,6.67,0.94,2398.58


188.13,6.68,0.78,2398.80


188.15,6.69,0.60,2398.97


188.16,6.68,0.65,2399.15


188.18,6.70,0.67,2399.34


188.20,6.66,0.81,2399.57


188.21,6.70,0.86,2399.81


188.23,6.68,0.73,2400.02


188.25,6.68,0.78,2400.24


188.26,6.68,0.86,2400.48


188.28,6.68,0.89,2400.73


188.30,6.65,0.75,2400.94


188.32,6.67,0.89,2401.19


188.33,6.69,0.78,2401.41


188.35,6.65,0.70,2401.61


188.37,6.68,0.73,2401.82


188.38,6.67,0.65,2402.00


188.40,6.68,0.75,2402.21


188.42,6.66,0.70,2402.41


188.43,6.66,0.57,2402.57


188.45,6.67,0.75,2402.78


188.47,6.69,0.81,2403.01


188.48,6.68,0.75,2403.22


188.50,6.68,0.81,2403.45


188.52,6.67,0.60,2403.62


188.54,6.66,0.70,2403.81


188.55,6.68,0.86,2404.06


188.57,6.66,0.70,2404.25


188.59,6.66,0.81,2404.48


188.60,6.68,0.81,2404.71


188.62,6.69,0.73,2404.91


188.64,6.67,0.78,2405.13


188.65,6.65,0.65,2405.32


188.67,6.66,0.73,2405.52


188.69,6.66,0.78,2405.74


188.70,6.66,0.89,2405.99


188.72,6.68,0.83,2406.23


188.74,6.70,0.75,2406.44


188.76,6.68,0.78,2406.66


188.77,6.69,0.78,2406.88


188.79,6.66,0.94,2407.15


188.81,6.64,0.83,2407.38


188.82,6.67,0.78,2407.60


188.84,6.68,0.86,2407.84


188.86,6.68,0.70,2408.04


188.87,6.67,0.81,2408.27


188.89,6.66,0.70,2408.46


188.91,6.64,0.83,2408.70


188.92,6.66,0.78,2408.92


188.94,6.67,0.62,2409.09


188.96,6.66,0.81,2409.32


188.98,6.66,0.78,2409.54


188.99,6.66,0.73,2409.75


189.01,6.67,0.78,2409.97


189.03,6.68,0.75,2410.18


189.04,6.67,0.57,2410.34


189.06,6.65,0.60,2410.51


189.08,6.67,0.75,2410.72


189.09,6.69,0.75,2410.93


189.11,6.67,0.81,2411.16


189.13,6.68,0.81,2411.39


189.14,6.70,0.81,2411.62


189.16,6.66,0.70,2411.81


189.18,6.66,0.83,2412.05


189.20,6.66,0.75,2412.26


189.21,6.66,0.65,2412.44


189.23,6.69,0.67,2412.63


189.25,6.66,0.67,2412.82


189.26,6.66,0.75,2413.04


189.28,6.65,0.75,2413.25


189.30,6.68,0.70,2413.45


189.31,6.66,0.70,2413.65


189.33,6.66,0.65,2413.83


189.35,6.66,0.70,2414.03


189.36,6.68,0.94,2414.29


189.38,6.67,0.67,2414.48


189.40,6.66,0.86,2414.72


189.42,6.67,0.75,2414.94


189.43,6.65,0.73,2415.14


189.45,6.68,0.75,2415.35


189.47,6.66,0.65,2415.54


189.48,6.66,0.62,2415.71


189.50,6.65,0.75,2415.92


189.52,6.66,0.81,2416.15


189.53,6.66,0.65,2416.33


189.55,6.68,0.86,2416.58


189.57,6.68,0.86,2416.82


189.58,6.67,0.75,2417.03


189.60,6.66,0.73,2417.24


189.62,6.67,0.75,2417.45


189.64,6.65,0.70,2417.65


189.65,6.65,0.67,2417.84


189.67,6.66,0.83,2418.07


189.69,6.64,0.65,2418.25


189.70,6.66,0.62,2418.43


189.72,6.66,0.75,2418.64


189.74,6.66,0.67,2418.83


189.75,6.66,0.70,2419.03


189.77,6.66,0.91,2419.29


189.79,6.66,0.70,2419.49


189.80,6.68,0.81,2419.71


189.82,6.66,0.70,2419.91


189.84,6.66,0.89,2420.16


189.86,6.66,0.78,2420.38


189.87,6.66,0.78,2420.60


189.89,6.67,0.70,2420.80


189.91,6.66,0.83,2421.03


189.92,6.68,0.73,2421.24


189.94,6.66,0.62,2421.41


189.96,6.66,0.73,2421.62


189.97,6.67,0.81,2421.85


189.99,6.66,0.81,2422.07


190.01,6.67,0.81,2422.30


190.02,6.66,0.62,2422.48


190.04,6.66,0.81,2422.70


190.06,6.68,0.81,2422.93


190.08,6.66,0.81,2423.16


190.09,6.68,0.78,2423.38


190.11,6.65,0.70,2423.58


190.13,6.68,0.78,2423.80


190.14,6.66,0.83,2424.03


190.16,6.68,0.73,2424.24


190.18,6.66,0.60,2424.40


190.19,6.65,0.73,2424.61


190.21,6.68,0.70,2424.81


190.23,6.66,0.78,2425.03


190.24,6.68,0.70,2425.22


190.26,6.66,0.81,2425.45


190.28,6.66,0.75,2425.66


190.30,6.65,0.75,2425.88


190.31,6.67,0.70,2426.07


190.33,6.66,0.70,2426.27


190.35,6.67,0.65,2426.45


190.36,6.67,0.75,2426.67


190.38,6.65,0.75,2426.88


190.40,6.66,0.70,2427.08


190.41,6.66,0.73,2427.28


190.43,6.65,0.78,2427.50


190.45,6.68,0.83,2427.74


190.46,6.68,0.75,2427.95


190.48,6.65,0.73,2428.16


190.50,6.66,0.70,2428.35


190.52,6.65,0.91,2428.61


190.53,6.68,0.89,2428.86


190.55,6.64,0.89,2429.11


190.57,6.67,0.78,2429.33


190.58,6.68,0.81,2429.56


190.60,6.66,0.78,2429.78


190.62,6.65,0.78,2430.00


190.63,6.68,0.78,2430.22


190.65,6.69,0.81,2430.45


190.67,6.66,0.67,2430.64


190.68,6.67,0.54,2430.79


190.70,6.67,0.65,2430.97


190.72,6.65,0.67,2431.16


190.74,6.66,0.70,2431.36


190.75,6.65,0.75,2431.57


190.77,6.68,0.70,2431.77


190.79,6.66,0.78,2431.99


190.80,6.67,0.86,2432.23


190.82,6.66,0.78,2432.45


190.84,6.66,0.75,2432.66


190.85,6.66,0.78,2432.88


190.87,6.66,0.62,2433.06


190.89,6.66,0.75,2433.27


190.90,6.66,0.73,2433.48


190.92,6.68,0.89,2433.73


190.94,6.66,0.75,2433.94


190.96,6.64,0.75,2434.15


190.97,6.65,0.62,2434.33


190.99,6.65,0.67,2434.52


191.01,6.64,0.81,2434.74


191.02,6.67,0.81,2434.97


191.04,6.66,0.78,2435.19


191.06,6.67,0.75,2435.40


191.07,6.66,0.83,2435.64


191.09,6.65,0.91,2435.90


191.11,6.66,0.83,2436.13


191.12,6.66,0.83,2436.37


191.14,6.64,0.89,2436.62


191.16,6.66,0.81,2436.84


191.18,6.65,0.73,2437.05


191.19,6.64,0.75,2437.26


191.21,6.68,0.65,2437.44


191.23,6.64,0.86,2437.69


191.24,6.65,0.91,2437.94


191.26,6.68,0.67,2438.13


191.28,6.66,0.89,2438.38


191.29,6.65,0.91,2438.64


191.31,6.67,0.75,2438.85


191.33,6.64,0.94,2439.12


191.34,6.66,0.81,2439.35


191.36,6.65,0.73,2439.55


191.38,6.66,0.65,2439.73


191.40,6.65,0.89,2439.98


191.41,6.65,0.70,2440.18


191.43,6.66,0.65,2440.36


191.45,6.67,0.67,2440.55


191.46,6.65,0.81,2440.78


191.48,6.65,0.60,2440.95


191.50,6.64,0.57,2441.11


191.51,6.65,0.75,2441.32


191.53,6.65,0.65,2441.51


191.55,6.66,0.70,2441.70


191.56,6.66,0.91,2441.96


191.58,6.65,0.65,2442.14


191.60,6.67,0.81,2442.37


191.62,6.66,0.67,2442.56


191.63,6.67,0.75,2442.77


191.65,6.64,0.70,2442.97


191.67,6.66,0.81,2443.20


191.68,6.64,0.70,2443.40


191.70,6.65,0.86,2443.64


191.72,6.64,0.60,2443.81


191.73,6.65,0.78,2444.03


191.75,6.66,0.86,2444.27


191.77,6.64,0.67,2444.46


191.78,6.65,0.73,2444.66


191.80,6.66,0.73,2444.87


191.82,6.65,0.73,2445.07


191.84,6.64,0.67,2445.26


191.85,6.65,0.73,2445.47


191.87,6.66,0.73,2445.68


191.89,6.64,0.81,2445.90


191.90,6.67,0.73,2446.11


191.92,6.66,0.83,2446.34


191.94,6.66,0.89,2446.59


191.95,6.66,0.78,2446.81


191.97,6.64,0.75,2447.03


191.99,6.65,0.60,2447.19


192.00,6.67,0.73,2447.40


192.02,6.64,0.65,2447.58


192.04,6.68,0.65,2447.76


192.06,6.65,0.91,2448.02


192.07,6.64,0.73,2448.23


192.09,6.64,0.75,2448.44


192.11,6.65,0.70,2448.64


192.12,6.64,0.73,2448.84


192.14,6.65,0.73,2449.05


192.16,6.67,0.73,2449.25


192.17,6.65,0.83,2449.49


192.19,6.67,0.67,2449.68


192.21,6.63,0.81,2449.91


192.22,6.67,0.75,2450.12


192.24,6.62,0.83,2450.35


192.26,6.65,0.83,2450.59


192.28,6.65,0.96,2450.86


192.29,6.67,0.89,2451.11


192.31,6.65,0.73,2451.32


192.33,6.68,0.94,2451.58


192.34,6.63,0.60,2451.75


192.36,6.65,0.67,2451.94


192.38,6.64,0.70,2452.14


192.39,6.65,0.70,2452.33


192.41,6.64,0.81,2452.56


192.43,6.64,0.70,2452.76


192.44,6.67,0.75,2452.97


192.46,6.66,0.83,2453.21


192.48,6.64,0.62,2453.38


192.50,6.63,0.70,2453.58


192.51,6.67,0.91,2453.84


192.53,6.64,0.73,2454.04


192.55,6.65,0.62,2454.22


192.56,6.64,0.75,2454.43


192.58,6.64,0.62,2454.60


192.60,6.65,0.75,2454.82


192.61,6.64,0.75,2455.03


192.63,6.66,0.65,2455.21


192.65,6.66,0.75,2455.43


192.66,6.66,0.89,2455.68


192.68,6.64,0.70,2455.87


192.70,6.64,0.67,2456.06


192.72,6.64,0.75,2456.28


192.73,6.66,0.89,2456.53


192.75,6.66,0.81,2456.75


192.77,6.65,0.75,2456.97


192.78,6.65,0.73,2457.17


192.80,6.65,0.65,2457.35


192.82,6.65,0.62,2457.53


192.83,6.66,0.67,2457.72


192.85,6.64,0.62,2457.89


192.87,6.65,0.67,2458.08


192.88,6.64,0.78,2458.30


192.90,6.63,0.78,2458.52


192.92,6.65,0.83,2458.76


192.94,6.65,0.81,2458.99


192.95,6.66,0.78,2459.21


192.97,6.64,0.78,2459.43


192.99,6.65,0.83,2459.66


193.00,6.65,0.78,2459.88


193.02,6.65,0.83,2460.12


193.04,6.64,0.62,2460.29


193.05,6.64,0.81,2460.52


193.07,6.64,0.83,2460.75


193.09,6.66,0.86,2461.00


193.10,6.65,0.62,2461.17


193.12,6.65,0.78,2461.39


193.14,6.65,0.67,2461.58


193.16,6.63,0.67,2461.77


193.17,6.66,0.67,2461.96


193.19,6.66,0.78,2462.18


193.21,6.64,0.91,2462.44


193.22,6.64,0.57,2462.60


193.24,6.66,0.81,2462.83


193.26,6.65,0.75,2463.04


193.27,6.64,0.81,2463.27


193.29,6.65,0.81,2463.50


193.31,6.62,0.62,2463.67


193.32,6.64,0.73,2463.88


193.34,6.66,0.86,2464.12


193.36,6.64,0.75,2464.33


193.38,6.65,0.78,2464.55


193.39,6.66,0.83,2464.79


193.41,6.62,0.73,2464.99


193.43,6.64,0.65,2465.17


193.44,6.66,0.73,2465.38


193.46,6.65,0.81,2465.61


193.48,6.66,0.65,2465.79


193.49,6.65,0.73,2465.99


193.51,6.64,0.78,2466.21


193.53,6.66,0.70,2466.41


193.54,6.63,0.67,2466.60


193.56,6.64,0.70,2466.80


193.58,6.64,0.89,2467.05


193.60,6.65,0.60,2467.22


193.61,6.62,0.60,2467.39


193.63,6.65,0.81,2467.61


193.65,6.66,0.75,2467.83


193.66,6.66,0.57,2467.99


193.68,6.62,0.57,2468.15


193.70,6.63,0.78,2468.37


193.71,6.66,0.67,2468.56


193.73,6.66,0.89,2468.81


193.75,6.66,0.52,2468.95


193.76,6.66,0.83,2469.19


193.78,6.63,0.67,2469.38


193.80,6.64,0.83,2469.61


193.82,6.64,0.62,2469.79


193.83,6.62,0.75,2470.00


193.85,6.65,0.83,2470.24


193.87,6.65,0.75,2470.45


193.88,6.64,0.83,2470.68


193.90,6.63,0.81,2470.91


193.92,6.62,0.83,2471.14


193.93,6.66,0.73,2471.35


193.95,6.64,0.67,2471.54


193.97,6.65,0.81,2471.77


193.98,6.65,0.67,2471.96


194.00,6.64,0.86,2472.20


194.02,6.64,0.70,2472.40


194.04,6.64,0.73,2472.60


194.05,6.63,0.75,2472.82


194.07,6.65,0.65,2473.00


194.09,6.63,0.75,2473.21


194.10,6.65,0.91,2473.47


194.12,6.63,0.75,2473.68


194.14,6.62,0.86,2473.92


194.15,6.63,0.75,2474.14


194.17,6.62,0.81,2474.36


194.19,6.64,0.83,2474.60


194.20,6.62,0.70,2474.80


194.22,6.64,0.73,2475.00


194.24,6.62,0.70,2475.20


194.26,6.64,0.78,2475.42


194.27,6.66,0.70,2475.62


194.29,6.64,0.86,2475.86


194.31,6.64,0.94,2476.12


194.32,6.64,0.70,2476.32


194.34,6.65,0.62,2476.50


194.36,6.64,0.78,2476.72


194.37,6.64,0.86,2476.96


194.39,6.63,0.78,2477.18


194.41,6.66,0.70,2477.38


194.42,6.63,0.86,2477.62


194.44,6.63,0.75,2477.83


194.46,6.64,0.60,2478.00


194.48,6.64,0.78,2478.22


194.49,6.63,0.78,2478.44


194.51,6.64,0.67,2478.63


194.53,6.65,0.78,2478.85


194.54,6.65,0.78,2479.07


194.56,6.62,0.78,2479.29


194.58,6.64,0.83,2479.52


194.59,6.64,0.62,2479.70


194.61,6.64,0.75,2479.91


194.63,6.63,0.67,2480.10


194.64,6.63,0.60,2480.27


194.66,6.63,0.57,2480.43


194.68,6.65,0.70,2480.63


194.70,6.64,0.70,2480.83


194.71,6.64,0.78,2481.05


194.73,6.62,0.70,2481.24


194.75,6.64,0.65,2481.43


194.76,6.62,0.62,2481.60


194.78,6.64,0.83,2481.84


194.80,6.64,0.89,2482.09


194.81,6.62,0.60,2482.25


194.83,6.63,0.73,2482.46


194.85,6.66,0.86,2482.70


194.86,6.64,0.67,2482.89


194.88,6.62,0.67,2483.08


194.90,6.63,0.70,2483.28


194.92,6.63,0.65,2483.46


194.93,6.63,0.73,2483.67


194.95,6.61,0.73,2483.87


194.97,6.65,0.99,2484.15


194.98,6.62,0.67,2484.34


195.00,6.62,0.62,2484.52


195.02,6.65,0.81,2484.75


195.03,6.63,0.83,2484.98


195.05,6.61,0.67,2485.17


195.07,6.63,0.75,2485.38


195.08,6.64,0.89,2485.63


195.10,6.65,0.91,2485.89


195.12,6.64,0.83,2486.13


195.14,6.64,0.81,2486.35


195.15,6.64,0.78,2486.57


195.17,6.66,0.73,2486.78


195.19,6.63,0.67,2486.97


195.20,6.62,0.65,2487.15


195.22,6.64,0.65,2487.33


195.24,6.63,0.67,2487.52


195.25,6.62,0.75,2487.74


195.27,6.65,0.81,2487.96


195.29,6.65,0.75,2488.18


195.30,6.64,0.73,2488.38


195.32,6.65,0.86,2488.62


195.34,6.63,0.81,2488.85


195.36,6.63,0.83,2489.09


195.37,6.64,0.86,2489.33


195.39,6.63,0.83,2489.56


195.41,6.62,0.75,2489.78


195.42,6.64,0.73,2489.98


195.44,6.64,0.73,2490.19


195.46,6.62,0.78,2490.41


195.47,6.65,0.73,2490.61


195.49,6.65,0.65,2490.79


195.51,6.63,0.73,2491.00


195.53,6.62,0.89,2491.25


195.54,6.63,0.86,2491.49


195.56,6.63,0.81,2491.72


195.58,6.62,0.75,2491.93


195.59,6.64,0.78,2492.15


195.61,6.64,0.78,2492.37


195.63,6.65,0.73,2492.58


195.64,6.63,0.75,2492.79


195.66,6.63,0.73,2493.00


195.68,6.62,0.73,2493.20


195.69,6.62,0.70,2493.40


195.71,6.62,0.65,2493.58


195.73,6.64,0.75,2493.79


195.75,6.63,0.83,2494.03


195.76,6.65,0.67,2494.22


195.78,6.63,0.81,2494.45


195.80,6.64,0.78,2494.67


195.81,6.62,0.67,2494.86


195.83,6.61,0.73,2495.06


195.85,6.60,0.81,2495.29


195.86,6.64,0.75,2495.50


195.88,6.63,0.81,2495.73


195.90,6.63,0.57,2495.89


195.91,6.62,0.75,2496.10


195.93,6.64,0.86,2496.35


195.95,6.61,0.70,2496.54


195.97,6.63,0.62,2496.72


195.98,6.62,0.75,2496.93


196.00,6.63,0.67,2497.12


196.02,6.62,0.78,2497.34


196.03,6.64,0.73,2497.55


196.05,6.64,0.70,2497.74


196.07,6.62,0.73,2497.95


196.08,6.64,0.78,2498.17


196.10,6.62,0.81,2498.40


196.12,6.63,0.70,2498.59


196.13,6.61,0.83,2498.83


196.15,6.64,0.75,2499.04


196.17,6.63,0.91,2499.30


196.19,6.62,0.73,2499.50


196.20,6.61,0.75,2499.72


196.22,6.62,0.70,2499.91


196.24,6.63,0.89,2500.16


196.25,6.64,0.70,2500.36


196.27,6.64,0.73,2500.57


196.29,6.63,0.62,2500.74


196.30,6.62,0.65,2500.92


196.32,6.61,0.81,2501.15


196.34,6.62,1.04,2501.45


196.35,6.62,0.75,2501.66


196.37,6.63,0.81,2501.89


196.39,6.64,0.78,2502.11


196.41,6.61,0.70,2502.30


196.42,6.62,0.75,2502.52


196.44,6.60,0.67,2502.71


196.46,6.61,0.86,2502.95


196.47,6.62,0.96,2503.22


196.49,6.61,0.73,2503.43


196.51,6.62,0.65,2503.61


196.52,6.62,0.81,2503.84


196.54,6.63,0.75,2504.05


196.56,6.62,0.78,2504.27


196.57,6.61,0.78,2504.49


196.59,6.64,0.86,2504.73


196.61,6.62,0.65,2504.91


196.63,6.61,0.70,2505.11


196.64,6.62,0.78,2505.33


196.66,6.63,0.78,2505.55


196.68,6.62,0.81,2505.78


196.69,6.61,0.83,2506.01


196.71,6.61,0.70,2506.21


196.73,6.63,0.67,2506.40


196.74,6.63,0.70,2506.60


196.76,6.63,0.67,2506.79


196.78,6.66,0.75,2507.00


196.79,6.63,0.81,2507.23


196.81,6.61,0.89,2507.48


196.83,6.63,0.73,2507.69


196.85,6.62,0.73,2507.89


196.86,6.60,0.62,2508.07


196.88,6.62,0.81,2508.29


196.90,6.61,0.70,2508.49


196.91,6.60,0.75,2508.70


196.93,6.62,0.70,2508.90


196.95,6.61,0.81,2509.13


196.96,6.63,0.67,2509.32


196.98,6.61,0.75,2509.53


197.00,6.62,0.78,2509.75


197.01,6.62,0.65,2509.93


197.03,6.62,0.78,2510.15


197.05,6.62,0.67,2510.34


197.07,6.62,0.86,2510.59


197.08,6.60,0.70,2510.78


197.10,6.63,0.60,2510.95


197.12,6.64,0.60,2511.12


197.13,6.62,0.83,2511.35


197.15,6.64,0.73,2511.56


197.17,6.63,0.75,2511.77


197.18,6.60,0.91,2512.03


197.20,6.64,0.75,2512.24


197.22,6.61,0.60,2512.41


197.23,6.60,0.65,2512.59


197.25,6.64,0.81,2512.82


197.27,6.62,0.81,2513.05


197.29,6.60,0.83,2513.28


197.30,6.62,0.81,2513.51


197.32,6.60,0.78,2513.73


197.34,6.63,0.75,2513.94


197.35,6.64,0.70,2514.14


197.37,6.62,1.26,2514.49


197.39,6.62,0.75,2514.71


197.40,6.60,0.73,2514.91


197.42,6.62,0.89,2515.16


197.44,6.61,0.75,2515.37


197.45,6.61,0.78,2515.59


197.47,6.60,0.57,2515.76


197.49,6.64,0.78,2515.98


197.51,6.62,0.86,2516.22


197.52,6.62,0.67,2516.41


197.54,6.64,0.83,2516.64


197.56,6.62,0.78,2516.86


197.57,6.62,0.81,2517.09


197.59,6.62,0.86,2517.33


197.61,6.61,0.67,2517.52


197.62,6.61,0.86,2517.77


197.64,6.62,0.75,2517.98


197.66,6.60,0.78,2518.20


197.67,6.64,0.75,2518.41


197.69,6.62,0.81,2518.64


197.71,6.63,0.78,2518.86


197.73,6.60,0.70,2519.06


197.74,6.63,0.75,2519.27


197.76,6.61,0.78,2519.49


197.78,6.61,0.70,2519.69


197.79,6.62,0.99,2519.97


197.81,6.60,0.67,2520.16


197.83,6.60,0.75,2520.37


197.84,6.62,0.67,2520.56


197.86,6.62,0.62,2520.73


197.88,6.60,0.78,2520.95


197.89,6.60,0.75,2521.17


197.91,6.62,0.78,2521.39


197.93,6.63,0.81,2521.61


197.95,6.61,0.67,2521.81


197.96,6.64,0.52,2521.95


197.98,6.62,0.73,2522.16


198.00,6.62,0.60,2522.32


198.01,6.59,0.73,2522.53


198.03,6.61,0.67,2522.72


198.05,6.62,0.73,2522.93


198.06,6.62,0.60,2523.09


198.08,6.61,0.60,2523.26


198.10,6.60,0.65,2523.44


198.11,6.62,0.65,2523.63


198.13,6.61,0.78,2523.85


198.15,6.62,0.81,2524.07


198.17,6.61,0.75,2524.29


198.18,6.61,0.54,2524.44


198.20,6.61,0.70,2524.64


198.22,6.64,0.62,2524.81


198.23,6.62,0.67,2525.00


198.25,6.62,0.67,2525.19


198.27,6.61,0.78,2525.41


198.28,6.62,0.70,2525.61


198.30,6.62,0.70,2525.81


198.32,6.60,0.83,2526.04


198.33,6.61,0.75,2526.26


198.35,6.62,0.70,2526.45


198.37,6.62,0.62,2526.63


198.39,6.63,0.73,2526.83


198.40,6.61,0.73,2527.04


198.42,6.62,0.75,2527.25


198.44,6.62,0.86,2527.49


198.45,6.62,0.81,2527.72


198.47,6.61,0.70,2527.92


198.49,6.62,0.65,2528.10


198.50,6.62,0.75,2528.31


198.52,6.61,0.81,2528.54


198.54,6.61,0.81,2528.77


198.55,6.62,0.81,2529.00


198.57,6.60,0.78,2529.22


198.59,6.62,0.67,2529.41


198.61,6.62,0.81,2529.63


198.62,6.62,0.60,2529.80


198.64,6.60,0.73,2530.01


198.66,6.62,0.70,2530.21


198.67,6.59,0.78,2530.43


198.69,6.60,0.73,2530.63


198.71,6.61,0.78,2530.85


198.72,6.62,0.83,2531.09


198.74,6.60,0.78,2531.31


198.76,6.62,0.54,2531.46


198.77,6.60,0.75,2531.67


198.79,6.62,0.70,2531.87


198.81,6.59,0.75,2532.08


198.83,6.61,0.75,2532.29


198.84,6.63,0.81,2532.52


198.86,6.62,0.75,2532.73


198.88,6.62,0.70,2532.93


198.89,6.60,0.75,2533.14


198.91,6.59,0.94,2533.41


198.93,6.60,0.78,2533.63


198.94,6.60,0.73,2533.83


198.96,6.62,0.67,2534.02


198.98,6.62,0.78,2534.24


198.99,6.60,0.67,2534.43


199.01,6.60,0.73,2534.64


199.03,6.61,0.78,2534.86


199.05,6.61,0.75,2535.07


199.06,6.61,0.83,2535.31


199.08,6.62,0.91,2535.56


199.10,6.60,0.83,2535.80


199.11,6.60,0.75,2536.01


199.13,6.64,0.86,2536.25


199.15,6.64,0.73,2536.46


199.16,6.62,0.78,2536.68


199.18,6.60,0.73,2536.88


199.20,6.62,0.73,2537.09


199.21,6.60,0.70,2537.29


199.23,6.62,0.65,2537.47


199.25,6.62,0.83,2537.70


199.27,6.59,0.54,2537.86


199.28,6.60,0.83,2538.09


199.30,6.60,0.83,2538.33


199.32,6.61,0.81,2538.55


199.33,6.61,0.65,2538.74


199.35,6.60,0.78,2538.96


199.37,6.60,0.83,2539.19


199.38,6.60,0.78,2539.41


199.40,6.60,0.73,2539.62


199.42,6.62,0.86,2539.86


199.43,6.61,0.67,2540.05


199.45,6.59,0.62,2540.23


199.47,6.62,0.75,2540.44


199.49,6.58,0.67,2540.63


199.50,6.60,0.65,2540.81


199.52,6.60,0.78,2541.03


199.54,6.62,0.75,2541.24


199.55,6.60,0.75,2541.46


199.57,6.58,0.65,2541.64


199.59,6.62,0.81,2541.87


199.60,6.59,0.73,2542.07


199.62,6.60,0.81,2542.30


199.64,6.60,0.75,2542.51


199.65,6.58,0.67,2542.70


199.67,6.61,0.75,2542.92


199.69,6.60,0.83,2543.15


199.71,6.60,0.70,2543.35


199.72,6.60,0.75,2543.56


199.74,6.61,0.70,2543.76


199.76,6.59,0.81,2543.99


199.77,6.60,0.75,2544.20


199.79,6.61,0.67,2544.39


199.81,6.59,0.65,2544.57


199.82,6.61,0.75,2544.78


199.84,6.60,0.73,2544.99


199.86,6.62,0.81,2545.22


199.87,6.60,0.62,2545.39


199.89,6.60,0.83,2545.63


199.91,6.60,0.73,2545.83


199.93,6.62,0.96,2546.10


199.94,6.60,0.99,2546.38


199.96,6.62,0.78,2546.60


199.98,6.60,0.75,2546.82


199.99,6.60,0.78,2547.04


200.01,6.60,0.65,2547.22


200.03,6.60,0.78,2547.44


200.04,6.60,0.67,2547.63


200.06,6.61,0.86,2547.87


200.08,6.61,0.67,2548.06


200.09,6.62,0.99,2548.34


200.11,6.61,0.73,2548.55


200.13,6.59,0.89,2548.80


200.15,6.60,0.67,2548.99


200.16,6.60,0.67,2549.18


200.18,6.61,0.70,2549.38


200.20,6.60,0.94,2549.64


200.21,6.61,0.75,2549.85


200.23,6.59,0.54,2550.01


200.25,6.61,0.86,2550.25


200.26,6.59,0.62,2550.42


200.28,6.61,0.73,2550.63


200.30,6.60,0.75,2550.84


200.31,6.61,0.83,2551.08


200.33,6.62,0.78,2551.30


200.35,6.61,0.78,2551.52


200.37,6.60,0.70,2551.71


200.38,6.61,0.75,2551.93


200.40,6.61,0.75,2552.14


200.42,6.60,0.65,2552.32


200.43,6.60,0.67,2552.51


200.45,6.62,0.89,2552.76


200.47,6.59,0.78,2552.98


200.48,6.58,0.78,2553.20


200.50,6.60,0.78,2553.42


200.52,6.59,0.81,2553.65


200.53,6.60,0.89,2553.90


200.55,6.60,0.60,2554.07


200.57,6.61,0.81,2554.29


200.59,6.59,0.73,2554.50


200.60,6.60,0.81,2554.73


200.62,6.57,0.67,2554.92


200.64,6.61,0.91,2555.18


200.65,6.60,0.81,2555.40


200.67,6.59,0.83,2555.64


200.69,6.60,0.73,2555.84


200.70,6.59,0.70,2556.04


200.72,6.60,0.57,2556.20


200.74,6.60,0.83,2556.44


200.75,6.59,0.49,2556.57


200.77,6.62,0.52,2556.72


200.79,6.61,0.86,2556.96


200.81,6.59,0.89,2557.21


200.82,6.60,0.73,2557.42


200.84,6.60,0.67,2557.61


200.86,6.60,0.81,2557.83


200.87,6.60,0.73,2558.04


200.89,6.59,0.78,2558.26


200.91,6.62,0.70,2558.46


200.92,6.59,0.67,2558.65


200.94,6.58,0.91,2558.91


200.96,6.62,0.75,2559.12


200.98,6.61,0.70,2559.32


200.99,6.60,0.81,2559.54


201.01,6.60,0.70,2559.74


201.03,6.59,0.81,2559.97


201.04,6.60,0.73,2560.17


201.06,6.62,0.65,2560.36


201.08,6.59,0.91,2560.61


201.09,6.61,0.75,2560.83


201.11,6.61,0.57,2560.99


201.13,6.60,0.75,2561.20


201.14,6.62,0.65,2561.38


201.16,6.60,0.75,2561.59


201.18,6.59,0.91,2561.85


201.19,6.60,0.73,2562.06


201.21,6.61,0.86,2562.30


201.23,6.59,0.96,2562.57


201.25,6.58,0.86,2562.81


201.26,6.61,0.81,2563.04


201.28,6.61,0.78,2563.26


201.30,6.59,0.78,2563.48


201.31,6.60,0.89,2563.73


201.33,6.61,0.78,2563.95


201.35,6.60,0.81,2564.18


201.36,6.59,0.70,2564.38


201.38,6.60,0.75,2564.59


201.40,6.58,0.73,2564.79


201.42,6.59,0.83,2565.03


201.43,6.57,0.94,2565.29


201.45,6.62,0.70,2565.49


201.47,6.60,0.67,2565.68


201.48,6.59,0.70,2565.88


201.50,6.58,0.67,2566.07


201.52,6.62,0.89,2566.32


201.53,6.60,0.75,2566.53


201.55,6.61,0.81,2566.76


201.57,6.60,0.70,2566.96


201.58,6.61,0.81,2567.18


201.60,6.61,0.78,2567.40


201.62,6.60,0.86,2567.65


201.64,6.59,0.78,2567.87


201.65,6.59,0.83,2568.10


201.67,6.61,0.75,2568.31


201.69,6.58,0.70,2568.51


201.70,6.61,0.60,2568.68


201.72,6.60,0.78,2568.90


201.74,6.62,0.70,2569.10


201.75,6.61,0.78,2569.32


201.77,6.60,0.78,2569.54


201.79,6.61,0.75,2569.75


201.80,6.61,0.73,2569.96


201.82,6.57,0.81,2570.18


201.84,6.60,0.89,2570.43


201.86,6.60,0.60,2570.60


201.87,6.58,0.65,2570.78


201.89,6.58,0.73,2570.99


201.91,6.60,0.52,2571.13


201.92,6.59,0.91,2571.39


201.94,6.59,0.89,2571.64


201.96,6.59,0.75,2571.85


201.97,6.62,0.67,2572.04


201.99,6.59,0.67,2572.23


202.01,6.60,0.75,2572.45


202.02,6.60,0.89,2572.70


202.04,6.60,0.83,2572.93


202.06,6.60,0.78,2573.15


202.08,6.59,0.89,2573.40


202.09,6.60,0.73,2573.61


202.11,6.59,0.75,2573.82


202.13,6.61,0.96,2574.09


202.14,6.58,0.67,2574.28


202.16,6.60,0.60,2574.45


202.18,6.58,0.62,2574.62


202.19,6.59,0.65,2574.81


202.21,6.59,0.67,2575.00


202.23,6.61,0.91,2575.25


202.24,6.60,0.75,2575.47


202.26,6.58,0.52,2575.61


202.28,6.58,0.65,2575.80


202.30,6.60,0.78,2576.02


202.31,6.59,0.70,2576.21


202.33,6.59,0.70,2576.41


202.35,6.61,0.86,2576.65


202.36,6.60,0.89,2576.90


202.38,6.58,0.75,2577.12


202.40,6.59,0.75,2577.33


202.41,6.60,0.73,2577.53


202.43,6.59,0.65,2577.72


202.45,6.57,0.86,2577.96


202.46,6.60,0.81,2578.19


202.48,6.58,0.83,2578.42


202.50,6.56,0.73,2578.63


202.52,6.61,0.67,2578.82


202.53,6.59,0.83,2579.05


202.55,6.58,0.65,2579.23


202.57,6.57,0.73,2579.44


202.58,6.58,0.78,2579.66


202.60,6.56,0.78,2579.88


202.62,6.60,0.67,2580.07


202.63,6.60,0.67,2580.26


202.65,6.57,0.75,2580.47


202.67,6.60,0.81,2580.70


202.68,6.59,0.78,2580.92


202.70,6.58,0.70,2581.12


202.72,6.59,0.83,2581.35


202.74,6.60,0.54,2581.51


202.75,6.58,0.73,2581.71


202.77,6.58,0.86,2581.95


202.79,6.60,0.81,2582.18


202.80,6.59,0.86,2582.42


202.82,6.60,0.67,2582.61


202.84,6.60,0.70,2582.81


202.85,6.61,0.60,2582.98


202.87,6.58,0.89,2583.23


202.89,6.61,0.70,2583.43


202.90,6.58,0.73,2583.63


202.92,6.59,0.75,2583.84


202.94,6.58,0.62,2584.02


202.96,6.59,0.75,2584.23


202.97,6.60,0.86,2584.47


202.99,6.59,0.78,2584.69


203.01,6.59,0.75,2584.91


203.02,6.58,0.70,2585.10


203.04,6.55,0.67,2585.29


203.06,6.60,0.83,2585.53


203.07,6.62,0.78,2585.75


203.09,6.58,0.70,2585.95


203.11,6.60,0.75,2586.16


203.12,6.60,0.70,2586.36


203.14,6.59,0.75,2586.57


203.16,6.59,0.86,2586.81


203.18,6.58,0.70,2587.01


203.19,6.57,0.65,2587.19


203.21,6.57,0.57,2587.35


203.23,6.58,0.81,2587.58


203.24,6.61,0.81,2587.81


203.26,6.59,0.57,2587.97


203.28,6.59,0.65,2588.15


203.29,6.58,0.78,2588.37


203.31,6.57,0.70,2588.57


203.33,6.61,0.65,2588.75


203.34,6.57,0.89,2589.00


203.36,6.58,0.78,2589.22


203.38,6.59,0.73,2589.43


203.40,6.57,0.81,2589.65


203.41,6.58,0.99,2589.93


203.43,6.59,0.73,2590.14


203.45,6.60,0.75,2590.35


203.46,6.57,0.73,2590.56


203.48,6.56,0.67,2590.75


203.50,6.59,0.73,2590.95


203.51,6.58,0.91,2591.21


203.53,6.60,0.73,2591.41


203.55,6.58,0.73,2591.62


203.56,6.58,0.83,2591.85


203.58,6.57,0.86,2592.10


203.60,6.57,0.81,2592.32


203.62,6.56,0.86,2592.57


203.63,6.59,0.73,2592.77


203.65,6.57,0.70,2592.97


203.67,6.60,0.81,2593.20


203.68,6.60,0.96,2593.47


203.70,6.57,0.57,2593.63


203.72,6.58,0.86,2593.87


203.73,6.58,0.65,2594.05


203.75,6.58,0.73,2594.26


203.77,6.60,0.81,2594.49


203.78,6.59,0.81,2594.71


203.80,6.59,0.75,2594.93


203.82,6.59,0.94,2595.19


203.84,6.58,0.73,2595.40


203.85,6.58,0.73,2595.60


203.87,6.60,0.67,2595.79


203.89,6.59,0.73,2596.00


203.90,6.58,0.78,2596.22


203.92,6.59,0.70,2596.42


203.94,6.58,0.75,2596.63


203.95,6.59,0.70,2596.83


203.97,6.60,0.62,2597.00


203.99,6.60,0.81,2597.23


204.00,6.58,0.70,2597.43


204.02,6.58,0.89,2597.68


204.04,6.58,0.75,2597.89


204.06,6.59,0.81,2598.12


204.07,6.58,0.73,2598.32


204.09,6.59,0.62,2598.50


204.11,6.58,0.70,2598.69


204.12,6.59,0.67,2598.88


204.14,6.60,0.81,2599.11


204.16,6.60,0.60,2599.28


204.17,6.59,0.70,2599.48


204.19,6.59,0.57,2599.64


204.21,6.57,0.78,2599.86


204.22,6.58,0.62,2600.03


204.24,6.59,0.70,2600.23


204.26,6.59,0.83,2600.46


204.28,6.58,0.65,2600.65


204.29,6.58,0.83,2600.88


204.31,6.59,0.67,2601.07


204.33,6.59,0.81,2601.30


204.34,6.60,0.67,2601.49


204.36,6.58,0.65,2601.67


204.38,6.57,0.70,2601.87


204.39,6.57,0.73,2602.08


204.41,6.60,0.81,2602.30


204.43,6.57,0.70,2602.50


204.44,6.61,0.86,2602.74


204.46,6.60,0.60,2602.91


204.48,6.57,0.81,2603.14


204.50,6.58,0.73,2603.34


204.51,6.58,0.73,2603.55


204.53,6.59,0.73,2603.75


204.55,6.59,0.65,2603.94


204.56,6.57,0.83,2604.17


204.58,6.59,0.67,2604.36


204.60,6.58,0.67,2604.55


204.61,6.56,0.65,2604.74


204.63,6.58,0.73,2604.94


204.65,6.58,0.62,2605.12


204.66,6.58,0.81,2605.34


204.68,6.58,0.89,2605.59


204.70,6.57,0.75,2605.81


204.72,6.58,0.83,2606.04


204.73,6.58,0.70,2606.24


204.75,6.59,0.81,2606.47


204.77,6.59,0.78,2606.69


204.78,6.58,0.83,2606.92


204.80,6.59,0.89,2607.17


204.82,6.59,0.73,2607.38


204.83,6.58,0.81,2607.60


204.85,6.58,0.62,2607.78


204.87,6.59,0.70,2607.98


204.88,6.60,0.78,2608.20


204.90,6.57,0.65,2608.38


204.92,6.61,0.86,2608.62


204.94,6.58,0.75,2608.83


204.95,6.58,0.81,2609.06


204.97,6.58,0.70,2609.26


204.99,6.57,0.67,2609.45


205.00,6.58,0.89,2609.70


205.02,6.57,0.73,2609.90


205.04,6.59,0.81,2610.13


205.05,6.59,0.60,2610.30


205.07,6.59,0.86,2610.54


205.09,6.61,0.91,2610.80


205.10,6.56,0.73,2611.00


205.12,6.56,0.62,2611.18


205.14,6.56,0.67,2611.37


205.16,6.57,0.89,2611.62


205.17,6.57,0.86,2611.86


205.19,6.58,0.83,2612.10


205.21,6.57,0.57,2612.26


205.22,6.58,0.73,2612.46


205.24,6.58,0.86,2612.70


205.26,6.56,0.67,2612.89


205.27,6.56,0.60,2613.06


205.29,6.56,0.65,2613.25


205.31,6.59,0.73,2613.45


205.32,6.58,0.62,2613.63


205.34,6.60,0.89,2613.88


205.36,6.58,0.78,2614.10


205.38,6.59,0.83,2614.33


205.39,6.59,0.73,2614.54


205.41,6.56,0.89,2614.79


205.43,6.59,0.70,2614.98


205.44,6.57,0.52,2615.13


205.46,6.56,0.70,2615.33


205.48,6.58,0.75,2615.54


205.49,6.58,0.75,2615.75


205.51,6.58,0.70,2615.95


205.53,6.59,0.70,2616.15


205.54,6.58,0.94,2616.41


205.56,6.58,0.78,2616.63


205.58,6.58,0.73,2616.84


205.60,6.58,0.86,2617.08


205.61,6.58,0.78,2617.30


205.63,6.58,0.70,2617.50


205.65,6.58,0.70,2617.70


205.66,6.56,0.52,2617.84


205.68,6.58,0.75,2618.05


205.70,6.58,0.60,2618.22


205.71,6.58,0.75,2618.43


205.73,6.56,0.62,2618.61


205.75,6.59,0.73,2618.81


205.76,6.57,0.65,2619.00


205.78,6.58,0.78,2619.22


205.80,6.58,0.78,2619.44


205.82,6.57,0.83,2619.67


205.83,6.55,0.75,2619.88


205.85,6.55,0.81,2620.11


205.87,6.57,0.86,2620.35


205.88,6.58,0.83,2620.59


205.90,6.56,0.70,2620.79


205.92,6.59,0.67,2620.98


205.93,6.58,0.86,2621.22


205.95,6.58,0.75,2621.43


205.97,6.58,0.73,2621.64


205.98,6.58,0.83,2621.87


206.00,6.59,0.83,2622.11


206.02,6.57,0.89,2622.36


206.04,6.57,0.65,2622.54


206.05,6.58,0.78,2622.76


206.07,6.56,0.75,2622.97


206.09,6.56,0.70,2623.17


206.10,6.56,0.70,2623.37


206.12,6.59,0.89,2623.62


206.14,6.57,0.65,2623.80


206.15,6.57,0.57,2623.96


206.17,6.56,0.75,2624.17


206.19,6.57,0.89,2624.42


206.20,6.58,0.75,2624.64


206.22,6.56,0.81,2624.86


206.24,6.56,0.86,2625.11


206.26,6.58,0.75,2625.32


206.27,6.58,0.75,2625.53


206.29,6.56,0.60,2625.70


206.31,6.57,0.70,2625.90


206.32,6.56,0.73,2626.10


206.34,6.55,0.81,2626.33


206.36,6.58,0.81,2626.56


206.37,6.56,0.73,2626.76


206.39,6.56,0.78,2626.98


206.41,6.57,0.67,2627.17


206.42,6.56,0.75,2627.38


206.44,6.55,0.86,2627.63


206.46,6.56,0.75,2627.84


206.48,6.56,0.78,2628.06


206.49,6.58,0.75,2628.27


206.51,6.56,0.52,2628.42


206.53,6.58,0.81,2628.64


206.54,6.56,0.89,2628.89


206.56,6.56,0.70,2629.09


206.58,6.58,0.65,2629.27


206.59,6.56,0.62,2629.45


206.61,6.57,0.83,2629.68


206.63,6.58,0.49,2629.82


206.64,6.57,0.83,2630.06


206.66,6.58,0.62,2630.23


206.68,6.56,0.83,2630.47


206.70,6.58,0.78,2630.69


206.71,6.58,0.83,2630.92


206.73,6.59,0.62,2631.10


206.75,6.55,0.83,2631.33


206.76,6.58,0.81,2631.56


206.78,6.58,0.67,2631.75


206.80,6.58,0.60,2631.92


206.81,6.57,0.62,2632.09


206.83,6.57,0.89,2632.34


206.85,6.56,0.78,2632.56


206.86,6.58,0.73,2632.77


206.88,6.55,0.67,2632.96


206.90,6.56,0.86,2633.20


206.92,6.56,0.73,2633.41


206.93,6.58,0.83,2633.64


206.95,6.57,0.81,2633.87


206.97,6.56,0.81,2634.10


206.98,6.53,0.62,2634.27


207.00,6.57,0.70,2634.47


207.02,6.56,0.70,2634.67


207.03,6.56,0.86,2634.91


207.05,6.55,0.73,2635.12


207.07,6.59,0.75,2635.33


207.09,6.57,0.86,2635.57


207.10,6.54,0.62,2635.75


207.12,6.56,0.75,2635.96


207.14,6.58,0.78,2636.18


207.15,6.56,0.73,2636.38


207.17,6.56,0.73,2636.59


207.19,6.57,0.60,2636.76


207.20,6.57,0.83,2636.99


207.22,6.57,0.86,2637.24


207.24,6.56,0.75,2637.45


207.25,6.58,0.83,2637.68


207.27,6.56,0.81,2637.91


207.29,6.56,0.62,2638.09


207.31,6.57,0.89,2638.34


207.32,6.56,0.83,2638.57


207.34,6.57,0.75,2638.78


207.36,6.58,0.75,2639.00


207.37,6.57,0.70,2639.19


207.39,6.57,0.62,2639.37


207.41,6.57,0.62,2639.54


207.42,6.54,0.73,2639.75


207.44,6.57,0.67,2639.94


207.46,6.56,0.83,2640.17


207.47,6.56,0.78,2640.39


207.49,6.58,0.67,2640.58


207.51,6.56,0.83,2640.82


207.53,6.54,0.83,2641.05


207.54,6.57,0.65,2641.24


207.56,6.56,0.70,2641.43


207.58,6.56,0.70,2641.63


207.59,6.56,0.75,2641.84


207.61,6.57,0.70,2642.04


207.63,6.58,0.75,2642.25


207.64,6.56,0.81,2642.48


207.66,6.56,0.75,2642.69


207.68,6.57,0.83,2642.93


207.69,6.56,0.73,2643.13


207.71,6.57,0.89,2643.38


207.73,6.56,0.67,2643.57


207.75,6.56,0.75,2643.79


207.76,6.56,0.83,2644.02


207.78,6.56,0.83,2644.26


207.80,6.57,0.81,2644.48


207.81,6.55,0.67,2644.68


207.83,6.56,0.78,2644.90


207.85,6.54,0.62,2645.07


207.86,6.56,0.75,2645.28


207.88,6.56,0.73,2645.49


207.90,6.56,0.65,2645.67


207.91,6.56,0.65,2645.85


207.93,6.56,0.91,2646.11


207.95,6.56,0.75,2646.32


207.97,6.56,0.73,2646.53


207.98,6.57,0.73,2646.73


208.00,6.58,0.67,2646.92


208.02,6.55,0.65,2647.11


208.03,6.56,0.78,2647.33


208.05,6.56,0.78,2647.55


208.07,6.56,0.75,2647.76


208.08,6.57,0.67,2647.95


208.10,6.58,0.70,2648.15


208.12,6.58,0.86,2648.39


208.13,6.55,0.65,2648.57


208.15,6.54,0.70,2648.77


208.17,6.54,0.67,2648.96


208.19,6.55,0.75,2649.17


208.20,6.54,0.67,2649.36


208.22,6.56,0.75,2649.58


208.24,6.55,0.78,2649.80


208.25,6.56,0.73,2650.00


208.27,6.56,0.78,2650.22


208.29,6.55,0.81,2650.45


208.30,6.57,0.81,2650.68


208.32,6.55,0.70,2650.87


208.34,6.54,0.73,2651.08


208.35,6.55,0.62,2651.25


208.37,6.56,0.67,2651.44


208.39,6.54,0.78,2651.66


208.41,6.55,0.78,2651.88


208.42,6.58,0.60,2652.05


208.44,6.54,0.91,2652.31


208.46,6.57,0.70,2652.51


208.47,6.55,0.81,2652.74


208.49,6.55,0.86,2652.98


208.51,6.55,0.65,2653.16


208.52,6.56,0.46,2653.29


208.54,6.55,0.78,2653.51


208.56,6.54,0.75,2653.72


208.57,6.56,0.75,2653.94


208.59,6.54,0.83,2654.17


208.61,6.54,0.78,2654.39


208.63,6.56,0.60,2654.56


208.64,6.54,0.67,2654.75


208.66,6.54,0.83,2654.98


208.68,6.55,0.81,2655.21


208.69,6.56,0.83,2655.45


208.71,6.53,0.81,2655.67


208.73,6.56,0.65,2655.86


208.74,6.54,0.70,2656.05


208.76,6.54,0.73,2656.26


208.78,6.54,0.81,2656.49


208.79,6.54,0.78,2656.71


208.81,6.55,0.89,2656.96


208.83,6.54,0.75,2657.17


208.85,6.56,0.83,2657.40


208.86,6.54,0.83,2657.64


208.88,6.54,0.83,2657.87


208.90,6.55,0.75,2658.09


208.91,6.56,0.65,2658.27


208.93,6.57,0.91,2658.53


208.95,6.56,0.86,2658.77


208.96,6.55,0.81,2659.00


208.98,6.55,0.73,2659.20


209.00,6.58,0.78,2659.42


209.01,6.54,0.86,2659.66


209.03,6.51,0.78,2659.88


209.05,6.55,0.78,2660.10


209.07,6.53,0.75,2660.32


209.08,6.57,0.86,2660.56


209.10,6.56,0.83,2660.79


209.12,6.54,0.70,2660.99


209.13,6.54,0.83,2661.23


209.15,6.54,0.67,2661.42


209.17,6.54,0.75,2661.63


209.18,6.53,0.62,2661.80


209.20,6.56,0.78,2662.02


209.22,6.56,0.67,2662.22


209.23,6.55,0.78,2662.44


209.25,6.56,0.73,2662.64


209.27,6.54,0.70,2662.84


209.29,6.54,0.75,2663.05


209.30,6.54,0.83,2663.29


209.32,6.53,0.78,2663.51


209.34,6.55,0.83,2663.74


209.35,6.55,0.75,2663.95


209.37,6.54,0.70,2664.15


209.39,6.56,0.65,2664.33


209.40,6.54,0.83,2664.57


209.42,6.55,0.73,2664.77


209.44,6.54,0.78,2664.99


209.45,6.56,0.78,2665.21


209.47,6.56,0.73,2665.42


209.49,6.54,0.86,2665.66


209.51,6.55,0.78,2665.88


209.52,6.53,0.57,2666.04


209.54,6.55,0.62,2666.22


209.56,6.54,0.60,2666.39


209.57,6.56,0.62,2666.56


209.59,6.55,0.65,2666.74


209.61,6.55,0.73,2666.95


209.62,6.52,0.81,2667.18


209.64,6.55,0.94,2667.44


209.66,6.53,0.70,2667.64


209.67,6.56,0.91,2667.90


209.69,6.54,0.67,2668.09


209.71,6.57,0.78,2668.31


209.73,6.55,0.70,2668.50


209.74,6.55,0.78,2668.72


209.76,6.53,0.70,2668.92


209.78,6.54,0.81,2669.15


209.79,6.54,0.81,2669.38


209.81,6.55,0.81,2669.60


209.83,6.55,0.60,2669.77


209.84,6.52,0.73,2669.98


209.86,6.54,0.62,2670.15


209.88,6.54,0.73,2670.36


209.89,6.54,0.65,2670.54


209.91,6.55,1.02,2670.83


209.93,6.54,0.65,2671.01


209.95,6.51,0.65,2671.19


209.96,6.54,0.75,2671.40


209.98,6.54,0.81,2671.63


210.00,6.54,0.78,2671.85


210.01,6.54,0.78,2672.07


210.03,6.53,0.67,2672.26


210.05,6.54,0.67,2672.45


210.06,6.55,0.73,2672.66


210.08,6.52,0.67,2672.85


210.10,6.53,0.78,2673.07


210.11,6.57,0.86,2673.31


210.13,6.53,0.78,2673.53


210.15,6.55,0.70,2673.73


210.17,6.52,0.75,2673.94


210.18,6.53,0.78,2674.16


210.20,6.54,0.67,2674.35


210.22,6.53,0.83,2674.59


210.23,6.53,0.81,2674.81


210.25,6.55,0.78,2675.03


210.27,6.54,0.86,2675.28


210.28,6.54,0.67,2675.47


210.30,6.52,0.70,2675.66


210.32,6.53,0.78,2675.88


210.33,6.54,0.70,2676.08


210.35,6.52,0.70,2676.28


210.37,6.53,0.73,2676.49


210.39,6.52,0.78,2676.71


210.40,6.53,0.75,2676.92


210.42,6.55,0.73,2677.12


210.44,6.52,0.81,2677.35


210.45,6.54,0.86,2677.59


210.47,6.54,0.86,2677.83


210.49,6.52,0.81,2678.06


210.50,6.54,0.65,2678.24


210.52,6.52,0.57,2678.41


210.54,6.53,0.86,2678.65


210.55,6.52,0.81,2678.88


210.57,6.54,0.86,2679.12


210.59,6.55,0.75,2679.33


210.61,6.55,0.75,2679.54


210.62,6.53,0.86,2679.79


210.64,6.55,0.78,2680.01


210.66,6.53,0.78,2680.23


210.67,6.52,0.86,2680.47


210.69,6.55,0.65,2680.65


210.71,6.54,0.67,2680.84


210.72,6.54,0.78,2681.06


210.74,6.55,0.67,2681.25


210.76,6.51,0.75,2681.47


210.77,6.53,0.67,2681.66


210.79,6.54,0.91,2681.91


210.81,6.51,0.89,2682.16


210.83,6.54,0.75,2682.38


210.84,6.52,0.73,2682.58


210.86,6.54,0.70,2682.78


210.88,6.53,0.67,2682.97


210.89,6.51,0.62,2683.14


210.91,6.53,0.75,2683.36


210.93,6.52,0.73,2683.56


210.94,6.54,0.83,2683.80


210.96,6.52,0.78,2684.02


210.98,6.52,0.75,2684.23


210.99,6.53,0.75,2684.44


211.01,6.53,0.67,2684.63


211.03,6.53,0.75,2684.84


211.05,6.52,0.86,2685.09


211.06,6.53,0.75,2685.30


211.08,6.52,0.91,2685.56


211.10,6.53,0.65,2685.74


211.11,6.52,0.75,2685.95


211.13,6.52,0.70,2686.15


211.15,6.53,0.75,2686.36


211.16,6.51,0.70,2686.56


211.18,6.52,0.75,2686.77


211.20,6.51,0.67,2686.96


211.21,6.54,0.81,2687.19


211.23,6.50,0.65,2687.37


211.25,6.52,0.83,2687.61


211.27,6.52,0.83,2687.84


211.28,6.51,0.65,2688.02


211.30,6.53,0.78,2688.25


211.32,6.51,0.86,2688.49


211.33,6.51,0.75,2688.70


211.35,6.50,0.78,2688.92


211.37,6.53,0.73,2689.13


211.38,6.52,0.78,2689.35


211.40,6.50,0.86,2689.59


211.42,6.50,0.81,2689.81


211.43,6.51,0.81,2690.04


211.45,6.51,0.78,2690.26


211.47,6.50,0.78,2690.48


211.49,6.51,0.70,2690.68


211.50,6.53,0.89,2690.93


211.52,6.50,0.57,2691.09


211.54,6.51,0.78,2691.31


211.55,6.51,0.67,2691.50


211.57,6.50,0.75,2691.71


211.59,6.50,0.73,2691.92


211.60,6.51,0.83,2692.15


211.62,6.51,0.67,2692.34


211.64,6.51,0.65,2692.53


211.65,6.52,0.75,2692.74


211.67,6.50,0.94,2693.00


211.69,6.50,0.67,2693.19


211.71,6.50,0.81,2693.42


211.72,6.50,0.83,2693.66


211.74,6.50,0.62,2693.83


211.76,6.52,0.73,2694.04


211.77,6.53,0.75,2694.25


211.79,6.52,0.73,2694.45


211.81,6.50,0.70,2694.65


211.82,6.51,0.62,2694.83


211.84,6.51,0.83,2695.06


211.86,6.51,0.73,2695.27


211.87,6.52,0.83,2695.50


211.89,6.51,0.78,2695.72


211.91,6.51,0.78,2695.94


211.93,6.48,0.73,2696.15


211.94,6.52,0.60,2696.32


211.96,6.52,0.94,2696.58


211.98,6.52,0.75,2696.79


211.99,6.52,0.83,2697.03


212.01,6.51,0.83,2697.26


212.03,6.50,0.67,2697.45


212.04,6.51,0.62,2697.63


212.06,6.53,0.86,2697.87


212.08,6.49,0.70,2698.07


212.09,6.50,0.75,2698.28


212.11,6.53,0.78,2698.50


212.13,6.50,0.62,2698.68


212.15,6.52,0.83,2698.91


212.16,6.53,0.86,2699.15


212.18,6.50,0.75,2699.37


212.20,6.48,0.89,2699.62


212.21,6.49,0.81,2699.84


212.23,6.51,0.70,2700.04


212.25,6.50,0.83,2700.28


212.26,6.52,0.67,2700.47


212.28,6.49,0.73,2700.67


212.30,6.49,0.83,2700.91


212.31,6.51,0.83,2701.14


212.33,6.48,0.62,2701.32


212.35,6.50,0.86,2701.56


212.37,6.50,0.96,2701.83


212.38,6.49,0.78,2702.05


212.40,6.50,0.78,2702.27


212.42,6.49,0.75,2702.48


212.43,6.50,0.62,2702.66


212.45,6.50,0.75,2702.87


212.47,6.50,0.81,2703.10


212.48,6.50,0.67,2703.29


212.50,6.49,0.67,2703.48


212.52,6.50,0.65,2703.66


212.53,6.48,0.70,2703.86


212.55,6.51,0.78,2704.08


212.57,6.48,0.62,2704.25


212.59,6.50,0.89,2704.50


212.60,6.48,0.78,2704.72


212.62,6.47,0.67,2704.92


212.64,6.50,0.70,2705.11


212.65,6.48,0.75,2705.32


212.67,6.50,0.78,2705.54


212.69,6.49,0.83,2705.78


212.70,6.51,0.83,2706.01


212.72,6.51,0.73,2706.22


212.74,6.50,0.67,2706.41


212.75,6.50,0.78,2706.63


212.77,6.51,0.67,2706.82


212.79,6.48,0.78,2707.04


212.81,6.50,0.78,2707.26


212.82,6.48,0.70,2707.46


212.84,6.52,0.73,2707.66


212.86,6.50,0.62,2707.84


212.87,6.48,0.86,2708.08


212.89,6.50,0.81,2708.31


212.91,6.52,0.83,2708.54


212.92,6.51,0.73,2708.75


212.94,6.47,0.54,2708.90


212.96,6.48,0.70,2709.10


212.98,6.48,0.86,2709.34


212.99,6.50,0.75,2709.56


213.01,6.46,0.91,2709.81


213.03,6.48,0.60,2709.98


213.04,6.48,0.62,2710.16


213.06,6.51,0.75,2710.37


213.08,6.48,0.78,2710.59


213.09,6.47,0.67,2710.78


213.11,6.50,0.81,2711.01


213.13,6.48,0.78,2711.23


213.14,6.50,0.94,2711.49


213.16,6.47,0.81,2711.72


213.18,6.48,0.86,2711.96


213.20,6.50,0.67,2712.15


213.21,6.49,0.86,2712.39


213.23,6.50,0.67,2712.58


213.25,6.48,1.02,2712.87


213.26,6.50,0.62,2713.05


213.28,6.49,0.73,2713.25


213.30,6.48,0.81,2713.48


213.31,6.48,0.89,2713.73


213.33,6.48,0.67,2713.92


213.35,6.49,0.89,2714.17


213.36,6.50,0.81,2714.40


213.38,6.50,0.75,2714.61


213.40,6.49,0.81,2714.84


213.42,6.47,0.73,2715.04


213.43,6.48,0.70,2715.24


213.45,6.52,0.78,2715.46


213.47,6.46,0.62,2715.63


213.48,6.49,0.83,2715.87


213.50,6.48,0.73,2716.07


213.52,6.48,0.70,2716.27


213.53,6.49,0.75,2716.48


213.55,6.48,0.83,2716.72


213.57,6.49,0.78,2716.94


213.58,6.47,0.73,2717.14


213.60,6.46,0.78,2717.36


213.62,6.47,0.73,2717.57


213.64,6.46,0.89,2717.82


213.65,6.48,0.73,2718.02


213.67,6.46,0.94,2718.29


213.69,6.49,0.67,2718.48


213.70,6.48,0.83,2718.71


213.72,6.46,0.89,2718.96


213.74,6.44,0.86,2719.21


213.75,6.46,0.86,2719.45


213.77,6.47,0.65,2719.63


213.79,6.47,0.73,2719.84


213.80,6.48,0.73,2720.04


213.82,6.47,0.65,2720.22


213.84,6.47,0.67,2720.41


213.86,6.47,0.75,2720.63


213.87,6.47,0.78,2720.85


213.89,6.45,0.75,2721.06


213.91,6.46,0.78,2721.28


213.92,6.46,0.73,2721.49


213.94,6.47,0.62,2721.66


213.96,6.45,0.73,2721.87


213.97,6.45,0.73,2722.07


213.99,6.45,0.67,2722.26


214.01,6.48,0.78,2722.48


214.02,6.46,0.78,2722.70


214.04,6.46,0.70,2722.90


214.06,6.48,0.67,2723.09


214.08,6.47,0.67,2723.28


214.09,6.46,0.89,2723.53


214.11,6.47,0.67,2723.72


214.13,6.47,0.89,2723.97


214.14,6.46,0.70,2724.17


214.16,6.46,0.73,2724.37


214.18,6.43,0.78,2724.59


214.19,6.48,0.83,2724.83


214.21,6.46,0.65,2725.01


214.23,6.48,0.86,2725.25


214.24,6.44,0.83,2725.49


214.26,6.46,0.65,2725.67


214.28,6.46,0.75,2725.88


214.30,6.47,0.65,2726.06


214.31,6.48,0.70,2726.26


214.33,6.47,0.60,2726.43


214.35,6.45,0.67,2726.62


214.36,6.48,0.78,2726.84


214.38,6.44,0.67,2727.03


214.40,6.46,0.75,2727.24


214.41,6.46,0.70,2727.44


214.43,6.46,0.86,2727.68


214.45,6.47,0.78,2727.90


214.46,6.47,0.57,2728.06


214.48,6.47,0.73,2728.27


214.50,6.46,0.78,2728.49


214.52,6.44,0.81,2728.72


214.53,6.46,0.83,2728.95


214.55,6.46,0.70,2729.15


214.57,6.45,0.96,2729.42


214.58,6.46,0.81,2729.65


214.60,6.47,0.57,2729.81


214.62,6.46,0.60,2729.98


214.63,6.44,0.65,2730.16


214.65,6.48,0.60,2730.33


214.67,6.46,0.70,2730.52


214.68,6.45,0.67,2730.72


214.70,6.44,0.78,2730.94


214.72,6.45,0.89,2731.19


214.74,6.46,0.86,2731.43


214.75,6.46,0.83,2731.66


214.77,6.45,0.67,2731.85


214.79,6.46,0.83,2732.09


214.80,6.46,0.83,2732.32


214.82,6.46,0.81,2732.55


214.84,6.46,0.81,2732.78


214.85,6.44,0.67,2732.97


214.87,6.44,0.75,2733.18


214.89,6.46,0.67,2733.37


214.90,6.44,0.65,2733.55


214.92,6.44,0.70,2733.75


214.94,6.45,0.78,2733.97


214.96,6.44,0.73,2734.18


214.97,6.46,0.70,2734.37


214.99,6.43,0.62,2734.55


215.01,6.43,0.65,2734.73


215.02,6.44,0.73,2734.94


215.04,6.46,0.67,2735.13


215.06,6.45,0.86,2735.37


215.07,6.44,0.94,2735.63


215.09,6.43,0.75,2735.85


215.11,6.45,0.78,2736.07


215.12,6.42,0.70,2736.26


215.14,6.45,0.67,2736.45


215.16,6.44,0.83,2736.69


215.18,6.46,0.67,2736.88


215.19,6.44,0.91,2737.14


215.21,6.44,1.04,2737.43


215.23,6.44,0.81,2737.66


215.24,6.42,0.75,2737.87


215.26,6.44,0.83,2738.11


215.28,6.43,0.73,2738.31


215.29,6.40,0.65,2738.49


215.31,6.42,0.83,2738.73


215.33,6.41,0.65,2738.91


215.34,6.43,0.86,2739.15


215.36,6.45,0.91,2739.41


215.38,6.44,0.78,2739.63


215.40,6.44,0.67,2739.82


215.41,6.44,0.78,2740.04


215.43,6.40,0.67,2740.23


215.45,6.42,0.70,2740.43


215.46,6.44,0.83,2740.66


215.48,6.43,0.65,2740.85


215.50,6.42,0.91,2741.10


215.51,6.44,0.70,2741.30


215.53,6.40,0.65,2741.48


215.55,6.43,0.73,2741.69


215.56,6.42,0.70,2741.89


215.58,6.42,0.67,2742.08


215.60,6.44,0.81,2742.31


215.62,6.42,0.75,2742.52


215.63,6.42,0.62,2742.69


215.65,6.43,0.89,2742.94


215.67,6.44,0.70,2743.14


215.68,6.42,0.75,2743.35


215.70,6.42,0.78,2743.57


215.72,6.42,0.73,2743.78


215.73,6.41,0.57,2743.94


215.75,6.43,0.83,2744.17


215.77,6.40,0.70,2744.37


215.78,6.40,0.54,2744.52


215.80,6.41,0.70,2744.72


215.82,6.40,0.83,2744.96


215.84,6.43,0.89,2745.21


215.85,6.42,0.78,2745.43


215.87,6.41,0.54,2745.58


215.89,6.40,0.73,2745.79


215.90,6.41,0.65,2745.97


215.92,6.41,0.86,2746.21


215.94,6.42,0.78,2746.43


215.95,6.42,0.57,2746.59


215.97,6.41,0.89,2746.84


215.99,6.42,0.75,2747.05


216.00,6.41,0.78,2747.27


216.02,6.40,0.75,2747.49


216.04,6.42,0.78,2747.71


216.06,6.40,0.65,2747.89


216.07,6.42,0.89,2748.14


216.09,6.42,0.65,2748.32


216.11,6.39,0.75,2748.53


216.12,6.39,0.70,2748.73


216.14,6.40,0.65,2748.91


216.16,6.40,0.75,2749.13


216.17,6.41,0.75,2749.34


216.19,6.42,0.91,2749.60


216.21,6.42,0.67,2749.79


216.22,6.40,0.73,2749.99


216.24,6.40,0.67,2750.18


216.26,6.42,0.75,2750.39


216.28,6.40,0.78,2750.61


216.29,6.41,0.65,2750.80


216.31,6.42,0.83,2751.03


216.33,6.41,0.73,2751.24


216.34,6.39,0.73,2751.44


216.36,6.42,0.81,2751.67


216.38,6.42,0.86,2751.91


216.39,6.38,0.94,2752.18


216.41,6.40,0.83,2752.41


216.43,6.41,0.81,2752.64


216.44,6.40,0.81,2752.87


216.46,6.38,0.81,2753.09


216.48,6.38,0.73,2753.30


216.50,6.42,0.73,2753.50


216.51,6.42,0.67,2753.69


216.53,6.39,0.65,2753.88


216.55,6.39,0.70,2754.07


216.56,6.42,0.83,2754.31


216.58,6.39,0.70,2754.51


216.60,6.38,0.67,2754.70


216.61,6.42,0.73,2754.90


216.63,6.42,0.75,2755.12


216.65,6.41,0.67,2755.31


216.66,6.38,0.81,2755.53


216.68,6.38,0.60,2755.70


216.70,6.40,0.83,2755.94


216.72,6.38,0.67,2756.13


216.73,6.40,0.81,2756.35


216.75,6.40,0.67,2756.54


216.77,6.37,0.65,2756.73


216.78,6.37,0.75,2756.94


216.80,6.39,0.75,2757.15


216.82,6.36,0.67,2757.34


216.83,6.40,0.75,2757.55


216.85,6.37,0.86,2757.80


216.87,6.37,0.70,2757.99


216.88,6.39,0.67,2758.19


216.90,6.36,0.70,2758.38


216.92,6.40,0.78,2758.60


216.94,6.38,0.73,2758.81


216.95,6.39,0.94,2759.07


216.97,6.38,0.73,2759.28


216.99,6.36,0.75,2759.49


217.00,6.41,0.81,2759.72


217.02,6.39,0.75,2759.93


217.04,6.38,0.70,2760.13


217.05,6.39,0.81,2760.36


217.07,6.39,0.78,2760.58


217.09,6.40,0.70,2760.77


217.10,6.38,0.65,2760.96


217.12,6.37,0.75,2761.17


217.14,6.37,0.73,2761.37


217.16,6.38,0.78,2761.59


217.17,6.37,0.83,2761.83


217.19,6.36,0.57,2761.99


217.21,6.38,0.73,2762.19


217.22,6.37,0.73,2762.40


217.24,6.38,0.81,2762.63


217.26,6.39,0.67,2762.82


217.27,6.38,0.65,2763.00


217.29,6.38,0.75,2763.21


217.31,6.38,0.81,2763.44


217.32,6.38,0.78,2763.66


217.34,6.37,0.70,2763.86


217.36,6.38,0.78,2764.08


217.38,6.34,0.94,2764.34


217.39,6.38,0.73,2764.55


217.41,6.38,0.83,2764.78


217.43,6.36,0.73,2764.99


217.44,6.37,0.83,2765.22


217.46,6.35,0.94,2765.49


217.48,6.35,0.89,2765.74


217.49,6.34,0.62,2765.91


217.51,6.36,0.67,2766.10


217.53,6.36,0.70,2766.30


217.54,6.36,0.75,2766.51


217.56,6.38,0.81,2766.74


217.58,6.35,0.60,2766.91


217.60,6.37,0.62,2767.08


217.61,6.36,0.67,2767.27


217.63,6.35,0.73,2767.48


217.65,6.37,0.65,2767.66


217.66,6.34,0.62,2767.84


217.68,6.35,0.89,2768.09


217.70,6.37,0.75,2768.30


217.71,6.37,0.81,2768.53


217.73,6.36,0.81,2768.75


217.75,6.38,0.81,2768.98


217.76,6.36,0.86,2769.22


217.78,6.37,0.60,2769.39


217.80,6.36,0.75,2769.60


217.82,6.37,0.65,2769.79


217.83,6.36,0.78,2770.01


217.85,6.35,0.70,2770.20


217.87,6.36,0.75,2770.42


217.88,6.34,0.75,2770.63


217.90,6.36,0.70,2770.83


217.92,6.34,0.73,2771.03


217.93,6.32,0.54,2771.19


217.95,6.34,0.86,2771.43


217.97,6.36,0.75,2771.64


217.98,6.34,0.83,2771.88


218.00,6.34,0.78,2772.10


218.02,6.32,0.75,2772.31


218.04,6.36,0.75,2772.52


218.05,6.37,0.65,2772.70


218.07,6.34,0.67,2772.89


218.09,6.36,0.70,2773.09


218.10,6.36,0.62,2773.27


218.12,6.35,0.75,2773.48


218.14,6.34,0.78,2773.70


218.15,6.34,0.75,2773.91


218.17,6.34,0.67,2774.10


218.19,6.34,0.70,2774.30


218.20,6.35,0.70,2774.50


218.22,6.33,0.75,2774.71


218.24,6.32,0.75,2774.92


218.26,6.34,0.73,2775.13


218.27,6.30,0.78,2775.35


218.29,6.33,0.81,2775.58


218.31,6.34,0.86,2775.82


218.32,6.35,0.60,2775.99


218.34,6.32,0.65,2776.17


218.36,6.33,0.60,2776.34


218.37,6.34,0.78,2776.56


218.39,6.34,0.78,2776.78


218.41,6.33,0.65,2776.96


218.42,6.36,0.83,2777.19


218.44,6.31,0.70,2777.39


218.46,6.33,0.75,2777.60


218.48,6.34,0.73,2777.81


218.49,6.32,0.81,2778.04


218.51,6.35,0.54,2778.19


218.53,6.34,0.65,2778.37


218.54,6.30,0.67,2778.56


218.56,6.30,0.60,2778.73


218.58,6.33,0.78,2778.95


218.59,6.31,0.78,2779.17


218.61,6.33,0.75,2779.38


218.63,6.32,0.75,2779.60


218.64,6.34,0.70,2779.79


218.66,6.32,0.67,2779.98


218.68,6.32,0.62,2780.16


218.70,6.32,0.81,2780.39


218.71,6.34,0.70,2780.58


218.73,6.32,0.83,2780.82


218.75,6.32,0.67,2781.01


218.76,6.33,0.75,2781.22


218.78,6.32,0.81,2781.45


218.80,6.33,0.73,2781.66


218.81,6.33,0.78,2781.88


218.83,6.32,0.89,2782.12


218.85,6.32,0.73,2782.33


218.86,6.31,0.67,2782.52


218.88,6.31,0.78,2782.74


218.90,6.29,0.75,2782.95


218.92,6.31,0.60,2783.12


218.93,6.32,0.70,2783.32


218.95,6.32,0.65,2783.50


218.97,6.30,0.75,2783.71


218.98,6.33,0.96,2783.99


219.00,6.31,0.67,2784.18


219.02,6.31,0.60,2784.34


219.03,6.30,0.75,2784.56


219.05,6.30,0.67,2784.75


219.07,6.29,0.81,2784.97


219.08,6.32,0.70,2785.17


219.10,6.27,0.86,2785.41


219.12,6.30,0.75,2785.63


219.14,6.30,0.73,2785.83


219.15,6.32,0.62,2786.01


219.17,6.29,0.67,2786.20


219.19,6.29,0.75,2786.41


219.20,6.30,0.73,2786.61


219.22,6.27,0.73,2786.82


219.24,6.29,0.65,2787.00


219.25,6.29,0.78,2787.22


219.27,6.30,0.94,2787.49


219.29,6.28,0.62,2787.66


219.30,6.30,0.70,2787.86


219.32,6.30,0.62,2788.04


219.34,6.28,0.78,2788.26


219.36,6.29,0.67,2788.45


219.37,6.30,0.73,2788.65


219.39,6.28,0.67,2788.84


219.41,6.30,0.78,2789.06


219.42,6.29,0.83,2789.30


219.44,6.29,0.65,2789.48


219.46,6.28,0.78,2789.70


219.47,6.26,0.67,2789.89


219.49,6.31,0.83,2790.12


219.51,6.26,0.70,2790.32


219.52,6.29,0.81,2790.55


219.54,6.29,0.86,2790.79


219.56,6.29,0.73,2791.00


219.58,6.28,0.67,2791.19


219.59,6.28,0.81,2791.41


219.61,6.27,0.96,2791.69


219.63,6.28,0.73,2791.89


219.64,6.28,0.78,2792.11


219.66,6.28,0.81,2792.34


219.68,6.28,0.78,2792.56


219.69,6.28,0.81,2792.79


219.71,6.29,0.83,2793.02


219.73,6.26,0.67,2793.21


219.74,6.28,0.73,2793.42


219.76,6.26,0.67,2793.61


219.78,6.28,0.89,2793.86


219.80,6.26,0.75,2794.07


219.81,6.27,0.65,2794.25


219.83,6.26,0.67,2794.44


219.85,6.28,0.75,2794.66


219.86,6.26,0.75,2794.87


219.88,6.26,0.81,2795.10


219.90,6.25,0.75,2795.31


219.91,6.25,0.67,2795.50


219.93,6.27,0.75,2795.71


219.95,6.25,0.67,2795.90


219.96,6.25,0.62,2796.08


219.98,6.26,0.89,2796.33


220.00,6.26,0.73,2796.53


220.02,6.25,0.73,2796.74


220.03,6.26,0.78,2796.96


220.05,6.25,0.67,2797.15


220.07,6.28,0.67,2797.34


220.08,6.26,0.78,2797.56


220.10,6.27,0.73,2797.76


220.12,6.26,0.73,2797.97


220.13,6.24,0.86,2798.21


220.15,6.27,0.57,2798.37


220.17,6.26,0.81,2798.60


220.18,6.25,0.70,2798.80


220.20,6.22,0.78,2799.02


220.22,6.26,0.83,2799.25


220.24,6.25,0.70,2799.45


220.25,6.22,0.65,2799.63


220.27,6.25,0.75,2799.84


220.29,6.26,0.75,2800.06


220.30,6.22,0.73,2800.26


220.32,6.25,0.75,2800.47


220.34,6.24,0.78,2800.69


220.35,6.23,0.67,2800.88


220.37,6.24,0.75,2801.10


220.39,6.25,0.67,2801.29


220.40,6.25,0.75,2801.50


220.42,6.24,0.75,2801.71


220.44,6.24,0.83,2801.95


220.46,6.24,0.75,2802.16


220.47,6.25,0.89,2802.41


220.49,6.26,0.73,2802.62


220.51,6.25,0.89,2802.87


220.52,6.24,0.73,2803.07


220.54,6.22,0.60,2803.24


220.56,6.23,0.73,2803.44


220.57,6.23,0.62,2803.62


220.59,6.23,0.73,2803.82


220.61,6.24,0.70,2804.02


220.62,6.24,0.65,2804.20


220.64,6.22,0.75,2804.42


220.66,6.23,0.70,2804.61


220.68,6.23,0.86,2804.86


220.69,6.24,0.81,2805.08


220.71,6.22,0.65,2805.27


220.73,6.21,0.65,2805.45


220.74,6.21,0.70,2805.65


220.76,6.22,0.78,2805.87


220.78,6.24,0.83,2806.10


220.79,6.21,0.67,2806.29


220.81,6.22,0.70,2806.49


220.83,6.22,0.73,2806.70


220.84,6.22,0.78,2806.92


220.86,6.23,0.70,2807.11


220.88,6.21,0.81,2807.34


220.90,6.22,0.67,2807.53


220.91,6.22,0.75,2807.74


220.93,6.21,0.60,2807.91


220.95,6.22,0.81,2808.14


220.96,6.20,0.65,2808.32


220.98,6.20,0.73,2808.53


221.00,6.22,0.60,2808.69


221.01,6.20,0.75,2808.91


221.03,6.20,0.57,2809.07


221.05,6.19,0.75,2809.28


221.06,6.21,0.70,2809.48


221.08,6.21,0.73,2809.68


221.10,6.20,0.67,2809.87


221.12,6.20,0.62,2810.05


221.13,6.20,0.73,2810.25


221.15,6.20,0.75,2810.47


221.17,6.20,0.62,2810.64


221.18,6.19,0.60,2810.81


221.20,6.19,0.60,2810.98


221.22,6.21,0.89,2811.23


221.23,6.20,0.60,2811.39


221.25,6.19,0.86,2811.64


221.27,6.17,0.89,2811.89


221.28,6.18,0.70,2812.08


221.30,6.18,0.75,2812.30


221.32,6.18,0.67,2812.49


221.34,6.18,0.73,2812.69


221.35,6.19,0.83,2812.93


221.37,6.18,0.70,2813.12


221.39,6.17,0.78,2813.34


221.40,6.18,0.78,2813.56


221.42,6.17,0.81,2813.79


221.44,6.18,0.67,2813.98


221.45,6.18,0.81,2814.21


221.47,6.17,0.94,2814.47


221.49,6.18,0.67,2814.66


221.50,6.18,0.83,2814.90


221.52,6.19,0.67,2815.09


221.54,6.18,0.75,2815.30


221.56,6.17,0.75,2815.51


221.57,6.18,0.78,2815.73


221.59,6.20,0.78,2815.95


221.61,6.17,0.52,2816.10


221.62,6.16,0.81,2816.33


221.64,6.16,0.67,2816.52


221.66,6.14,0.78,2816.74


221.67,6.18,0.65,2816.92


221.69,6.16,0.78,2817.14


221.71,6.14,0.83,2817.38


221.72,6.16,0.60,2817.54


221.74,6.16,0.86,2817.79


221.76,6.17,0.75,2818.00


221.78,6.16,0.70,2818.20


221.79,6.16,0.67,2818.39


221.81,6.15,0.67,2818.58


221.83,6.16,0.70,2818.77


221.84,6.16,0.62,2818.95


221.86,6.15,0.91,2819.21


221.88,6.17,0.73,2819.41


221.89,6.15,0.75,2819.62


221.91,6.15,0.75,2819.84


221.93,6.16,0.83,2820.07


221.94,6.15,0.81,2820.30


221.96,6.15,0.91,2820.56


221.98,6.15,0.65,2820.74


222.00,6.14,0.62,2820.91


222.01,6.13,0.75,2821.13


222.03,6.14,0.65,2821.31


222.05,6.15,0.62,2821.49


222.06,6.15,0.67,2821.68


222.08,6.12,0.78,2821.90


222.10,6.12,0.57,2822.06


222.11,6.14,0.73,2822.26


222.13,6.14,0.70,2822.46


222.15,6.13,0.62,2822.63


222.16,6.14,0.81,2822.86


222.18,6.14,0.67,2823.05


222.20,6.13,0.73,2823.26


222.22,6.14,0.81,2823.48


222.23,6.14,0.62,2823.66


222.25,6.11,0.52,2823.80


222.27,6.13,0.70,2824.00


222.28,6.12,0.75,2824.22


222.30,6.14,0.75,2824.43


222.32,6.12,0.62,2824.60


222.33,6.12,0.60,2824.77


222.35,6.11,0.81,2825.00


222.37,6.13,0.89,2825.25


222.38,6.11,0.67,2825.44


222.40,6.13,0.67,2825.63


222.42,6.13,0.62,2825.80


222.44,6.12,0.67,2825.99


222.45,6.10,0.78,2826.22


222.47,6.10,0.75,2826.43


222.49,6.10,0.54,2826.58


222.50,6.10,0.60,2826.75


222.52,6.11,0.65,2826.93


222.54,6.11,0.57,2827.09


222.55,6.11,0.65,2827.27


222.57,6.11,0.62,2827.45


222.59,6.07,0.62,2827.62


222.61,6.10,0.75,2827.84


222.62,6.09,0.94,2828.10


222.64,6.09,0.60,2828.27


222.66,6.10,0.81,2828.50


222.67,6.09,0.70,2828.70


222.69,6.09,0.70,2828.89


222.71,6.10,0.75,2829.11


222.72,6.08,0.67,2829.30


222.74,6.08,0.70,2829.49


222.76,6.10,0.89,2829.74


222.77,6.09,0.73,2829.95


222.79,6.08,0.65,2830.13


222.81,6.06,0.65,2830.31


222.83,6.09,0.65,2830.50


222.84,6.07,0.62,2830.67


222.86,6.09,0.62,2830.85


222.88,6.07,0.78,2831.07


222.89,6.07,0.73,2831.27


222.91,6.04,0.65,2831.45


222.93,6.07,0.67,2831.65


222.94,6.06,0.65,2831.83


222.96,6.08,0.75,2832.04


222.98,6.07,0.62,2832.22


222.99,6.07,0.91,2832.47


223.01,6.06,0.73,2832.68


223.03,6.06,0.65,2832.86


223.05,6.06,0.78,2833.08


223.06,6.06,0.70,2833.28


223.08,6.06,0.65,2833.46


223.10,6.04,0.75,2833.68


223.11,6.05,0.67,2833.87


223.13,6.06,0.89,2834.12


223.15,6.06,0.57,2834.28


223.16,6.06,0.62,2834.45


223.18,6.03,0.62,2834.63


223.20,6.03,0.75,2834.84


223.21,6.04,0.70,2835.04


223.23,6.04,0.81,2835.26


223.25,6.04,0.67,2835.45


223.27,6.06,0.67,2835.64


223.28,6.02,0.67,2835.83


223.30,6.04,0.70,2836.03


223.32,6.04,0.86,2836.27


223.33,6.02,0.65,2836.46


223.35,6.02,0.75,2836.67


223.37,6.02,0.62,2836.84


223.38,6.03,0.83,2837.08


223.40,6.00,0.73,2837.29